entry_va,size_bytes,evidence
0x0002a900,62,data refs=1 first=0x00476274; flow-decoded 17 insns to ret; preceded by terminator
0x0002a940,182,data refs=1 first=0x00476284; flow-decoded 54 insns to ret; preceded by terminator
0x0002abe0,98,data refs=1 first=0x004762a4; flow-decoded 27 insns to ret; preceded by terminator
0x0002ac50,140,data refs=1 first=0x00476524; flow-decoded 40 insns to ret; preceded by terminator
0x0002ace0,113,data refs=1 first=0x004762c4; flow-decoded 30 insns to ret; preceded by terminator
0x0002ad60,196,data refs=1 first=0x004762b4; flow-decoded 58 insns to ret; preceded by terminator
0x0002ae30,211,data refs=1 first=0x00476304; flow-decoded 61 insns to ret; preceded by terminator
0x0002af10,151,data refs=1 first=0x004762e4; flow-decoded 41 insns to ret; preceded by terminator
0x0002afb0,252,data refs=1 first=0x00476314; flow-decoded 73 insns to ret; preceded by terminator
0x0002b0b0,84,data refs=1 first=0x00476344; flow-decoded 23 insns to ret; preceded by terminator
0x0002b110,182,data refs=1 first=0x00476354; flow-decoded 54 insns to ret; preceded by terminator
0x0002b1d0,472,data refs=1 first=0x00476364; flow-decoded 121 insns to jmp+ret; preceded by terminator
0x0002b3b0,219,"data refs=2 first=0x00476360,0x00476370; flow-decoded 55 insns to jmp+ret; preceded by terminator"
0x0002b490,568,data refs=1 first=0x00476374; flow-decoded 151 insns to jmp+ret; preceded by terminator
0x0002b6d0,68,"data refs=2 first=0x00476368,0x00476378; flow-decoded 21 insns to ret+tail_jmp; preceded by terminator"
0x0002b720,22,data refs=1 first=0x00476380; flow-decoded 9 insns to ret; preceded by terminator
0x0002b740,72,data refs=1 first=0x00476388; flow-decoded 21 insns to ret+tail_jmp; preceded by terminator
0x0002b790,285,data refs=1 first=0x004762f4; flow-decoded 78 insns to ret; preceded by terminator
0x0002b8b0,62,data refs=1 first=0x004762f8; flow-decoded 18 insns to tail_jmp; preceded by terminator
0x0002b900,314,data refs=1 first=0x00476334; flow-decoded 88 insns to ret; preceded by terminator
0x0002ba40,58,data refs=1 first=0x00476338; flow-decoded 18 insns to ret; preceded by terminator
0x0002bc90,333,data refs=1 first=0x004764b4; flow-decoded 92 insns to jmp+ret; preceded by terminator
0x0002bde0,74,"data refs=2 first=0x00476398,0x004764b8; flow-decoded 21 insns to ret; preceded by terminator"
0x0002be30,147,data refs=1 first=0x004763a4; flow-decoded 37 insns to ret+tail_jmp; preceded by terminator
0x0002bed0,49,data refs=1 first=0x004763a8; flow-decoded 14 insns to tail_jmp; preceded by terminator
0x0002c1b0,273,data refs=1 first=0x004763c4; flow-decoded 63 insns to ret; preceded by terminator
0x0002c2d0,71,data refs=1 first=0x004763c8; flow-decoded 21 insns to tail_jmp; preceded by terminator
0x0002c400,31,"data refs=4 first=0x004763b8,0x004763d8; flow-decoded 11 insns to ret; preceded by terminator"
0x0002c420,62,data refs=1 first=0x004763e4; flow-decoded 17 insns to ret; preceded by terminator
0x0002c4d0,42,data refs=1 first=0x00476404; flow-decoded 12 insns to ret; preceded by terminator
0x0002c500,42,data refs=1 first=0x00476414; flow-decoded 12 insns to ret; preceded by terminator
0x0002c530,22,"data refs=2 first=0x00476408,0x00476418; flow-decoded 8 insns to ret; preceded by terminator"
0x0002c550,76,data refs=1 first=0x00476424; flow-decoded 21 insns to ret; preceded by terminator
0x0002c7d0,88,data refs=1 first=0x00476474; flow-decoded 22 insns to tail_jmp; preceded by terminator
0x0002c830,186,data refs=1 first=0x00476454; flow-decoded 47 insns to ret; preceded by terminator
0x0002c8f0,152,data refs=1 first=0x00476464; flow-decoded 51 insns to ret; preceded by terminator
0x0002cb90,155,data refs=1 first=0x004764a4; flow-decoded 43 insns to ret; preceded by terminator
0x0002cc30,111,data refs=1 first=0x004764c4; flow-decoded 32 insns to indirect_jmp+jmp+ret; preceded by terminator
0x0002ccc0,77,census 2026-10-07 indirect-call target (menu session 20261007-005808-menu); body decoded to ret or tail jmp; preceded by terminator or function end
0x0002cd10,119,data refs=1 first=0x00476514; flow-decoded 33 insns to ret; preceded by terminator
0x0002cd90,55,data refs=1 first=0x00476534; flow-decoded 14 insns to ret; preceded by terminator
0x0002cdd0,13,data refs=1 first=0x00476538; flow-decoded 5 insns to ret; preceded by terminator
0x0002cde0,40,data refs=1 first=0x00476544; flow-decoded 11 insns to ret; preceded by terminator
0x0002ce10,283,data refs=1 first=0x00476554; flow-decoded 74 insns to jmp+ret; preceded by terminator
0x0002cf30,52,data refs=1 first=0x00476558; flow-decoded 14 insns to ret; preceded by terminator
0x0002cf70,137,data refs=1 first=0x00476564; flow-decoded 37 insns to ret; preceded by terminator
0x0002d090,6,"data refs=2 first=0x004763b0,0x00476580; flow-decoded 2 insns to ret; preceded by terminator"
0x0002d0a0,453,data refs=1 first=0x00476584; flow-decoded 85 insns to jmp+ret; preceded by terminator
0x0002d270,31,data refs=1 first=0x004765d0; flow-decoded 7 insns to tail_jmp; preceded by terminator
0x0002d290,125,data refs=1 first=0x004765d4; flow-decoded 37 insns to indirect_jmp+ret+tail_jmp; preceded by terminator
0x0002d320,22,census 2026-10-07 indirect-call target (menu session 20261007-005808-menu); body decoded to ret or tail jmp; preceded by terminator or function end
0x0002d340,22,data refs=1 first=0x004764e4; flow-decoded 6 insns to tail_jmp; preceded by terminator
0x0002d360,22,data refs=1 first=0x004764f4; flow-decoded 6 insns to tail_jmp; preceded by terminator
0x0002d380,22,data refs=1 first=0x00476594; flow-decoded 6 insns to tail_jmp; preceded by terminator
0x0002d3a0,22,data refs=1 first=0x004765a4; flow-decoded 6 insns to tail_jmp; preceded by terminator
0x0002d3c0,22,data refs=1 first=0x004765b4; flow-decoded 6 insns to tail_jmp; preceded by terminator
0x0002da20,245,data refs=1 first=0x00541dc0; flow-decoded 57 insns to ret; preceded by terminator
0x0002db20,304,data refs=1 first=0x00541dc4; flow-decoded 67 insns to ret; preceded by terminator
0x0002dc50,11,data refs=1 first=0x00541dc8; flow-decoded 2 insns to ret; preceded by terminator
0x0002dc60,16,data refs=1 first=0x00541dcc; flow-decoded 3 insns to ret; preceded by terminator
0x0002dc70,77,data refs=1 first=0x00541dd4; flow-decoded 19 insns to ret; preceded by terminator
0x0002dcf0,107,data refs=1 first=0x00541de8; flow-decoded 31 insns to ret; preceded by terminator
0x0002dd60,338,data refs=1 first=0x00541dec; flow-decoded 103 insns to jmp+ret; preceded by terminator
0x0002dec0,85,data refs=1 first=0x00541df0; flow-decoded 19 insns to ret; preceded by terminator
0x0002df20,5,"data refs=2 first=0x00541df4,0x00541e64; flow-decoded 1 insns to tail_jmp; preceded by terminator"
0x0002e1d0,42,data refs=1 first=0x00541ddc; flow-decoded 17 insns to ret; preceded by terminator
0x0002e200,11,"data refs=2 first=0x00541ce0,0x00541e30; flow-decoded 2 insns to ret; preceded by terminator"
0x0002e210,16,"data refs=2 first=0x00541ce4,0x00541e34; flow-decoded 3 insns to ret; preceded by terminator"
0x0002e220,11,"data refs=2 first=0x00541ce8,0x00541e38; flow-decoded 2 insns to ret; preceded by terminator"
0x0002e230,16,"data refs=2 first=0x00541cec,0x00541e3c; flow-decoded 3 insns to ret; preceded by terminator"
0x0002e240,13,"data refs=2 first=0x00541cf0,0x00541e40; flow-decoded 4 insns to ret; preceded by terminator"
0x0002e250,32,"data refs=2 first=0x00541cf4,0x00541e44; flow-decoded 11 insns to ret; preceded by terminator"
0x0002e270,14,"data refs=2 first=0x00541cfc,0x00541e4c; flow-decoded 4 insns to tail_jmp; preceded by terminator"
0x0002e420,124,"data refs=4 first=0x00541d00,0x00541d70; flow-decoded 35 insns to ret; preceded by terminator"
0x0002e4a0,13,"data refs=4 first=0x00541d1c,0x00541d8c; flow-decoded 3 insns to ret; preceded by terminator"
0x0002e520,6,"data refs=4 first=0x00541d2c,0x00541d9c; flow-decoded 2 insns to ret; preceded by terminator"
0x0002e530,54,"data refs=4 first=0x00541d30,0x00541da0; flow-decoded 18 insns to ret; preceded by terminator"
0x0002e5d0,117,"data refs=4 first=0x00541d38,0x00541da8; flow-decoded 35 insns to ret; preceded by terminator"
0x0002e650,206,"data refs=2 first=0x00541e1c,0x00541e8c; flow-decoded 66 insns to ret; preceded by terminator"
0x0002e720,179,"data refs=2 first=0x00541e20,0x00541e90; flow-decoded 63 insns to jmp+ret; preceded by terminator"
0x0002e7e0,40,"data refs=2 first=0x00541e24,0x00541e94; flow-decoded 13 insns to ret; preceded by terminator"
0x0002fce0,171,data refs=1 first=0x00476670; flow-decoded 51 insns to ret; preceded by terminator
0x0002fd90,74,data refs=1 first=0x00476674; flow-decoded 25 insns to ret; preceded by terminator
0x0002ffa0,8,data refs=1 first=0x0047667c; flow-decoded 2 insns to ret; preceded by terminator
0x0002ffb0,8,"data refs=2 first=0x00476678,0x00476680; flow-decoded 2 insns to ret; preceded by terminator"
0x0002ffc0,8,data refs=1 first=0x00476684; flow-decoded 2 insns to ret; preceded by terminator
0x00030210,106,"data refs=2 first=0x0051b260,0x0051b278; flow-decoded 33 insns to jmp+ret; preceded by terminator"
0x00030760,13,data refs=1 first=0x00476704; flow-decoded 4 insns to ret; preceded by terminator
0x00030770,7,data refs=1 first=0x00476708; flow-decoded 2 insns to ret; preceded by terminator
0x00030a10,6,data refs=1 first=0x00541d54; flow-decoded 2 insns to ret; preceded by terminator
0x00030a20,67,data refs=1 first=0x00541d58; flow-decoded 22 insns to ret; preceded by terminator
0x00030a70,6,data refs=1 first=0x00541d5c; flow-decoded 2 insns to ret; preceded by terminator
0x00030c20,513,data refs=1 first=0x00541d7c; flow-decoded 183 insns to ret; preceded by terminator
0x00030f90,150,data refs=1 first=0x00541d84; flow-decoded 49 insns to ret; preceded by terminator
0x00031030,6,data refs=1 first=0x00541d88; flow-decoded 2 insns to ret; preceded by terminator
0x00031510,13,data refs=1 first=0x00476710; flow-decoded 2 insns to ret; preceded by terminator
0x00031520,13,data refs=1 first=0x00476718; flow-decoded 2 insns to ret; preceded by terminator
0x00031530,23,data refs=1 first=0x00476724; flow-decoded 3 insns to ret; preceded by terminator
0x00031550,3,"data refs=2 first=0x0047672c,0x00476738; flow-decoded 1 insns to ret; preceded by terminator"
0x00031560,287,data refs=1 first=0x0047673c; flow-decoded 91 insns to ret; preceded by terminator
0x00031680,13,data refs=1 first=0x00476740; flow-decoded 2 insns to ret; preceded by terminator
0x00031690,198,data refs=1 first=0x00476744; flow-decoded 62 insns to ret; preceded by terminator
0x00031760,23,data refs=1 first=0x0047674c; flow-decoded 8 insns to ret; preceded by terminator
0x00031780,3,"data refs=8 first=0x00476728,0x00476730; flow-decoded 1 insns to ret; preceded by terminator"
0x00031790,257,data refs=1 first=0x00541d50; flow-decoded 64 insns to ret; preceded by terminator
0x000318a0,281,data refs=1 first=0x00541d60; flow-decoded 76 insns to jmp+ret; preceded by terminator
0x000319c0,47,data refs=1 first=0x00541d6c; flow-decoded 13 insns to ret+tail_jmp; preceded by terminator
0x000319f0,103,data refs=1 first=0x00541d80; flow-decoded 36 insns to ret; preceded by terminator
0x000359a0,42,data refs=1 first=0x00476ae0; flow-decoded 10 insns to ret; preceded by terminator
0x000359d0,32,data refs=1 first=0x00476ae8; flow-decoded 9 insns to ret; preceded by terminator
0x000359f0,23,data refs=1 first=0x00476af0; flow-decoded 3 insns to ret; preceded by terminator
0x00035a10,13,data refs=1 first=0x00476af4; flow-decoded 2 insns to ret; preceded by terminator
0x00035a20,76,data refs=1 first=0x00476afc; flow-decoded 18 insns to ret; preceded by terminator
0x00035a70,199,data refs=1 first=0x00476b04; flow-decoded 57 insns to jmp+ret; preceded by terminator
0x00035b40,764,data refs=1 first=0x00476b08; flow-decoded 255 insns to jmp+ret; preceded by terminator
0x00035e40,28,data refs=1 first=0x00476b10; flow-decoded 5 insns to ret; preceded by terminator
0x00035e60,228,data refs=1 first=0x00476b14; flow-decoded 71 insns to ret; preceded by terminator
0x00035f50,13,data refs=1 first=0x00476b18; flow-decoded 2 insns to ret; preceded by terminator
0x00035f60,172,data refs=1 first=0x00476b1c; flow-decoded 64 insns to jmp+ret; preceded by terminator
0x00036010,558,data refs=1 first=0x00476b0c; flow-decoded 181 insns to jmp+ret; preceded by terminator
0x000366a0,8,data refs=1 first=0x00476ae4; flow-decoded 2 insns to ret; preceded by terminator
0x00039740,20,data refs=1 first=0x0047788c; flow-decoded 4 insns to ret; preceded by terminator
0x0003c920,24,data refs=1 first=0x004c04a8; flow-decoded 7 insns to ret; preceded by terminator
0x0003c940,34,data refs=1 first=0x004c082c; flow-decoded 8 insns to ret; preceded by terminator
0x0003c970,29,data refs=1 first=0x004c04e4; flow-decoded 8 insns to ret; preceded by terminator
0x0003c990,24,data refs=1 first=0x004c0520; flow-decoded 7 insns to ret; preceded by terminator
0x0003c9b0,1280,data refs=1 first=0x004c055c; flow-decoded 397 insns to indirect_jmp+jmp+ret; preceded by terminator
0x0003cee0,102,data refs=1 first=0x004c0598; flow-decoded 36 insns to ret; preceded by terminator
0x0003cf50,125,data refs=1 first=0x004c05d4; flow-decoded 44 insns to jmp+ret; preceded by terminator
0x0003cfd0,134,data refs=1 first=0x004c0610; flow-decoded 46 insns to ret; preceded by terminator
0x0003d140,39,data refs=1 first=0x004c0688; flow-decoded 12 insns to ret; preceded by terminator
0x0003d170,34,data refs=1 first=0x004c073c; flow-decoded 9 insns to ret; preceded by terminator
0x0003d1a0,24,data refs=1 first=0x004c07f0; flow-decoded 7 insns to ret; preceded by terminator
0x0003d1c0,24,data refs=1 first=0x004c07b4; flow-decoded 7 insns to ret; preceded by terminator
0x0003d1e0,24,data refs=1 first=0x004c0778; flow-decoded 7 insns to ret; preceded by terminator
0x0003d200,39,data refs=1 first=0x004c06c4; flow-decoded 9 insns to ret; preceded by terminator
0x0003d2b0,39,data refs=1 first=0x004c0868; flow-decoded 14 insns to ret; preceded by terminator
0x0003d2e0,24,data refs=1 first=0x004c08a4; flow-decoded 7 insns to ret; preceded by terminator
0x0003d300,11,data refs=1 first=0x004c08e0; flow-decoded 3 insns to ret; preceded by terminator
0x0003d310,11,data refs=1 first=0x004c091c; flow-decoded 3 insns to ret; preceded by terminator
0x0003d320,16,data refs=1 first=0x004c0958; flow-decoded 3 insns to ret; preceded by terminator
0x0003d330,11,data refs=1 first=0x004c0994; flow-decoded 3 insns to ret; preceded by terminator
0x0003d340,11,data refs=1 first=0x004c09d0; flow-decoded 3 insns to ret; preceded by terminator
0x0003d350,11,data refs=1 first=0x004c0a0c; flow-decoded 3 insns to ret; preceded by terminator
0x00040260,99,census 2026-10-07 indirect-call target (menu session 20261007-005808-menu); body decoded to ret or tail jmp; preceded by terminator or function end
0x0005fcf0,196,census 2026-10-07 indirect-call target (menu session 20261007-005808-menu); body decoded to ret or tail jmp; preceded by terminator or function end
0x0007b340,9,"data refs=2 first=0x004d8db0,0x004d8db8; flow-decoded 3 insns to ret; preceded by terminator"
0x0007b350,11,"data refs=2 first=0x004d8db4,0x004d8dbc; flow-decoded 4 insns to ret; preceded by terminator"
0x0007e800,559,data refs=1 first=0x004d8d78; flow-decoded 157 insns to jmp+ret; preceded by terminator
0x00087260,137,census 2026-10-07 indirect-call target (menu session 20261007-005808-menu); body decoded to ret or tail jmp; preceded by terminator or function end
0x000a92f0,252,census 2026-10-07 indirect-call target (census-ingame session); body decoded to ret or tail jmp; preceded by terminator or function end
0x000ab620,154,census 2026-10-07 indirect-call target (mm-weapons session); body decoded to ret or tail jmp; preceded by terminator or function end
0x000ab6c0,992,census 2026-10-07 indirect-call target (mm-weapons session); body decoded to ret or tail jmp; preceded by terminator or function end
0x000ac940,2955,census 2026-10-07 indirect-call target (census-ingame session); body decoded to ret or tail jmp; preceded by terminator or function end
0x000b170c,11,data refs=1 first=0x004d1b90; flow-decoded 3 insns to tail_jmp; preceded by terminator
0x000b4410,87,"data refs=24 first=0x004d9968,0x004d9a1c; flow-decoded 26 insns to ret; preceded by terminator"
0x000b6090,162,data refs=1 first=0x004daa48; flow-decoded 45 insns to ret; preceded by terminator
0x000b8440,153,data refs=1 first=0x004d2ad8; flow-decoded 60 insns to indirect_jmp+ret; preceded by terminator
0x000b8610,140,data refs=1 first=0x004d2ad4; flow-decoded 56 insns to jmp+ret; preceded by terminator
0x000b8e90,77,data refs=1 first=0x004d2c0c; flow-decoded 28 insns to jmp+ret; preceded by terminator
0x000b8ee0,86,data refs=1 first=0x004d2c18; flow-decoded 35 insns to ret; preceded by terminator
0x000d9030,22,census 2026-10-07 indirect-call target (menu session 20261007-005808-menu); body decoded to ret or tail jmp; preceded by terminator or function end
0x000e0b50,128,data refs=1 first=0x004cfc98 (projectile type 0x10 init); host census mm-var-all MEASURED indirect target in mine_remote (T1536); flow-decoded to ret; preceded by terminator
0x000e0bd0,128,data refs=1 first=0x004cfcd8 (projectile type 0x11 init); host census mm-var-all MEASURED indirect target in mine_timed (T1536); flow-decoded to ret; preceded by terminator
0x000e0c50,138,data refs=1 first=0x004cfd18 (projectile type 0x12 init); host census mm-var-all MEASURED indirect target in mine_proximity (T1536); flow-decoded to ret; preceded by terminator
0x000e1620,46,data refs=1 first=0x004df558; flow-decoded 17 insns to ret; preceded by terminator
0x000e1650,309,"data refs=7 first=0x004df218,0x004df258; flow-decoded 98 insns to indirect_jmp+jmp+ret; preceded by terminator"
0x000e3270,301,"data refs=2 first=0x004df4e4,0x004df5a4; flow-decoded 87 insns to jmp+ret; preceded by terminator"
0x000e34d0,146,census 2026-10-07 indirect-call target (mm-weapons session); body decoded to ret or tail jmp; preceded by terminator or function end
0x000e3640,55,"census 2026-10-07 indirect-call target (mm-weapons2 flamethrower session, T1517); body decoded to ret; data refs=2 first=0x004df098,0x004df0d8; preceded by terminator"
0x000e36d0,85,"data refs=2 first=0x004df158,0x004df718; flow-decoded 27 insns to ret; preceded by terminator"
0x000e3ab0,74,"data refs=2 first=0x004df198,0x004df1d8; flow-decoded 11 insns to ret; preceded by terminator"
0x000e4690,365,data refs=1 first=0x004df658; flow-decoded 78 insns to jmp+ret; preceded by terminator
0x000e4800,1687,data refs=1 first=0x004df65c; flow-decoded 369 insns to jmp+ret; preceded by terminator
0x000e4ea0,4023,data refs=1 first=0x004df664; flow-decoded 889 insns to jmp+ret; preceded by terminator
0x000e6b30,3518,data refs=1 first=0x004df1a4; flow-decoded 795 insns to jmp+ret; preceded by terminator
0x000e78f0,170,data refs=1 first=0x004df418; flow-decoded 56 insns to ret; preceded by terminator
0x000e7d60,1093,data refs=1 first=0x004df758; flow-decoded 209 insns to ret; preceded by terminator
0x000e8490,687,data refs=1 first=0x004df75c; flow-decoded 142 insns to ret; preceded by terminator
0x000e8740,909,data refs=1 first=0x004df764; flow-decoded 195 insns to ret; preceded by terminator
0x000eac90,127,data refs=1 first=0x004df798; flow-decoded 41 insns to ret; preceded by terminator
0x000ead10,3565,"data refs=2 first=0x004df35c (slot 1 of projectile types 0x20 and 0x21, 2nd 0x004df39c); host census mm-var-all MEASURED indirect target in dart_gun, harpoon and later phases of the same maps (T1536); flow-decoded to ret at 0xebafc; preceded by terminator"
0x000ebb00,1567,data refs=1 first=0x004df1dc; flow-decoded 341 insns to jmp+ret; preceded by terminator
0x000ec120,1873,data refs=1 first=0x004df19c; flow-decoded 386 insns to jmp+ret; preceded by terminator
0x000eff90,1180,data refs=1 first=0x004df11c; flow-decoded 256 insns to jmp+ret; preceded by terminator
0x000f08d0,4475,census 2026-10-07 indirect-call target (mm-weapons session) and update slot of 8 rows of type table 4deb54; body decoded to ret or tail jmp; preceded by the inline jump table of the previous function
0x000f1a90,3703,"data refs=2 first=0x004df4dc (slot 1 of projectile types 0x26 and 0x29, 2nd 0x004df59c); host census mm-var-all MEASURED indirect target in flare and flare_x2 (T1536); flow-decoded to ret at 0xf2906; preceded by terminator"
0x000f2b80,3520,census 2026-10-07 indirect-call target (mm-weapons session); body decoded to ret or tail jmp; preceded by terminator or function end
0x000f39a0,3726,"data refs=5 first=0x004deedc,0x004def5c; flow-decoded 882 insns to jmp+ret; preceded by terminator"
0x000f4a50,1887,"data refs=14 first=0x004dec1c,0x004dec5c; flow-decoded 491 insns to indirect_jmp+jmp+ret; preceded by terminator"
0x000f5920,1025,"census 2026-10-07 indirect-call target (mm-weapons2 flamethrower session, T1517); body decoded to ret; data refs=2 first=0x004df09c,0x004df0dc; preceded by terminator"
0x000f6600,1378,data refs=1 first=0x004df81c; flow-decoded 334 insns to jmp+ret; preceded by terminator
0x00119920,22,"data refs=2 first=0x005196e8,0x005196f0; flow-decoded 5 insns to ret; preceded by terminator"
0x00119940,22,data refs=1 first=0x005196f8; flow-decoded 5 insns to ret; preceded by terminator
0x0012e100,357,data refs=1 first=0x004e6a18; flow-decoded 92 insns to jmp+ret; preceded by terminator
0x0012e270,49,data refs=1 first=0x004e69e0; flow-decoded 16 insns to ret; preceded by terminator
0x0012e2b0,40,data refs=1 first=0x004e6a50; flow-decoded 8 insns to ret; preceded by terminator
0x0012e2e0,207,data refs=1 first=0x004e6a88; flow-decoded 56 insns to ret; preceded by terminator
0x001353b0,618,data refs=1 first=0x004e6c84; flow-decoded 176 insns to ret; preceded by terminator
0x00136f30,209,data refs=1 first=0x004e6a20; flow-decoded 52 insns to ret; preceded by terminator
0x001371a0,832,data refs=1 first=0x004e6bf8; flow-decoded 224 insns to jmp+ret; preceded by terminator
0x001374e0,573,data refs=1 first=0x004e6c14; flow-decoded 156 insns to ret; preceded by terminator
0x00137720,249,data refs=1 first=0x004e6cbc; flow-decoded 68 insns to ret; preceded by terminator
0x00137820,692,data refs=1 first=0x004e6c30; flow-decoded 182 insns to ret; preceded by terminator
0x00137ae0,837,data refs=1 first=0x004e6c4c; flow-decoded 231 insns to jmp+ret; preceded by terminator
0x00137e30,206,data refs=1 first=0x004e6ca0; flow-decoded 62 insns to jmp+tail_jmp; preceded by terminator
0x00138f70,149,data refs=1 first=0x004e6a38; flow-decoded 63 insns to ret; preceded by terminator
0x00145580,771,data refs=1 first=0x004e6d10; flow-decoded 215 insns to jmp+ret; preceded by terminator
0x00145e40,4663,data refs=1 first=0x004e6d2c; flow-decoded 1308 insns to jmp+ret; preceded by terminator
0x0014dd50,281,data refs=1 first=0x004fbfa8; flow-decoded 78 insns to jmp+ret; preceded by terminator
0x0014e490,296,"data refs=2 first=0x004fbc60,0x004fbcb4; flow-decoded 83 insns to jmp+ret; preceded by terminator"
0x00162170,140,data refs=1 first=0x004d29cc; flow-decoded 44 insns to jmp+ret; preceded by terminator
0x00162200,68,data refs=1 first=0x004d29d8; flow-decoded 20 insns to ret; preceded by terminator
0x00162250,82,data refs=1 first=0x004d2a54; flow-decoded 29 insns to ret; preceded by terminator
0x001622b0,15,data refs=1 first=0x004d2a20; flow-decoded 4 insns to ret+tail_jmp; preceded by terminator
0x00162340,156,data refs=1 first=0x004d29d4; flow-decoded 53 insns to ret; preceded by terminator
0x001623e0,15,data refs=1 first=0x004d29dc; flow-decoded 4 insns to ret+tail_jmp; preceded by terminator
0x001623f0,96,data refs=1 first=0x004d29fc; flow-decoded 30 insns to ret; preceded by terminator
0x00162450,203,data refs=1 first=0x004d29ec; flow-decoded 72 insns to ret; preceded by terminator
0x00162520,203,data refs=1 first=0x004d29f4; flow-decoded 72 insns to ret; preceded by terminator
0x001625f0,284,data refs=1 first=0x004d29f0; flow-decoded 98 insns to ret; preceded by terminator
0x00162710,130,data refs=1 first=0x004d29e8; flow-decoded 53 insns to ret; preceded by terminator
0x001627a0,22,data refs=1 first=0x004d29e0; flow-decoded 5 insns to ret; preceded by terminator
0x001627c0,97,data refs=1 first=0x004d29f8; flow-decoded 36 insns to ret; preceded by terminator
0x00162830,64,data refs=1 first=0x004d2a50; flow-decoded 18 insns to ret; preceded by terminator
0x00162870,84,data refs=1 first=0x004d2a4c; flow-decoded 27 insns to ret; preceded by terminator
0x001628d0,204,data refs=1 first=0x004d2a44; flow-decoded 66 insns to jmp+ret; preceded by terminator
0x001629a0,88,data refs=1 first=0x004d2a48; flow-decoded 33 insns to ret; preceded by terminator
0x00163220,218,data refs=1 first=0x004d2a18; flow-decoded 72 insns to ret; preceded by terminator
0x00163440,137,data refs=1 first=0x004d2a24; flow-decoded 45 insns to ret; preceded by terminator
0x001634d0,178,data refs=1 first=0x004d2a28; flow-decoded 59 insns to jmp+ret; preceded by terminator
0x00163590,98,data refs=1 first=0x004d2a2c; flow-decoded 32 insns to ret; preceded by terminator
0x00163600,291,data refs=1 first=0x004d2a40; flow-decoded 87 insns to jmp+ret; preceded by terminator
0x00163830,100,data refs=1 first=0x004d29e4; flow-decoded 33 insns to ret; preceded by terminator
0x001638a0,73,data refs=1 first=0x004d2a3c; flow-decoded 22 insns to ret; preceded by terminator
0x00163b40,138,data refs=1 first=0x004d2a60; flow-decoded 49 insns to ret; preceded by terminator
0x00163bd0,127,data refs=1 first=0x004d2a80; flow-decoded 46 insns to ret; preceded by terminator
0x00163c50,147,data refs=1 first=0x004d2a7c; flow-decoded 53 insns to ret; preceded by terminator
0x00163cf0,147,data refs=1 first=0x004d2a78; flow-decoded 53 insns to ret; preceded by terminator
0x00163d90,127,data refs=1 first=0x004d2a64; flow-decoded 46 insns to ret; preceded by terminator
0x00163e10,241,data refs=1 first=0x004d2a74; flow-decoded 72 insns to jmp+ret; preceded by terminator
0x00190bd0,383,data refs=1 first=0x004e8d40; flow-decoded 116 insns to jmp+ret; preceded by terminator
0x00190f20,71,census 2026-10-07 indirect-call target (menu session 20261007-005808-menu); body decoded to ret or tail jmp; preceded by terminator or function end
0x00190f70,36,census 2026-10-07 indirect-call target (menu session 20261007-005808-menu); body decoded to ret or tail jmp; preceded by terminator or function end
0x00191470,309,census 2026-10-07 indirect-call target (menu session 20261007-005808-menu); body decoded to ret or tail jmp; preceded by terminator or function end
0x00191b10,135,data refs=1 first=0x004e8d64; flow-decoded 43 insns to tail_jmp; preceded by terminator
0x00191d70,27,data refs=1 first=0x004e8d80; flow-decoded 10 insns to ret; preceded by terminator
0x00191e40,694,data refs=1 first=0x004e8d88; flow-decoded 197 insns to indirect_jmp+jmp+ret+tail_jmp; preceded by terminator
0x00192110,131,data refs=1 first=0x004e8d84; flow-decoded 37 insns to indirect_jmp+jmp+ret+tail_jmp; preceded by terminator
0x00193120,458,data refs=1 first=0x004e8d78; flow-decoded 111 insns to indirect_jmp+ret+tail_jmp; preceded by terminator
0x001933c0,1692,data refs=1 first=0x004e8d74; flow-decoded 519 insns to indirect_jmp+jmp+tail_jmp; preceded by terminator
0x00193a80,298,data refs=1 first=0x004e8d44; flow-decoded 89 insns to ret; preceded by terminator
0x00194980,136,census 2026-10-07 indirect-call target (menu session 20261007-005808-menu); body decoded to ret or tail jmp; preceded by terminator or function end
0x001957d0,26,called gate handler (T1468); flow-decoded 7 insns to ret; preceded by terminator
0x00195940,244,data refs=1 first=0x005245b4; flow-decoded 65 insns to ret; preceded by terminator
0x00196110,77,called gate handler (T1468); flow-decoded 19 insns to ret+tail_jmp; preceded by terminator
0x001961c0,360,called gate handler (T1468); flow-decoded 101 insns to ret; preceded by terminator
0x00196360,29,called gate handler (T1468); flow-decoded 9 insns to ret; preceded by terminator
0x00196ad0,196,called gate handler (T1468); flow-decoded 48 insns to ret+tail_jmp; preceded by terminator
0x00196bb0,80,called gate handler (T1468); flow-decoded 23 insns to ret+tail_jmp; preceded by terminator
0x00196c80,250,data refs=1 first=0x004e8e58; flow-decoded 73 insns to tail_jmp; preceded by terminator
0x00196d80,81,called gate handler (T1468); flow-decoded 22 insns to ret+tail_jmp; preceded by terminator
0x00196f60,80,called gate handler (T1468); flow-decoded 23 insns to ret+tail_jmp; preceded by terminator
0x00196fb0,233,called gate handler (T1468); flow-decoded 78 insns to jmp+ret; preceded by terminator
0x00199c30,58,called gate handler (T1468); flow-decoded 18 insns to ret; preceded by terminator
0x00199f20,30,called gate handler (T1468); flow-decoded 10 insns to ret+tail_jmp; preceded by terminator
0x00199f40,58,called gate handler (T1468); flow-decoded 23 insns to ret; preceded by terminator
0x00199f80,35,called gate handler (T1468); flow-decoded 11 insns to ret; preceded by terminator
0x00199fd0,38,called gate handler (T1468); flow-decoded 15 insns to ret; preceded by terminator
0x0019a030,21,called gate handler (T1468); flow-decoded 7 insns to ret; preceded by terminator
0x0019a130,329,called gate handler (T1468); flow-decoded 90 insns to jmp+ret; preceded by terminator
0x0019a730,258,called gate handler (T1468); flow-decoded 76 insns to jmp+ret; preceded by terminator
0x0019a9b0,78,called gate handler (T1468); flow-decoded 26 insns to ret; preceded by terminator
0x0019abe0,806,called gate handler (T1468); flow-decoded 205 insns to indirect_jmp+jmp+ret; preceded by terminator
0x0019c400,310,called gate handler (T1468); flow-decoded 92 insns to jmp+ret; preceded by terminator
0x0019c540,329,data refs=1 first=0x004e8ea8; flow-decoded 90 insns to jmp+ret; preceded by terminator
0x0019c690,197,data refs=1 first=0x004e8ea0; flow-decoded 61 insns to tail_jmp; preceded by terminator
0x0019c760,89,data refs=1 first=0x004e8ea4; flow-decoded 32 insns to ret; preceded by terminator
0x0019c8c0,330,called gate handler (T1468); flow-decoded 100 insns to ret; preceded by terminator
0x0019d670,239,called gate handler (T1468); flow-decoded 78 insns to ret; preceded by terminator
0x0019d810,52,data refs=1 first=0x004e9200; flow-decoded 13 insns to tail_jmp; preceded by terminator
0x0019d850,22,data refs=1 first=0x004e9204; flow-decoded 7 insns to ret; preceded by terminator
0x0019d8c0,112,called gate handler (T1468); flow-decoded 41 insns to jmp+ret; preceded by terminator
0x0019dda0,62,called gate handler (T1468); flow-decoded 23 insns to ret; preceded by terminator
0x0019de00,57,called gate handler (T1468); flow-decoded 23 insns to ret; preceded by terminator
0x0019de50,199,called gate handler (T1468); flow-decoded 54 insns to jmp+ret; preceded by terminator
0x0019e050,106,data refs=1 first=0x004e9214; flow-decoded 31 insns to tail_jmp; preceded by terminator
0x0019e0c0,96,called gate handler (T1468); flow-decoded 36 insns to ret; preceded by terminator
0x0019e1c0,82,called gate handler (T1468); flow-decoded 31 insns to ret; preceded by terminator
0x0019e220,82,called gate handler (T1468); flow-decoded 31 insns to ret; preceded by terminator
0x0019e300,108,data refs=1 first=0x004e9224; flow-decoded 28 insns to tail_jmp; preceded by terminator
0x0019e370,41,called gate handler (T1468); flow-decoded 13 insns to ret; preceded by terminator
0x0019e520,91,called gate handler (T1468); flow-decoded 34 insns to ret; preceded by terminator
0x0019e610,129,called gate handler (T1468); flow-decoded 46 insns to ret; preceded by terminator
0x0019e6a0,59,called gate handler (T1468); flow-decoded 24 insns to ret; preceded by terminator
0x0019e780,59,called gate handler (T1468); flow-decoded 24 insns to ret; preceded by terminator
0x0019e810,72,data refs=1 first=0x004e9234; flow-decoded 22 insns to ret; preceded by terminator
0x0019f790,5,data refs=1 first=0x004e9248; flow-decoded 1 insns to tail_jmp; preceded by terminator
0x0019f7a0,93,data refs=1 first=0x004e9244; flow-decoded 28 insns to ret; preceded by terminator
0x0019f8b0,70,called gate handler (T1468); flow-decoded 27 insns to ret; preceded by terminator
0x0019fb80,22,called gate handler (T1468); flow-decoded 7 insns to ret; preceded by terminator
0x0019fd10,194,data refs=1 first=0x004e9254; flow-decoded 59 insns to tail_jmp; preceded by terminator
0x0019fde0,194,data refs=1 first=0x004e9264; flow-decoded 59 insns to tail_jmp; preceded by terminator
0x0019ff60,1657,called gate handler (T1468); flow-decoded 448 insns to indirect_jmp+jmp+ret; preceded by terminator
0x001a09c0,156,data refs=1 first=0x004e92a0; flow-decoded 43 insns to tail_jmp; preceded by terminator
0x001a10d0,184,data refs=1 first=0x004e92b0; flow-decoded 51 insns to tail_jmp; preceded by terminator
0x001a1880,251,data refs=1 first=0x004e8e18; flow-decoded 74 insns to tail_jmp; preceded by terminator
0x001a2370,60,called gate handler (T1468); flow-decoded 24 insns to ret; preceded by terminator
0x001a2730,280,data refs=1 first=0x004e92c4; flow-decoded 84 insns to tail_jmp; preceded by terminator
0x001a2850,38,data refs=1 first=0x004e9308; flow-decoded 15 insns to ret; preceded by terminator
0x001a2880,169,data refs=1 first=0x004e9314; flow-decoded 48 insns to tail_jmp; preceded by terminator
0x001a2930,157,data refs=1 first=0x004e9374; flow-decoded 47 insns to tail_jmp; preceded by terminator
0x001a29d0,69,data refs=1 first=0x004e9388; flow-decoded 25 insns to ret; preceded by terminator
0x001a2a50,303,data refs=1 first=0x004e93f4; flow-decoded 90 insns to tail_jmp; preceded by terminator
0x001a2bb0,355,data refs=1 first=0x004e9404; flow-decoded 105 insns to tail_jmp; preceded by terminator
0x001a2d90,309,data refs=1 first=0x004e9414; flow-decoded 92 insns to tail_jmp; preceded by terminator
0x001a2ed0,107,data refs=1 first=0x004e9424; flow-decoded 31 insns to tail_jmp; preceded by terminator
0x001a2ff0,309,data refs=1 first=0x004e9434; flow-decoded 92 insns to tail_jmp; preceded by terminator
0x001a3130,209,data refs=1 first=0x004e9444; flow-decoded 62 insns to tail_jmp; preceded by terminator
0x001a32c0,406,data refs=1 first=0x004e9454; flow-decoded 120 insns to tail_jmp; preceded by terminator
0x001a3460,209,data refs=1 first=0x004e9464; flow-decoded 62 insns to tail_jmp; preceded by terminator
0x001a3540,38,data refs=1 first=0x004e9478; flow-decoded 15 insns to ret; preceded by terminator
0x001a3570,151,data refs=1 first=0x004e9474; flow-decoded 43 insns to tail_jmp; preceded by terminator
0x001a3610,38,data refs=1 first=0x004e9488; flow-decoded 15 insns to ret; preceded by terminator
0x001a3640,157,data refs=1 first=0x004e9484; flow-decoded 45 insns to tail_jmp; preceded by terminator
0x001a36e0,38,data refs=1 first=0x004e9498; flow-decoded 15 insns to ret; preceded by terminator
0x001a3710,157,data refs=1 first=0x004e9494; flow-decoded 45 insns to tail_jmp; preceded by terminator
0x001a37b0,38,data refs=1 first=0x004e94a8; flow-decoded 15 insns to ret; preceded by terminator
0x001a37e0,154,data refs=1 first=0x004e94a4; flow-decoded 45 insns to tail_jmp; preceded by terminator
0x001a3930,244,data refs=1 first=0x004e94b4; flow-decoded 72 insns to tail_jmp; preceded by terminator
0x001a3aa0,69,data refs=1 first=0x004e94c8; flow-decoded 25 insns to ret; preceded by terminator
0x001a3af0,417,data refs=1 first=0x004e94c4; flow-decoded 122 insns to tail_jmp; preceded by terminator
0x001a3ca0,110,data refs=1 first=0x004e94d4; flow-decoded 31 insns to tail_jmp; preceded by terminator
0x001a3d10,110,data refs=1 first=0x004e94e4; flow-decoded 31 insns to tail_jmp; preceded by terminator
0x001a3d80,110,data refs=1 first=0x004e94f4; flow-decoded 31 insns to tail_jmp; preceded by terminator
0x001a3df0,38,data refs=1 first=0x004e9508; flow-decoded 15 insns to ret; preceded by terminator
0x001a3e20,110,data refs=1 first=0x004e9504; flow-decoded 31 insns to tail_jmp; preceded by terminator
0x001a3e90,38,data refs=1 first=0x004e9518; flow-decoded 15 insns to ret; preceded by terminator
0x001a3ec0,110,data refs=1 first=0x004e9514; flow-decoded 31 insns to tail_jmp; preceded by terminator
0x001a3f30,129,data refs=1 first=0x004e9524; flow-decoded 38 insns to tail_jmp; preceded by terminator
0x001a3fc0,169,data refs=1 first=0x004e9534; flow-decoded 49 insns to tail_jmp; preceded by terminator
0x001a4070,38,data refs=1 first=0x004e9548; flow-decoded 15 insns to ret; preceded by terminator
0x001a40a0,163,data refs=1 first=0x004e9544; flow-decoded 49 insns to tail_jmp; preceded by terminator
0x001a4160,169,data refs=1 first=0x004e9554; flow-decoded 49 insns to tail_jmp; preceded by terminator
0x001a4210,38,data refs=1 first=0x004e9568; flow-decoded 15 insns to ret; preceded by terminator
0x001a4240,110,data refs=1 first=0x004e9564; flow-decoded 31 insns to tail_jmp; preceded by terminator
0x001a42b0,38,data refs=1 first=0x004e9578; flow-decoded 15 insns to ret; preceded by terminator
0x001a42e0,110,data refs=1 first=0x004e9574; flow-decoded 31 insns to tail_jmp; preceded by terminator
0x001a43a0,60,data refs=1 first=0x004e9588; flow-decoded 22 insns to ret; preceded by terminator
0x001a43e0,291,data refs=1 first=0x004e9584; flow-decoded 82 insns to tail_jmp; preceded by terminator
0x001a4510,38,data refs=1 first=0x004e9598; flow-decoded 15 insns to ret; preceded by terminator
0x001a4540,101,data refs=1 first=0x004e9594; flow-decoded 29 insns to tail_jmp; preceded by terminator
0x001a45b0,38,data refs=1 first=0x004e95a8; flow-decoded 15 insns to ret; preceded by terminator
0x001a45e0,110,data refs=1 first=0x004e95a4; flow-decoded 31 insns to tail_jmp; preceded by terminator
0x001a4650,163,data refs=1 first=0x004e95b4; flow-decoded 44 insns to tail_jmp; preceded by terminator
0x001a4780,231,data refs=1 first=0x004e95c4; flow-decoded 66 insns to tail_jmp; preceded by terminator
0x001a48d0,38,data refs=1 first=0x004e95d8; flow-decoded 15 insns to ret; preceded by terminator
0x001a4900,107,data refs=1 first=0x004e95d4; flow-decoded 31 insns to tail_jmp; preceded by terminator
0x001a4980,44,data refs=1 first=0x004e95e8; flow-decoded 17 insns to ret; preceded by terminator
0x001a49b0,160,data refs=1 first=0x004e95e4; flow-decoded 47 insns to tail_jmp; preceded by terminator
0x001a4aa0,38,data refs=1 first=0x004e95f8; flow-decoded 15 insns to ret; preceded by terminator
0x001a4ad0,160,data refs=1 first=0x004e95f4; flow-decoded 47 insns to tail_jmp; preceded by terminator
0x001a4ba0,98,data refs=1 first=0x004e9604; flow-decoded 29 insns to tail_jmp; preceded by terminator
0x001a4cd0,283,data refs=1 first=0x004e9614; flow-decoded 82 insns to tail_jmp; preceded by terminator
0x001a4df0,160,data refs=1 first=0x004e9624; flow-decoded 44 insns to tail_jmp; preceded by terminator
0x001a4ec0,107,data refs=1 first=0x004e9634; flow-decoded 31 insns to tail_jmp; preceded by terminator
0x001a4f60,250,data refs=1 first=0x004e9644; flow-decoded 72 insns to tail_jmp; preceded by terminator
0x001a50d0,38,data refs=1 first=0x004e9658; flow-decoded 15 insns to ret; preceded by terminator
0x001a5100,281,data refs=1 first=0x004e9654; flow-decoded 81 insns to tail_jmp; preceded by terminator
0x001a5290,253,data refs=1 first=0x004e9664; flow-decoded 71 insns to tail_jmp; preceded by terminator
0x001a53e0,38,data refs=1 first=0x004e9678; flow-decoded 15 insns to ret; preceded by terminator
0x001a5410,157,data refs=1 first=0x004e9674; flow-decoded 42 insns to tail_jmp; preceded by terminator
0x001a5520,241,data refs=1 first=0x004e9684; flow-decoded 67 insns to tail_jmp; preceded by terminator
0x001a5620,38,"data refs=3 first=0x004e94f8,0x004e9698; flow-decoded 15 insns to ret; preceded by terminator"
0x001a5650,104,data refs=1 first=0x004e9694; flow-decoded 31 insns to tail_jmp; preceded by terminator
0x001a56d0,38,data refs=1 first=0x004e96a8; flow-decoded 15 insns to ret; preceded by terminator
0x001a5700,132,data refs=1 first=0x004e96a4; flow-decoded 38 insns to tail_jmp; preceded by terminator
0x001a5790,44,data refs=1 first=0x004e96b8; flow-decoded 17 insns to ret; preceded by terminator
0x001a57c0,5,data refs=1 first=0x004e96bc; flow-decoded 1 insns to tail_jmp; preceded by terminator
0x001a57d0,145,data refs=1 first=0x004e96b4; flow-decoded 42 insns to tail_jmp; preceded by terminator
0x001a5870,38,data refs=1 first=0x004e96c8; flow-decoded 15 insns to ret; preceded by terminator
0x001a58a0,104,data refs=1 first=0x004e96c4; flow-decoded 31 insns to tail_jmp; preceded by terminator
0x001a5910,38,data refs=1 first=0x004e96d8; flow-decoded 15 insns to ret; preceded by terminator
0x001a5940,104,data refs=1 first=0x004e96d4; flow-decoded 31 insns to tail_jmp; preceded by terminator
0x001a59c0,44,"data refs=2 first=0x004e96e8,0x004e9b58; flow-decoded 17 insns to ret; preceded by terminator"
0x001a59f0,160,data refs=1 first=0x004e96e4; flow-decoded 47 insns to tail_jmp; preceded by terminator
0x001a5ae0,38,data refs=1 first=0x004e96f8; flow-decoded 15 insns to ret; preceded by terminator
0x001a5b10,160,data refs=1 first=0x004e96f4; flow-decoded 47 insns to tail_jmp; preceded by terminator
0x001a5be0,104,data refs=1 first=0x004e9704; flow-decoded 31 insns to tail_jmp; preceded by terminator
0x001a5c50,38,data refs=1 first=0x004e9718; flow-decoded 15 insns to ret; preceded by terminator
0x001a5c80,104,data refs=1 first=0x004e9714; flow-decoded 31 insns to tail_jmp; preceded by terminator
0x001a5cf0,38,data refs=1 first=0x004e9728; flow-decoded 15 insns to ret; preceded by terminator
0x001a5d20,104,data refs=1 first=0x004e9724; flow-decoded 31 insns to tail_jmp; preceded by terminator
0x001a5e40,256,data refs=1 first=0x004e9734; flow-decoded 72 insns to tail_jmp; preceded by terminator
0x001a5ff0,256,data refs=1 first=0x004e9744; flow-decoded 72 insns to tail_jmp; preceded by terminator
0x001a6120,104,data refs=1 first=0x004e9754; flow-decoded 31 insns to tail_jmp; preceded by terminator
0x001a6200,256,data refs=1 first=0x004e9764; flow-decoded 72 insns to tail_jmp; preceded by terminator
0x001a6330,104,data refs=1 first=0x004e9774; flow-decoded 31 insns to tail_jmp; preceded by terminator
0x001a63a0,38,data refs=1 first=0x004e9788; flow-decoded 15 insns to ret; preceded by terminator
0x001a63d0,104,data refs=1 first=0x004e9784; flow-decoded 31 insns to tail_jmp; preceded by terminator
0x001a6440,38,data refs=1 first=0x004e9798; flow-decoded 15 insns to ret; preceded by terminator
0x001a6470,104,data refs=1 first=0x004e9794; flow-decoded 31 insns to tail_jmp; preceded by terminator
0x001a64e0,38,data refs=1 first=0x004e97a8; flow-decoded 15 insns to ret; preceded by terminator
0x001a6510,95,data refs=1 first=0x004e97a4; flow-decoded 29 insns to tail_jmp; preceded by terminator
0x001a6570,38,data refs=1 first=0x004e97b8; flow-decoded 15 insns to ret; preceded by terminator
0x001a65a0,98,data refs=1 first=0x004e97b4; flow-decoded 29 insns to tail_jmp; preceded by terminator
0x001a6700,362,data refs=1 first=0x004e97c4; flow-decoded 104 insns to tail_jmp; preceded by terminator
0x001a6870,38,data refs=1 first=0x004e97d8; flow-decoded 15 insns to ret; preceded by terminator
0x001a68a0,107,data refs=1 first=0x004e97d4; flow-decoded 31 insns to tail_jmp; preceded by terminator
0x001a6910,38,data refs=1 first=0x004e97e8; flow-decoded 15 insns to ret; preceded by terminator
0x001a6940,5,data refs=1 first=0x004e97f0; flow-decoded 1 insns to tail_jmp; preceded by terminator
0x001a6950,101,data refs=1 first=0x004e97e4; flow-decoded 29 insns to tail_jmp; preceded by terminator
0x001a69c0,38,data refs=1 first=0x004e97f8; flow-decoded 15 insns to ret; preceded by terminator
0x001a69f0,104,data refs=1 first=0x004e97f4; flow-decoded 31 insns to tail_jmp; preceded by terminator
0x001a6ad0,365,data refs=1 first=0x004e9804; flow-decoded 106 insns to tail_jmp; preceded by terminator
0x001a6cb0,312,data refs=1 first=0x004e9814; flow-decoded 90 insns to tail_jmp; preceded by terminator
0x001a7000,38,data refs=1 first=0x004e9828; flow-decoded 15 insns to ret; preceded by terminator
0x001a7030,473,data refs=1 first=0x004e9824; flow-decoded 137 insns to tail_jmp; preceded by terminator
0x001a7210,38,data refs=1 first=0x004e9838; flow-decoded 15 insns to ret; preceded by terminator
0x001a7240,101,data refs=1 first=0x004e9834; flow-decoded 29 insns to tail_jmp; preceded by terminator
0x001a72d0,229,data refs=1 first=0x004e9844; flow-decoded 66 insns to tail_jmp; preceded by terminator
0x001a73c0,38,data refs=1 first=0x004e9858; flow-decoded 15 insns to ret; preceded by terminator
0x001a73f0,98,data refs=1 first=0x004e9854; flow-decoded 29 insns to tail_jmp; preceded by terminator
0x001a74b0,160,data refs=1 first=0x004e9864; flow-decoded 47 insns to tail_jmp; preceded by terminator
0x001a7580,98,data refs=1 first=0x004e9874; flow-decoded 29 insns to tail_jmp; preceded by terminator
0x001a75f0,101,data refs=1 first=0x004e9884; flow-decoded 29 insns to tail_jmp; preceded by terminator
0x001a7660,44,data refs=1 first=0x004e9898; flow-decoded 17 insns to ret; preceded by terminator
0x001a7690,129,data refs=1 first=0x004e9894; flow-decoded 36 insns to tail_jmp; preceded by terminator
0x001a7720,38,data refs=1 first=0x004e98a8; flow-decoded 15 insns to ret; preceded by terminator
0x001a7750,5,"data refs=64 first=0x004e92e0,0x004e92f0; flow-decoded 1 insns to tail_jmp; preceded by terminator"
0x001a7760,107,data refs=1 first=0x004e98a4; flow-decoded 31 insns to tail_jmp; preceded by terminator
0x001a7830,5,"data refs=76 first=0x004e92c8,0x004e9318; flow-decoded 1 insns to tail_jmp; preceded by terminator"
0x001a7840,220,data refs=1 first=0x004e98b4; flow-decoded 60 insns to tail_jmp; preceded by terminator
0x001a7920,38,"data refs=2 first=0x004e98c8,0x004e98d8; flow-decoded 15 insns to ret; preceded by terminator"
0x001a7950,110,data refs=1 first=0x004e98c4; flow-decoded 31 insns to tail_jmp; preceded by terminator
0x001a79c0,110,data refs=1 first=0x004e98d4; flow-decoded 31 insns to tail_jmp; preceded by terminator
0x001a7a30,38,data refs=1 first=0x004e98e8; flow-decoded 15 insns to ret; preceded by terminator
0x001a7a60,107,data refs=1 first=0x004e98e4; flow-decoded 31 insns to tail_jmp; preceded by terminator
0x001a7b30,38,data refs=1 first=0x004e98f8; flow-decoded 15 insns to ret; preceded by terminator
0x001a7b60,110,data refs=1 first=0x004e98f4; flow-decoded 31 insns to tail_jmp; preceded by terminator
0x001a7cd0,300,data refs=1 first=0x004e9904; flow-decoded 85 insns to tail_jmp; preceded by terminator
0x001a7e70,141,data refs=1 first=0x004e9918; flow-decoded 50 insns to ret; preceded by terminator
0x001a7f00,286,data refs=1 first=0x004e9914; flow-decoded 82 insns to tail_jmp; preceded by terminator
0x001a8030,38,data refs=1 first=0x004e9928; flow-decoded 15 insns to ret; preceded by terminator
0x001a8060,107,data refs=1 first=0x004e9924; flow-decoded 31 insns to tail_jmp; preceded by terminator
0x001a80d0,38,data refs=1 first=0x004e9938; flow-decoded 15 insns to ret; preceded by terminator
0x001a8100,198,data refs=1 first=0x004e9934; flow-decoded 58 insns to tail_jmp; preceded by terminator
0x001a8230,38,data refs=1 first=0x004e9948; flow-decoded 15 insns to ret; preceded by terminator
0x001a8260,101,data refs=1 first=0x004e9944; flow-decoded 29 insns to tail_jmp; preceded by terminator
0x001a82d0,38,data refs=1 first=0x004e9958; flow-decoded 15 insns to ret; preceded by terminator
0x001a8300,107,data refs=1 first=0x004e9954; flow-decoded 31 insns to tail_jmp; preceded by terminator
0x001a8370,38,data refs=1 first=0x004e9968; flow-decoded 15 insns to ret; preceded by terminator
0x001a83a0,107,data refs=1 first=0x004e9964; flow-decoded 31 insns to tail_jmp; preceded by terminator
0x001a8410,38,data refs=1 first=0x004e9978; flow-decoded 15 insns to ret; preceded by terminator
0x001a8440,107,data refs=1 first=0x004e9974; flow-decoded 31 insns to tail_jmp; preceded by terminator
0x001a84e0,194,data refs=1 first=0x004e9984; flow-decoded 53 insns to tail_jmp; preceded by terminator
0x001a85b0,157,data refs=1 first=0x004e9994; flow-decoded 47 insns to tail_jmp; preceded by terminator
0x001a8690,38,data refs=1 first=0x004e99a8; flow-decoded 15 insns to ret; preceded by terminator
0x001a86c0,1106,data refs=1 first=0x004e99a4; flow-decoded 321 insns to tail_jmp; preceded by terminator
0x001a8bd0,253,data refs=1 first=0x004e99b4; flow-decoded 71 insns to tail_jmp; preceded by terminator
0x001a8d30,97,data refs=1 first=0x004e99c8; flow-decoded 34 insns to ret; preceded by terminator
0x001a8da0,292,data refs=1 first=0x004e99c4; flow-decoded 84 insns to tail_jmp; preceded by terminator
0x001a8f30,106,data refs=1 first=0x004e99d8; flow-decoded 37 insns to ret; preceded by terminator
0x001a8fa0,264,data refs=1 first=0x004e99d4; flow-decoded 75 insns to tail_jmp; preceded by terminator
0x001a90b0,38,data refs=1 first=0x004e99e8; flow-decoded 15 insns to ret; preceded by terminator
0x001a90e0,101,data refs=1 first=0x004e99e4; flow-decoded 31 insns to tail_jmp; preceded by terminator
0x001a9150,38,data refs=1 first=0x004e99f8; flow-decoded 15 insns to ret; preceded by terminator
0x001a9180,101,data refs=1 first=0x004e99f4; flow-decoded 31 insns to tail_jmp; preceded by terminator
0x001a9200,44,data refs=1 first=0x004e9a08; flow-decoded 17 insns to ret; preceded by terminator
0x001a9230,5,data refs=1 first=0x004e9a10; flow-decoded 1 insns to tail_jmp; preceded by terminator
0x001a9240,160,data refs=1 first=0x004e9a04; flow-decoded 47 insns to tail_jmp; preceded by terminator
0x001a9340,219,data refs=1 first=0x004e9a14; flow-decoded 62 insns to tail_jmp; preceded by terminator
0x001a94d0,277,data refs=1 first=0x004e9a24; flow-decoded 77 insns to tail_jmp; preceded by terminator
0x001a95f0,104,data refs=1 first=0x004e9a34; flow-decoded 31 insns to tail_jmp; preceded by terminator
0x001a9660,101,data refs=1 first=0x004e9a44; flow-decoded 31 insns to tail_jmp; preceded by terminator
0x001a9780,278,data refs=1 first=0x004e9a54; flow-decoded 81 insns to tail_jmp; preceded by terminator
0x001a99c0,5,data refs=1 first=0x004e9a70; flow-decoded 1 insns to tail_jmp; preceded by terminator
0x001a99d0,281,data refs=1 first=0x004e9a64; flow-decoded 79 insns to tail_jmp; preceded by terminator
0x001a9af0,38,data refs=1 first=0x004e9a78; flow-decoded 15 insns to ret; preceded by terminator
0x001a9b20,104,data refs=1 first=0x004e9a74; flow-decoded 31 insns to tail_jmp; preceded by terminator
0x001a9bf0,222,data refs=1 first=0x004e9a84; flow-decoded 62 insns to tail_jmp; preceded by terminator
0x001a9d30,219,data refs=1 first=0x004e9a94; flow-decoded 62 insns to tail_jmp; preceded by terminator
0x001a9e70,227,data refs=1 first=0x004e9aa4; flow-decoded 63 insns to tail_jmp; preceded by terminator
0x001a9f60,38,data refs=1 first=0x004e9ab8; flow-decoded 15 insns to ret; preceded by terminator
0x001a9f90,107,data refs=1 first=0x004e9ab4; flow-decoded 31 insns to tail_jmp; preceded by terminator
0x001aa000,38,data refs=1 first=0x004e9ac8; flow-decoded 15 insns to ret; preceded by terminator
0x001aa030,107,data refs=1 first=0x004e9ac4; flow-decoded 31 insns to tail_jmp; preceded by terminator
0x001aa0c0,246,data refs=1 first=0x004e9ad4; flow-decoded 70 insns to tail_jmp; preceded by terminator
0x001aa1c0,104,data refs=1 first=0x004e9ae4; flow-decoded 31 insns to tail_jmp; preceded by terminator
0x001aa230,129,data refs=1 first=0x004e9af4; flow-decoded 38 insns to tail_jmp; preceded by terminator
0x001aa2c0,107,data refs=1 first=0x004e9b04; flow-decoded 31 insns to tail_jmp; preceded by terminator
0x001aa350,224,data refs=1 first=0x004e9b14; flow-decoded 63 insns to tail_jmp; preceded by terminator
0x001aa460,274,data refs=1 first=0x004e9b24; flow-decoded 77 insns to tail_jmp; preceded by terminator
0x001aa580,38,"data refs=2 first=0x004e9b08,0x004e9b38; flow-decoded 15 insns to ret; preceded by terminator"
0x001aa5b0,101,data refs=1 first=0x004e9b34; flow-decoded 29 insns to tail_jmp; preceded by terminator
0x001aa680,38,"data refs=6 first=0x004e9528,0x004e9618; flow-decoded 15 insns to ret; preceded by terminator"
0x001aa6b0,273,data refs=1 first=0x004e9b44; flow-decoded 79 insns to tail_jmp; preceded by terminator
0x001aa7d0,112,data refs=1 first=0x004e9b54; flow-decoded 32 insns to tail_jmp; preceded by terminator
0x001aa8a0,236,data refs=1 first=0x004e9b64; flow-decoded 68 insns to tail_jmp; preceded by terminator
0x001aa990,38,"data refs=20 first=0x004e92d8,0x004e92e8; flow-decoded 15 insns to ret; preceded by terminator"
0x001aa9c0,104,data refs=1 first=0x004e9b74; flow-decoded 31 insns to tail_jmp; preceded by terminator
0x001aaa90,236,data refs=1 first=0x004e9b84; flow-decoded 68 insns to tail_jmp; preceded by terminator
0x001aabf0,274,data refs=1 first=0x004e9b94; flow-decoded 77 insns to tail_jmp; preceded by terminator
0x001aad80,274,data refs=1 first=0x004e9ba4; flow-decoded 77 insns to tail_jmp; preceded by terminator
0x001aaf10,274,data refs=1 first=0x004e9bb4; flow-decoded 77 insns to tail_jmp; preceded by terminator
0x001ab060,246,data refs=1 first=0x004e9bc4; flow-decoded 68 insns to tail_jmp; preceded by terminator
0x001ab180,219,data refs=1 first=0x004e9bd4; flow-decoded 62 insns to tail_jmp; preceded by terminator
0x001ab280,38,data refs=1 first=0x004e9be8; flow-decoded 15 insns to ret; preceded by terminator
0x001ab2b0,226,data refs=1 first=0x004e9be4; flow-decoded 66 insns to tail_jmp; preceded by terminator
0x001ab400,219,data refs=1 first=0x004e9bf4; flow-decoded 62 insns to tail_jmp; preceded by terminator
0x001ab540,196,data refs=1 first=0x004e9c04; flow-decoded 54 insns to tail_jmp; preceded by terminator
0x001ab670,176,data refs=1 first=0x004e9c14; flow-decoded 52 insns to tail_jmp; preceded by terminator
0x001ab780,224,data refs=1 first=0x004e9c24; flow-decoded 63 insns to tail_jmp; preceded by terminator
0x001ab8c0,181,data refs=1 first=0x004e9c34; flow-decoded 53 insns to tail_jmp; preceded by terminator
0x001ab9f0,249,data refs=1 first=0x004e9c44; flow-decoded 68 insns to tail_jmp; preceded by terminator
0x001abb50,176,data refs=1 first=0x004e9c54; flow-decoded 52 insns to tail_jmp; preceded by terminator
0x001abc60,176,data refs=1 first=0x004e9c64; flow-decoded 52 insns to tail_jmp; preceded by terminator
0x001abd30,218,data refs=1 first=0x004e9c74; flow-decoded 63 insns to tail_jmp; preceded by terminator
0x001abe10,38,data refs=1 first=0x004e9c88; flow-decoded 15 insns to ret; preceded by terminator
0x001abe40,88,data refs=1 first=0x004e9c84; flow-decoded 25 insns to tail_jmp; preceded by terminator
0x001abec0,218,data refs=1 first=0x004e9c94; flow-decoded 63 insns to tail_jmp; preceded by terminator
0x001abfc0,38,data refs=1 first=0x004e9ca8; flow-decoded 15 insns to ret; preceded by terminator
0x001abff0,398,data refs=1 first=0x004e9ca4; flow-decoded 114 insns to tail_jmp; preceded by terminator
0x001ac1b0,250,data refs=1 first=0x004e9cb4; flow-decoded 72 insns to tail_jmp; preceded by terminator
0x001ac310,218,data refs=1 first=0x004e9cc4; flow-decoded 63 insns to tail_jmp; preceded by terminator
0x001ac420,228,data refs=1 first=0x004e9cd4; flow-decoded 67 insns to tail_jmp; preceded by terminator
0x001ac530,218,data refs=1 first=0x004e9ce4; flow-decoded 63 insns to tail_jmp; preceded by terminator
0x001ac670,218,data refs=1 first=0x004e9cf4; flow-decoded 63 insns to tail_jmp; preceded by terminator
0x001ac7b0,218,data refs=1 first=0x004e9d04; flow-decoded 63 insns to tail_jmp; preceded by terminator
0x001ac8b0,225,data refs=1 first=0x004e9d14; flow-decoded 67 insns to tail_jmp; preceded by terminator
0x001ac9a0,92,data refs=1 first=0x004e9d24; flow-decoded 26 insns to tail_jmp; preceded by terminator
0x001aca00,132,data refs=1 first=0x004e9d34; flow-decoded 33 insns to tail_jmp; preceded by terminator
0x001aca90,98,data refs=1 first=0x004e9d44; flow-decoded 28 insns to tail_jmp; preceded by terminator
0x001acb00,126,data refs=1 first=0x004e9d54; flow-decoded 33 insns to tail_jmp; preceded by terminator
0x001acbe0,169,data refs=1 first=0x004e9d64; flow-decoded 44 insns to tail_jmp; preceded by terminator
0x001acd40,207,data refs=1 first=0x004e9d74; flow-decoded 55 insns to tail_jmp; preceded by terminator
0x001ace70,218,data refs=1 first=0x004e9d84; flow-decoded 63 insns to tail_jmp; preceded by terminator
0x001acfb0,218,data refs=1 first=0x004e9d94; flow-decoded 63 insns to tail_jmp; preceded by terminator
0x001ad0b0,218,data refs=1 first=0x004e9da4; flow-decoded 63 insns to tail_jmp; preceded by terminator
0x001ad200,275,data refs=1 first=0x004e9db4; flow-decoded 81 insns to tail_jmp; preceded by terminator
0x001ad390,278,data refs=1 first=0x004e9dc4; flow-decoded 81 insns to tail_jmp; preceded by terminator
0x001ad560,275,data refs=1 first=0x004e9dd4; flow-decoded 81 insns to tail_jmp; preceded by terminator
0x001ad6e0,221,data refs=1 first=0x004e9de4; flow-decoded 63 insns to tail_jmp; preceded by terminator
0x001ad830,162,data refs=1 first=0x004e9df4; flow-decoded 48 insns to tail_jmp; preceded by terminator
0x001ad8e0,162,data refs=1 first=0x004e9e04; flow-decoded 48 insns to tail_jmp; preceded by terminator
0x001ad9c0,162,data refs=1 first=0x004e9e14; flow-decoded 48 insns to tail_jmp; preceded by terminator
0x001ada70,162,data refs=1 first=0x004e9e24; flow-decoded 48 insns to tail_jmp; preceded by terminator
0x001adb60,200,data refs=1 first=0x004e9e34; flow-decoded 59 insns to tail_jmp; preceded by terminator
0x001adca0,162,data refs=1 first=0x004e9e44; flow-decoded 48 insns to tail_jmp; preceded by terminator
0x001add50,162,data refs=1 first=0x004e9e54; flow-decoded 48 insns to tail_jmp; preceded by terminator
0x001ade00,162,data refs=1 first=0x004e9e64; flow-decoded 48 insns to tail_jmp; preceded by terminator
0x001adeb0,162,data refs=1 first=0x004e9e74; flow-decoded 48 insns to tail_jmp; preceded by terminator
0x001adfd0,162,data refs=1 first=0x004e9e84; flow-decoded 48 insns to tail_jmp; preceded by terminator
0x001ae0c0,159,data refs=1 first=0x004e9e94; flow-decoded 48 insns to tail_jmp; preceded by terminator
0x001ae1d0,200,data refs=1 first=0x004e9ea4; flow-decoded 59 insns to tail_jmp; preceded by terminator
0x001ae2a0,159,data refs=1 first=0x004e9eb4; flow-decoded 48 insns to tail_jmp; preceded by terminator
0x001ae340,162,data refs=1 first=0x004e9ec4; flow-decoded 48 insns to tail_jmp; preceded by terminator
0x001ae3f0,162,data refs=1 first=0x004e9ed4; flow-decoded 48 insns to tail_jmp; preceded by terminator
0x001ae4a0,159,data refs=1 first=0x004e9ee4; flow-decoded 48 insns to tail_jmp; preceded by terminator
0x001ae5b0,162,data refs=1 first=0x004e9ef4; flow-decoded 48 insns to tail_jmp; preceded by terminator
0x001ae700,200,data refs=1 first=0x004e9f04; flow-decoded 59 insns to tail_jmp; preceded by terminator
0x001ae7d0,162,data refs=1 first=0x004e9f14; flow-decoded 48 insns to tail_jmp; preceded by terminator
0x001ae8b0,162,data refs=1 first=0x004e9f24; flow-decoded 48 insns to tail_jmp; preceded by terminator
0x001aea70,238,data refs=1 first=0x004e9f34; flow-decoded 70 insns to tail_jmp; preceded by terminator
0x001aeb90,162,data refs=1 first=0x004e9f44; flow-decoded 48 insns to tail_jmp; preceded by terminator
0x001aecb0,162,data refs=1 first=0x004e9f54; flow-decoded 48 insns to tail_jmp; preceded by terminator
0x001aed60,162,data refs=1 first=0x004e9f64; flow-decoded 48 insns to tail_jmp; preceded by terminator
0x001aee10,162,data refs=1 first=0x004e9f74; flow-decoded 48 insns to tail_jmp; preceded by terminator
0x001aeec0,162,data refs=1 first=0x004e9f84; flow-decoded 48 insns to tail_jmp; preceded by terminator
0x001aefe0,162,data refs=1 first=0x004e9f94; flow-decoded 48 insns to tail_jmp; preceded by terminator
0x001af090,162,data refs=1 first=0x004e9fa4; flow-decoded 48 insns to tail_jmp; preceded by terminator
0x001af170,162,data refs=1 first=0x004e9fb4; flow-decoded 48 insns to tail_jmp; preceded by terminator
0x001af220,162,data refs=1 first=0x004e9fc4; flow-decoded 48 insns to tail_jmp; preceded by terminator
0x001af2d0,162,data refs=1 first=0x004e9fd4; flow-decoded 48 insns to tail_jmp; preceded by terminator
0x001af380,162,data refs=1 first=0x004e9fe4; flow-decoded 48 insns to tail_jmp; preceded by terminator
0x001af430,162,data refs=1 first=0x004e9ff4; flow-decoded 48 insns to tail_jmp; preceded by terminator
0x001af4e0,162,data refs=1 first=0x004ea004; flow-decoded 48 insns to tail_jmp; preceded by terminator
0x001af590,162,data refs=1 first=0x004ea014; flow-decoded 48 insns to tail_jmp; preceded by terminator
0x001af640,162,data refs=1 first=0x004ea024; flow-decoded 48 insns to tail_jmp; preceded by terminator
0x001af6f0,162,data refs=1 first=0x004ea034; flow-decoded 48 insns to tail_jmp; preceded by terminator
0x001af880,200,data refs=1 first=0x004ea044; flow-decoded 59 insns to tail_jmp; preceded by terminator
0x001b1d50,104,data refs=1 first=0x004e92e4; flow-decoded 29 insns to tail_jmp; preceded by terminator
0x001b1dc0,151,data refs=1 first=0x004e92f4; flow-decoded 43 insns to tail_jmp; preceded by terminator
0x001b1e60,151,data refs=1 first=0x004e9304; flow-decoded 43 insns to tail_jmp; preceded by terminator
0x001b1f00,218,data refs=1 first=0x004e9324; flow-decoded 64 insns to tail_jmp; preceded by terminator
0x001b2030,218,data refs=1 first=0x004e9334; flow-decoded 64 insns to tail_jmp; preceded by terminator
0x001b2110,110,data refs=1 first=0x004e9344; flow-decoded 31 insns to tail_jmp; preceded by terminator
0x001b2180,110,data refs=1 first=0x004e9354; flow-decoded 31 insns to tail_jmp; preceded by terminator
0x001b21f0,110,data refs=1 first=0x004e9364; flow-decoded 31 insns to tail_jmp; preceded by terminator
0x001b22b0,268,data refs=1 first=0x004e9384; flow-decoded 78 insns to tail_jmp; preceded by terminator
0x001b23c0,110,data refs=1 first=0x004e9394; flow-decoded 31 insns to tail_jmp; preceded by terminator
0x001b2460,133,data refs=1 first=0x004e93a4; flow-decoded 37 insns to tail_jmp; preceded by terminator
0x001b24f0,133,data refs=1 first=0x004e93b4; flow-decoded 37 insns to tail_jmp; preceded by terminator
0x001b2580,243,data refs=1 first=0x004e93c4; flow-decoded 68 insns to tail_jmp; preceded by terminator
0x001b26e0,207,data refs=1 first=0x004e93d4; flow-decoded 59 insns to tail_jmp; preceded by terminator
0x001b27b0,110,data refs=1 first=0x004e93e4; flow-decoded 31 insns to tail_jmp; preceded by terminator
0x001c4ce0,170,data refs=1 first=0x004f3db4; flow-decoded 49 insns to indirect_jmp+ret; preceded by terminator
0x001c4dc0,138,data refs=1 first=0x004efc78; flow-decoded 45 insns to ret; preceded by terminator
0x001c4e50,229,data refs=1 first=0x004eff14; flow-decoded 64 insns to indirect_jmp+ret; preceded by terminator
0x001c4f60,90,"data refs=2 first=0x004f192c,0x004f8960; flow-decoded 28 insns to ret; preceded by terminator"
0x001c4fc0,486,data refs=1 first=0x004f1bc8; flow-decoded 147 insns to indirect_jmp+ret; preceded by terminator
0x001c5260,83,data refs=1 first=0x004f4ac0; flow-decoded 24 insns to ret; preceded by terminator
0x001c52c0,318,data refs=1 first=0x004f2638; flow-decoded 91 insns to indirect_jmp+ret; preceded by terminator
0x001c5450,330,data refs=1 first=0x004f28d4; flow-decoded 95 insns to indirect_jmp+ret; preceded by terminator
0x001c55f0,1885,data refs=1 first=0x004f4ff8; flow-decoded 498 insns to indirect_jmp+jmp+ret; preceded by terminator
0x001c5db0,83,data refs=1 first=0x004f5294; flow-decoded 29 insns to ret; preceded by terminator
0x001c5e10,608,data refs=1 first=0x004f1e64; flow-decoded 157 insns to indirect_jmp+jmp+ret; preceded by terminator
0x001c60b0,164,data refs=1 first=0x004f5530; flow-decoded 47 insns to ret; preceded by terminator
0x001c6160,143,data refs=1 first=0x004f57cc; flow-decoded 46 insns to ret; preceded by terminator
0x001c61f0,100,data refs=1 first=0x004f0ebc; flow-decoded 30 insns to ret; preceded by terminator
0x001c6260,128,data refs=1 first=0x004f3344; flow-decoded 33 insns to indirect_jmp+ret; preceded by terminator
0x001c6310,138,data refs=1 first=0x004f3b18; flow-decoded 35 insns to indirect_jmp+ret; preceded by terminator
0x001c63d0,169,"data refs=2 first=0x004f35e0,0x004f387c; flow-decoded 47 insns to indirect_jmp+ret; preceded by terminator"
0x001c64b0,110,data refs=1 first=0x004f4588; flow-decoded 35 insns to ret; preceded by terminator
0x001c6520,396,data refs=1 first=0x004f06e8; flow-decoded 100 insns to indirect_jmp+ret; preceded by terminator
0x001c66e0,159,data refs=1 first=0x004f0984; flow-decoded 46 insns to ret; preceded by terminator
0x001c6780,122,data refs=1 first=0x004f4824; flow-decoded 36 insns to ret; preceded by terminator
0x001c68e0,163,"data refs=2 first=0x004f42ec,0x004f93d0; flow-decoded 47 insns to indirect_jmp+ret; preceded by terminator"
0x001c69c0,179,data refs=1 first=0x004f1158; flow-decoded 50 insns to indirect_jmp+ret; preceded by terminator
0x001c6aa0,296,"data refs=1 first=0x004f1690; record 14 callback pointer (record+0x294), host census mm-var-all MEASURED indirect target in scifi_handgun phases (T1529); flow-decoded to ret at 0x1c6bc7; verifier rule no_preceding_terminator overridden (switch tables of 0x1c69c0 precede)"
0x001c6c00,478,"data refs=3 first=0x004eef6c,0x004ef208; flow-decoded 153 insns to indirect_jmp+jmp+ret; preceded by terminator"
0x001c6e40,150,data refs=1 first=0x004ef9dc; flow-decoded 47 insns to ret; preceded by terminator
0x001c6ee0,514,data refs=1 first=0x004ef4a4; flow-decoded 173 insns to indirect_jmp+ret; preceded by terminator
0x001c7160,394,data refs=1 first=0x004f4050; flow-decoded 122 insns to indirect_jmp+ret; preceded by terminator
0x001c74d0,1389,data refs=1 first=0x004f044c; flow-decoded 337 insns to indirect_jmp+jmp+ret; preceded by terminator
0x001c7e60,148,data refs=1 first=0x004f0c20; flow-decoded 39 insns to indirect_jmp+ret; preceded by terminator
0x001c7f20,191,data refs=1 first=0x004f2100; flow-decoded 54 insns to indirect_jmp+ret; preceded by terminator
0x001c8010,854,data refs=1 first=0x004f01b0; flow-decoded 244 insns to indirect_jmp+jmp+ret; preceded by terminator
0x001c83a0,315,data refs=1 first=0x004f13f4; flow-decoded 74 insns to indirect_jmp+ret; preceded by terminator
0x001c93d0,21,data refs=1 first=0x00508d58; flow-decoded 6 insns to ret; preceded by terminator
0x001c93f0,21,data refs=1 first=0x00508d70; flow-decoded 6 insns to ret; preceded by terminator
0x001c9410,21,data refs=1 first=0x00508d88; flow-decoded 6 insns to ret; preceded by terminator
0x001c9430,21,data refs=1 first=0x00508da0; flow-decoded 6 insns to ret; preceded by terminator
0x001c9450,21,data refs=1 first=0x00502ce8; flow-decoded 6 insns to ret; preceded by terminator
0x001c9470,21,data refs=1 first=0x00502d00; flow-decoded 6 insns to ret; preceded by terminator
0x001c94d0,21,data refs=1 first=0x00505cf8; flow-decoded 6 insns to ret; preceded by terminator
0x001c9510,21,data refs=1 first=0x004ffa20; flow-decoded 6 insns to ret; preceded by terminator
0x001c9550,21,data refs=1 first=0x004ffa50; flow-decoded 6 insns to ret; preceded by terminator
0x001c9590,21,data refs=1 first=0x00503908; flow-decoded 6 insns to ret; preceded by terminator
0x001c95b0,21,data refs=1 first=0x004fdb08; flow-decoded 6 insns to ret; preceded by terminator
0x001c95d0,21,data refs=1 first=0x00503920; flow-decoded 6 insns to ret; preceded by terminator
0x001c95f0,21,data refs=1 first=0x004fdb20; flow-decoded 6 insns to ret; preceded by terminator
0x001c9610,21,data refs=1 first=0x00503938; flow-decoded 6 insns to ret; preceded by terminator
0x001c9630,21,data refs=1 first=0x004fdb38; flow-decoded 6 insns to ret; preceded by terminator
0x001c9670,21,data refs=1 first=0x004fdb68; flow-decoded 6 insns to ret; preceded by terminator
0x001c9690,21,data refs=1 first=0x004fdb80; flow-decoded 6 insns to ret; preceded by terminator
0x001c96b0,21,data refs=1 first=0x004fe570; flow-decoded 6 insns to ret; preceded by terminator
0x001c96d0,21,data refs=1 first=0x004fe588; flow-decoded 6 insns to ret; preceded by terminator
0x001c96f0,21,data refs=1 first=0x004fe5a0; flow-decoded 6 insns to ret; preceded by terminator
0x001c9710,21,data refs=1 first=0x00506a00; flow-decoded 6 insns to ret; preceded by terminator
0x001c9730,21,data refs=1 first=0x004fe5b8; flow-decoded 6 insns to ret; preceded by terminator
0x001c9750,21,data refs=1 first=0x00506a18; flow-decoded 6 insns to ret; preceded by terminator
0x001c9770,21,data refs=1 first=0x004fe5d0; flow-decoded 6 insns to ret; preceded by terminator
0x001c9790,21,data refs=1 first=0x00506a30; flow-decoded 6 insns to ret; preceded by terminator
0x001c97b0,21,data refs=1 first=0x004fe5e8; flow-decoded 6 insns to ret; preceded by terminator
0x001cb960,45,called gate handler (T1468); flow-decoded 13 insns to ret; preceded by terminator
0x001cb9a0,45,called gate handler (T1468); flow-decoded 13 insns to ret; preceded by terminator
0x001cb9d0,45,called gate handler (T1468); flow-decoded 13 insns to ret; preceded by terminator
0x001cba00,45,called gate handler (T1468); flow-decoded 13 insns to ret; preceded by terminator
0x001cba30,29,called gate handler (T1468); flow-decoded 9 insns to ret; preceded by terminator
0x001cbac0,122,called gate handler (T1468); flow-decoded 33 insns to ret; preceded by terminator
0x001cbbb0,74,called gate handler (T1468); flow-decoded 25 insns to ret; preceded by terminator
0x001cbc10,24,called gate handler (T1468); flow-decoded 6 insns to ret; preceded by terminator
0x001cc320,19,called gate handler (T1468); flow-decoded 6 insns to ret; preceded by terminator
0x001cc380,56,called gate handler (T1468); flow-decoded 17 insns to ret; preceded by terminator
0x001cc3c0,124,called gate handler (T1468); flow-decoded 39 insns to ret; preceded by terminator
0x001cc440,288,called gate handler (T1468); flow-decoded 81 insns to jmp+ret+tail_jmp; preceded by terminator
0x001cc8e0,194,data refs=1 first=0x004fcb14; flow-decoded 58 insns to tail_jmp; preceded by terminator
0x001d5e10,11,data refs=1 first=0x004d2bac; flow-decoded 2 insns to ret; preceded by terminator
0x001d5e40,37,data refs=1 first=0x004d2bbc; flow-decoded 8 insns to ret; preceded by terminator
0x001d5ed0,19,data refs=1 first=0x004d2ba0; flow-decoded 5 insns to ret; preceded by terminator
0x001d7830,199,"data refs=2 first=0x004fdfc4,0x004fe11c; flow-decoded 46 insns to ret; preceded by terminator"
0x001d7900,18,data refs=1 first=0x004fe120; flow-decoded 7 insns to ret; preceded by terminator
0x001d7b80,9,data refs=1 first=0x004fe128; flow-decoded 4 insns to ret; preceded by terminator
0x001d89e0,48,data refs=1 first=0x004d2bd4; flow-decoded 17 insns to ret; preceded by terminator
0x001d8a10,153,data refs=1 first=0x004d2bd8; flow-decoded 37 insns to ret; preceded by terminator
0x001d8c40,75,data refs=1 first=0x004d2bb8; flow-decoded 17 insns to ret; preceded by terminator
0x001d9700,38,data refs=1 first=0x004d2ac0; flow-decoded 11 insns to ret; preceded by terminator
0x001d9730,805,data refs=1 first=0x004fcac0; flow-decoded 239 insns to indirect_jmp+jmp+ret; preceded by terminator
0x001dd420,229,data refs=1 first=0x004d2b9c; flow-decoded 48 insns to ret; preceded by terminator
0x001de520,26,data refs=1 first=0x004d2b34; flow-decoded 7 insns to ret; preceded by terminator
0x001de790,10,data refs=1 first=0x004d2b24; flow-decoded 5 insns to ret; preceded by terminator
0x001e0250,72,data refs=1 first=0x004d2b44; flow-decoded 22 insns to ret; preceded by terminator
0x001e1dc0,19,data refs=1 first=0x004d2a68; flow-decoded 6 insns to ret; preceded by terminator
0x001e1de0,19,data refs=1 first=0x004d2a6c; flow-decoded 6 insns to ret; preceded by terminator
0x001e1e00,219,data refs=1 first=0x004d2b18; flow-decoded 68 insns to ret; preceded by terminator
0x001e2020,134,data refs=1 first=0x004d2b38; flow-decoded 36 insns to ret; preceded by terminator
0x001e40d0,1370,"data refs=2 first=0x004ff580,0x004ff9c8; flow-decoded 374 insns to jmp+ret; preceded by terminator"
0x001e49c0,65,data refs=1 first=0x00513dd8; flow-decoded 14 insns to ret; preceded by terminator
0x001e4a10,190,T1703 callback immediate registered by 0x1E9CC0; docs/t-story-mode-flow.md; flow-decoded 50 insns to ret+tail_jmp; preceded by terminator
0x001e4ad0,149,T1703 callback immediate registered by 0x1E9CC0; docs/t-story-mode-flow.md; flow-decoded 52 insns to ret; preceded by terminator
0x001e4b70,48,data refs=1 first=0x004d2b2c; flow-decoded 17 insns to ret; preceded by terminator
0x001e4ba0,28,data refs=1 first=0x004d2c10; flow-decoded 9 insns to ret; preceded by terminator
0x001e4d50,48,data refs=1 first=0x004d2b40; flow-decoded 17 insns to ret; preceded by terminator
0x001e4d80,314,data refs=1 first=0x004d2b20; flow-decoded 84 insns to indirect_jmp+ret; preceded by terminator
0x001e69e0,162,data refs=1 first=0x004d2c1c; flow-decoded 49 insns to ret; preceded by terminator
0x001e80e0,74,data refs=1 first=0x004d2c14; flow-decoded 23 insns to ret; preceded by terminator
0x001e8bd0,166,T1703 callback immediate registered by 0x1E9CC0; docs/t-story-mode-flow.md; flow-decoded 43 insns to ret+tail_jmp; preceded by terminator
0x001e9cc0,2421,"data refs=2 first=0x004ff578,0x004ff9c0; flow-decoded 604 insns to ret+tail_jmp; preceded by terminator"
0x001ea780,77,data refs=1 first=0x004d2a94; flow-decoded 24 insns to ret; preceded by terminator
0x001ebf50,55,data refs=1 first=0x004d2b54; flow-decoded 19 insns to ret; preceded by terminator
0x001ec7a0,146,data refs=1 first=0x004d2a98; flow-decoded 45 insns to ret; preceded by terminator
0x001ec840,70,data refs=1 first=0x004d2a8c; flow-decoded 25 insns to ret; preceded by terminator
0x001ec890,70,data refs=1 first=0x004d2a90; flow-decoded 25 insns to ret; preceded by terminator
0x001ed030,160,data refs=1 first=0x004d2c2c; flow-decoded 49 insns to ret+tail_jmp; preceded by terminator
0x001ed6b0,30,data refs=1 first=0x004d2b7c; flow-decoded 11 insns to ret; preceded by terminator
0x001ed6d0,69,data refs=1 first=0x004d2b58; flow-decoded 23 insns to ret; preceded by terminator
0x001ed720,58,data refs=1 first=0x004d2b60; flow-decoded 18 insns to ret; preceded by terminator
0x001ed760,85,data refs=1 first=0x004d2b5c; flow-decoded 26 insns to ret; preceded by terminator
0x001edae0,52,data refs=1 first=0x004d2b6c; flow-decoded 21 insns to ret; preceded by terminator
0x001edb20,102,data refs=1 first=0x004d2b68; flow-decoded 33 insns to ret; preceded by terminator
0x001f1c00,293,data refs=1 first=0x00500a4c; flow-decoded 62 insns to ret; preceded by terminator
0x001f1d30,48,data refs=1 first=0x004d2b98; flow-decoded 17 insns to ret; preceded by terminator
0x001f1d60,48,data refs=1 first=0x004d2bc8; flow-decoded 17 insns to ret; preceded by terminator
0x001f1d90,254,data refs=1 first=0x004d2c28; flow-decoded 81 insns to ret; preceded by terminator
0x001f1e90,47,data refs=1 first=0x004d2c38; flow-decoded 16 insns to ret; preceded by terminator
0x001f1f60,5,data refs=1 first=0x004d2ae4; flow-decoded 1 insns to tail_jmp; preceded by terminator
0x001f20a0,29,data refs=1 first=0x004d2b28; flow-decoded 8 insns to ret; preceded by terminator
0x001f2300,127,data refs=1 first=0x004ffb88; flow-decoded 25 insns to ret; preceded by terminator
0x001f2550,5,data refs=1 first=0x004ffab0; flow-decoded 1 insns to tail_jmp; preceded by terminator
0x001f2aa0,52,data refs=1 first=0x004d2b74; flow-decoded 14 insns to ret; preceded by terminator
0x001f2ae0,23,data refs=1 first=0x004d2b78; flow-decoded 8 insns to ret; preceded by terminator
0x001f4460,88,data refs=1 first=0x004d2a9c; flow-decoded 25 insns to ret; preceded by terminator
0x001f44c0,91,data refs=1 first=0x004d2b64; flow-decoded 28 insns to ret+tail_jmp; preceded by terminator
0x001f5a10,1450,data refs=1 first=0x00500a58; flow-decoded 419 insns to jmp+ret; preceded by terminator
0x001f73f0,186,data refs=1 first=0x004d2c30; flow-decoded 56 insns to ret+tail_jmp; preceded by terminator
0x001f74b0,950,data refs=1 first=0x00502c88; flow-decoded 224 insns to jmp+ret; preceded by terminator
0x001f7870,52,data refs=1 first=0x0050374c; flow-decoded 12 insns to tail_jmp; preceded by terminator
0x001f9ce0,109,data refs=1 first=0x004d2c58; flow-decoded 27 insns to ret; preceded by terminator
0x001f9d50,68,data refs=1 first=0x004d2c5c; flow-decoded 14 insns to ret; preceded by terminator
0x001fb860,347,data refs=1 first=0x004d2bdc; flow-decoded 101 insns to jmp+ret; preceded by terminator
0x001fbc20,92,data refs=1 first=0x004d2bf0; flow-decoded 30 insns to ret; preceded by terminator
0x001fbd60,181,data refs=1 first=0x004d2be8; flow-decoded 54 insns to ret; preceded by terminator
0x001fc790,209,data refs=1 first=0x00504374; flow-decoded 44 insns to ret; preceded by terminator
0x001fc870,12,data refs=1 first=0x005044cc; flow-decoded 4 insns to ret; preceded by terminator
0x001fc880,1539,data refs=1 first=0x00504378; flow-decoded 362 insns to ret; preceded by terminator
0x001fce90,280,data refs=1 first=0x004d2bfc; flow-decoded 87 insns to jmp+ret; preceded by terminator
0x001fcfb0,172,data refs=1 first=0x0050437c; flow-decoded 26 insns to ret; preceded by terminator
0x002021b0,175,data refs=1 first=0x004d2bf8; flow-decoded 47 insns to ret; preceded by terminator
0x00202260,120,data refs=1 first=0x004d2cdc; flow-decoded 28 insns to jmp+ret; preceded by terminator
0x00205bc0,303,data refs=1 first=0x00504380; flow-decoded 88 insns to jmp+ret+tail_jmp; preceded by terminator
0x00207250,32,"data refs=2 first=0x00504a54,0x00504bac; flow-decoded 10 insns to ret; preceded by terminator"
0x00207270,177,"data refs=2 first=0x00504a58,0x00504bb0; flow-decoded 40 insns to ret; preceded by terminator"
0x00207580,12,"data refs=2 first=0x00504a60,0x00504bb8; flow-decoded 4 insns to ret; preceded by terminator"
0x00207ee0,77,"data refs=2 first=0x00504e00,0x00504f58; flow-decoded 24 insns to ret; preceded by terminator"
0x00207f30,28,"data refs=2 first=0x00504dfc,0x00504f54; flow-decoded 8 insns to ret; preceded by terminator"
0x00207f50,19,"data refs=2 first=0x00504e04,0x00504f5c; flow-decoded 4 insns to tail_jmp; preceded by terminator"
0x002084a0,25,"data refs=2 first=0x00504e08,0x00504f60; flow-decoded 6 insns to ret+tail_jmp; preceded by terminator"
0x00208510,50,data refs=1 first=0x004d2ab8; flow-decoded 14 insns to ret; preceded by terminator
0x00208990,115,data refs=1 first=0x00505b2c; flow-decoded 26 insns to ret; preceded by terminator
0x00208a10,9,data refs=1 first=0x00505c84; flow-decoded 4 insns to ret; preceded by terminator
0x00208a20,31,data refs=1 first=0x004d2c90; flow-decoded 8 insns to ret; preceded by terminator
0x00208b70,1745,data refs=1 first=0x00505b30; flow-decoded 433 insns to ret; preceded by terminator
0x00209250,22,data refs=1 first=0x00505b34; flow-decoded 7 insns to ret; preceded by terminator
0x0020c800,200,data refs=1 first=0x004d2ac8; flow-decoded 60 insns to jmp+ret; preceded by terminator
0x0020c920,52,data refs=1 first=0x004d2c98; flow-decoded 13 insns to ret; preceded by terminator
0x0020c960,27,data refs=1 first=0x004d2c9c; flow-decoded 7 insns to ret; preceded by terminator
0x0020ca10,2004,data refs=1 first=0x00506850; flow-decoded 501 insns to ret; preceded by terminator
0x0020d1f0,314,data refs=1 first=0x004d2ccc; flow-decoded 96 insns to jmp+ret; preceded by terminator
0x0020d380,28,data refs=1 first=0x004d2c64; flow-decoded 8 insns to ret; preceded by terminator
0x0020e430,265,data refs=1 first=0x004d2c78; flow-decoded 63 insns to ret; preceded by terminator
0x0020e810,24,data refs=1 first=0x004d2c94; flow-decoded 6 insns to ret; preceded by terminator
0x0020fb50,123,data refs=1 first=0x004d2c44; flow-decoded 36 insns to jmp+ret; preceded by terminator
0x00210068,68,data refs=1 first=0x004ca0c0; flow-decoded 21 insns to ret; preceded by terminator
0x00210580,248,data refs=1 first=0x00507844; flow-decoded 53 insns to ret; preceded by terminator
0x00210680,32,data refs=1 first=0x004d2aa0; flow-decoded 9 insns to ret; preceded by terminator
0x00210820,20,data refs=1 first=0x004d2b84; flow-decoded 6 insns to ret; preceded by terminator
0x00210840,20,data refs=1 first=0x004d2b88; flow-decoded 6 insns to ret; preceded by terminator
0x00212130,39,data refs=1 first=0x004d2bcc; flow-decoded 12 insns to ret; preceded by terminator
0x00212440,52,data refs=1 first=0x004d2b8c; flow-decoded 14 insns to ret; preceded by terminator
0x00213730,426,data refs=1 first=0x004d2aa4; flow-decoded 128 insns to indirect_jmp+jmp+ret; preceded by terminator
0x00213b60,21,data refs=1 first=0x00548ed8; flow-decoded 8 insns to ret; preceded by terminator
0x00213b80,21,data refs=1 first=0x00548ef0; flow-decoded 8 insns to ret; preceded by terminator
0x00213ba0,21,data refs=1 first=0x00548f08; flow-decoded 8 insns to ret; preceded by terminator
0x00213bc0,21,data refs=1 first=0x00548f20; flow-decoded 8 insns to ret; preceded by terminator
0x00213c00,21,data refs=1 first=0x00548f50; flow-decoded 8 insns to ret; preceded by terminator
0x00213f50,716,data refs=1 first=0x00507850; flow-decoded 215 insns to tail_jmp; preceded by terminator
0x00214220,979,data refs=1 first=0x00507848; flow-decoded 284 insns to ret; preceded by terminator
0x00215790,21,data refs=1 first=0x004d2cb4; flow-decoded 8 insns to ret+tail_jmp; preceded by terminator
0x00216820,149,data refs=1 first=0x004d2c00; flow-decoded 46 insns to ret; preceded by terminator
0x00217030,28,data refs=1 first=0x004d2c7c; flow-decoded 7 insns to ret; preceded by terminator
0x00217050,5599,census 2026-10-07 indirect-call target (census-ingame session); body decoded to ret or tail jmp; preceded by terminator or function end
0x002188e0,33,data refs=1 first=0x004d2ab4; flow-decoded 11 insns to ret; preceded by terminator
0x00218ab0,410,"data refs=2 first=0x00508494,0x005085ec; flow-decoded 84 insns to ret; preceded by terminator"
0x00219380,25,census 2026-10-07 indirect-call target (census-ingame session); body decoded to ret or tail jmp; preceded by terminator or function end
0x0021ad00,74,"data refs=2 first=0x005084a0,0x005085f8; flow-decoded 20 insns to ret; preceded by terminator"
0x0021ad50,474,"data refs=2 first=0x00508498,0x005085f0; flow-decoded 108 insns to ret; preceded by terminator"
0x0021af30,18,"data refs=2 first=0x00508b7c,0x00508cd4; flow-decoded 6 insns to ret; preceded by terminator"
0x0021af50,49,"data refs=2 first=0x00508b80,0x00508cd8; flow-decoded 13 insns to ret; preceded by terminator"
0x0021af90,211,"data refs=2 first=0x00508b88,0x00508ce0; flow-decoded 56 insns to ret; preceded by terminator"
0x0021b440,40,data refs=1 first=0x004d2c80; flow-decoded 12 insns to ret; preceded by terminator
0x0021b510,40,data refs=1 first=0x004d2c88; flow-decoded 8 insns to ret; preceded by terminator
0x0021bb90,28,data refs=1 first=0x004d2ab0; flow-decoded 9 insns to ret; preceded by terminator
0x0021bbb0,77,data refs=1 first=0x004d2aac; flow-decoded 24 insns to ret; preceded by terminator
0x0021c750,84,data refs=1 first=0x005096cc; flow-decoded 18 insns to ret; preceded by terminator
0x0021cee0,1596,data refs=1 first=0x005096d0; flow-decoded 377 insns to ret; preceded by terminator
0x00220350,605,data refs=1 first=0x004fcaec; flow-decoded 188 insns to indirect_jmp+jmp+ret; preceded by terminator
0x00220600,342,data refs=1 first=0x005096d8; flow-decoded 86 insns to ret+tail_jmp; preceded by terminator
0x00220790,72,"data refs=3 first=0x00509abc,0x00509c14; flow-decoded 16 insns to tail_jmp; preceded by terminator"
0x002207e0,276,data refs=1 first=0x00509d70; flow-decoded 66 insns to ret; preceded by terminator
0x002209c0,278,data refs=1 first=0x004fcae8; flow-decoded 61 insns to indirect_jmp+ret; preceded by terminator
0x00220dc0,5,"data refs=2 first=0x00509ac8,0x00509c20; flow-decoded 1 insns to tail_jmp; preceded by terminator"
0x00220e20,25,"data refs=3 first=0x00509f0c,0x0050a064; flow-decoded 8 insns to ret; preceded by terminator"
0x00220e40,22,"data refs=3 first=0x00509f10,0x0050a068; flow-decoded 7 insns to ret; preceded by terminator"
0x00220f60,42,data refs=1 first=0x004fcab4; flow-decoded 11 insns to ret; preceded by terminator
0x002210a0,5,"data refs=3 first=0x00509f18,0x0050a070; flow-decoded 1 insns to tail_jmp; preceded by terminator"
0x002210b0,18,"data refs=3 first=0x0050a33c,0x0050a494; flow-decoded 6 insns to ret; preceded by terminator"
0x002211a0,46,"data refs=2 first=0x0050a498,0x0050a5f0; flow-decoded 17 insns to ret; preceded by terminator"
0x002211d0,59,census 2026-10-07 indirect-call target (menu session 20261007-005808-menu); body decoded to ret or tail jmp; preceded by terminator or function end
0x00221a10,44,data refs=1 first=0x004d2cb8; flow-decoded 13 insns to ret; preceded by terminator
0x00221b60,156,data refs=1 first=0x004d2aa8; flow-decoded 47 insns to indirect_jmp+ret; preceded by terminator
0x00221c50,29,data refs=1 first=0x0050ad74; flow-decoded 7 insns to ret; preceded by terminator
0x00221c70,25,data refs=1 first=0x0050ad80; flow-decoded 5 insns to tail_jmp; preceded by terminator
0x00221c90,551,data refs=1 first=0x0050ad78; flow-decoded 132 insns to ret; preceded by terminator
0x00222120,20,data refs=1 first=0x0050b234; flow-decoded 5 insns to ret+tail_jmp; preceded by terminator
0x00222540,241,data refs=1 first=0x004fcaa0; flow-decoded 57 insns to indirect_jmp+ret; preceded by terminator
0x002226f0,68,"data refs=3 first=0x0050b3ac,0x0050b504; flow-decoded 16 insns to ret; preceded by terminator"
0x00222740,28,"data refs=3 first=0x0050b3b0,0x0050b508; flow-decoded 8 insns to ret; preceded by terminator"
0x00222b60,114,"data refs=3 first=0x0050b3b8,0x0050b510; flow-decoded 27 insns to ret; preceded by terminator"
0x00222be0,18,"data refs=3 first=0x0050b7bc,0x0050b914; flow-decoded 6 insns to ret; preceded by terminator"
0x00222d90,5,"data refs=3 first=0x0050b7c8,0x0050b920; flow-decoded 1 insns to tail_jmp; preceded by terminator"
0x00222da0,198,data refs=1 first=0x004d2abc; flow-decoded 60 insns to jmp+ret; preceded by terminator
0x00222e70,59,data refs=1 first=0x004d2ac4; flow-decoded 17 insns to ret; preceded by terminator
0x00222eb0,59,data refs=1 first=0x0050c384; flow-decoded 16 insns to ret; preceded by terminator
0x00222ef0,1853,data refs=1 first=0x0050c388; flow-decoded 440 insns to ret; preceded by terminator
0x00223630,19,data refs=1 first=0x0050c4dc; flow-decoded 5 insns to ret; preceded by terminator
0x00223650,47,data refs=1 first=0x0050c4e0; flow-decoded 13 insns to ret; preceded by terminator
0x00223890,61,data refs=1 first=0x004d2ae8; flow-decoded 21 insns to ret; preceded by terminator
0x00224160,10,data refs=1 first=0x0050c390; flow-decoded 2 insns to tail_jmp; preceded by terminator
0x00224730,583,data refs=1 first=0x004d2ce0; flow-decoded 134 insns to jmp+ret; preceded by terminator
0x00224980,83,data refs=1 first=0x004d2c84; flow-decoded 26 insns to ret; preceded by terminator
0x00225350,100,data refs=1 first=0x004d2c50; flow-decoded 31 insns to ret; preceded by terminator
0x00225830,15,data refs=1 first=0x0050c7dc; flow-decoded 4 insns to ret+tail_jmp; preceded by terminator
0x002259d0,32,"data refs=3 first=0x0050caa4,0x0050cbfc; flow-decoded 10 insns to ret; preceded by terminator"
0x002259f0,27,"data refs=3 first=0x0050caa8,0x0050cc00; flow-decoded 10 insns to ret; preceded by terminator"
0x00225a10,5,"data refs=3 first=0x0050cab0,0x0050cc08; flow-decoded 1 insns to tail_jmp; preceded by terminator"
0x00225a20,33,data refs=1 first=0x004fca90; flow-decoded 7 insns to ret+tail_jmp; preceded by terminator
0x00225bf0,90,data refs=1 first=0x0050d3b8; flow-decoded 28 insns to ret; preceded by terminator
0x00225c50,26,data refs=1 first=0x0050d3c0; flow-decoded 7 insns to ret; preceded by terminator
0x00226310,56,data refs=1 first=0x0050d71c; flow-decoded 16 insns to ret; preceded by terminator
0x002270f0,15,"data refs=2 first=0x0050d874,0x0050d9cc; flow-decoded 4 insns to tail_jmp; preceded by terminator"
0x00228d80,8,"data refs=12 first=0x0050e09c,0x0050e0b0; flow-decoded 3 insns to ret; preceded by terminator"
0x00228ff0,8,"data refs=12 first=0x0050e4d8,0x0050e4ec; flow-decoded 3 insns to ret; preceded by terminator"
0x00229250,83,"data refs=2 first=0x0050e4c4,0x0050e648; flow-decoded 25 insns to ret; preceded by terminator"
0x00229b70,145,"data refs=3 first=0x0050eb80,0x0050ed00; flow-decoded 44 insns to ret; preceded by terminator"
0x0022a040,79,"data refs=3 first=0x0050f52c,0x0050f5bc; flow-decoded 26 insns to jmp+ret; preceded by terminator"
0x0022aab0,9,data refs=1 first=0x0050fa84; flow-decoded 3 insns to ret; preceded by terminator
0x0022bdb0,9,data refs=1 first=0x00510054; flow-decoded 3 insns to ret; preceded by terminator
0x0022bde0,9,data refs=1 first=0x00510068; flow-decoded 3 insns to ret; preceded by terminator
0x0022be60,12,data refs=1 first=0x00510374; flow-decoded 3 insns to ret; preceded by terminator
0x0022c360,57,data refs=1 first=0x00510648; flow-decoded 17 insns to ret; preceded by terminator
0x00232e30,30,data refs=1 first=0x004fca78; flow-decoded 7 insns to ret; preceded by terminator
0x00234a30,18,data refs=1 first=0x004d2b80; flow-decoded 5 insns to tail_jmp; preceded by terminator
0x00234a50,101,data refs=1 first=0x004d2b90; flow-decoded 25 insns to ret; preceded by terminator
0x00234ac0,132,data refs=1 first=0x004d2b94; flow-decoded 34 insns to ret; preceded by terminator
0x00234c70,33,data refs=1 first=0x004d2c3c; flow-decoded 10 insns to ret; preceded by terminator
0x00234ca0,33,data refs=1 first=0x004d2c40; flow-decoded 10 insns to ret; preceded by terminator
0x00234d00,54,data refs=1 first=0x004d2c68; flow-decoded 22 insns to ret; preceded by terminator
0x00234d40,94,data refs=1 first=0x004d2c74; flow-decoded 36 insns to jmp+ret; preceded by terminator
0x00234da0,62,data refs=1 first=0x004d2c6c; flow-decoded 17 insns to ret; preceded by terminator
0x00249960,425,data refs=1 first=0x004d2bc0; flow-decoded 89 insns to ret; preceded by terminator
0x0024a100,38,data refs=1 first=0x004d2bc4; flow-decoded 11 insns to ret; preceded by terminator
0x0024d220,64,data refs=1 first=0x004d2b50; flow-decoded 22 insns to ret; preceded by terminator
0x00251450,931,data refs=1 first=0x004fcad4; flow-decoded 188 insns to jmp+ret; preceded by terminator
0x002532d0,242,T1703 callback immediate registered by 0x1E9CC0; docs/t-story-mode-flow.md; flow-decoded 49 insns to indirect_jmp+ret+tail_jmp; preceded by terminator
0x0025f250,65,data refs=1 first=0x004d2a58; flow-decoded 18 insns to ret; preceded by terminator
0x0025f4c0,85,data refs=1 first=0x004d2a30; flow-decoded 28 insns to ret; preceded by terminator
0x0025f630,100,data refs=1 first=0x004d2a38; flow-decoded 37 insns to ret; preceded by terminator
0x00272450,518,data refs=1 first=0x004d2cd4; flow-decoded 168 insns to jmp+ret; preceded by terminator
0x002768c0,38,data refs=1 first=0x00520644; flow-decoded 9 insns to tail_jmp; preceded by terminator
0x002768f0,263,data refs=1 first=0x0052063c; flow-decoded 77 insns to ret; preceded by terminator
0x00276a00,16,data refs=1 first=0x00520630; flow-decoded 4 insns to tail_jmp; preceded by terminator
0x00276a10,111,"data refs=2 first=0x0052062c,0x00520634; flow-decoded 28 insns to ret; preceded by terminator"
0x00276a80,219,data refs=1 first=0x00520640; flow-decoded 65 insns to ret; preceded by terminator
0x00276ca0,9,data refs=1 first=0x00520650; flow-decoded 3 insns to ret; preceded by terminator
0x00276cb0,37,data refs=1 first=0x0052064c; flow-decoded 9 insns to tail_jmp; preceded by terminator
0x00276ce0,45,data refs=1 first=0x0052065c; flow-decoded 14 insns to ret; preceded by terminator
0x00276ef0,37,data refs=1 first=0x00520658; flow-decoded 9 insns to tail_jmp; preceded by terminator
0x002770d0,239,data refs=1 first=0x00520638; flow-decoded 73 insns to jmp+ret; preceded by terminator
0x002b1e80,16,data refs=1 first=0x004fca70; flow-decoded 5 insns to ret; preceded by terminator
0x002bf7a0,103,data refs=1 first=0x005236e8; flow-decoded 31 insns to ret; preceded by terminator
0x002bfa70,376,data refs=1 first=0x0052370c; flow-decoded 119 insns to jmp+tail_jmp; preceded by terminator
0x002bfc30,654,data refs=1 first=0x00523720; flow-decoded 141 insns to jmp+ret; preceded by terminator
0x002c0490,320,data refs=1 first=0x00523760; flow-decoded 101 insns to jmp+ret+tail_jmp; preceded by terminator
0x002c1570,691,data refs=1 first=0x00523730; flow-decoded 219 insns to jmp+ret; preceded by terminator
0x002c19f0,671,data refs=1 first=0x0052372c; flow-decoded 194 insns to jmp+ret; preceded by terminator
0x002c1ea0,347,data refs=1 first=0x0052374c; flow-decoded 115 insns to jmp+ret; preceded by terminator
0x002c2bc0,86,data refs=1 first=0x0052373c; flow-decoded 21 insns to tail_jmp; preceded by terminator
0x002c2c20,126,data refs=1 first=0x0052375c; flow-decoded 36 insns to ret; preceded by terminator
0x002c3ac0,180,menu item callback pushed as immediate and called once by 0x7b0f8 in the T1568 Audio/Video census (MEASURED); flow-decoded 38 insns to ret+tail_jmp; preceded by terminator
0x002c3bf0,67,menu item callback pushed as immediate and called once by 0x7b0f8 in the T1568 Audio/Video census (MEASURED); flow-decoded 16 insns to ret+tail_jmp; preceded by terminator
0x002c3c40,235,data refs=1 first=0x0052376c; flow-decoded 71 insns to ret+tail_jmp; preceded by terminator
0x002c4190,127,data refs=1 first=0x00523784; flow-decoded 54 insns to ret; preceded by terminator
0x002c5c70,2568,data refs=1 first=0x005237e8; flow-decoded 648 insns to jmp+ret; preceded by terminator
0x002c6680,932,data refs=1 first=0x005237e0; flow-decoded 254 insns to jmp+ret; preceded by terminator
0x002c6a30,349,data refs=1 first=0x005237f4; flow-decoded 112 insns to jmp+ret; preceded by terminator
0x002c6b90,235,data refs=1 first=0x005237fc; flow-decoded 67 insns to ret; preceded by terminator
0x002c76b0,96,data refs=1 first=0x00523804; flow-decoded 35 insns to jmp+ret; preceded by terminator
0x002c8560,175,data refs=1 first=0x00523810; flow-decoded 46 insns to tail_jmp; preceded by terminator
0x002c8670,200,data refs=1 first=0x00523820; flow-decoded 57 insns to tail_jmp; preceded by terminator
0x002c8940,475,data refs=1 first=0x00523830; flow-decoded 128 insns to jmp+ret; preceded by terminator
0x002c9040,200,data refs=1 first=0x00523850; flow-decoded 57 insns to tail_jmp; preceded by terminator
0x002c9480,361,data refs=1 first=0x00523860; flow-decoded 110 insns to jmp+tail_jmp; preceded by terminator
0x002c9a80,46,data refs=1 first=0x00523874; flow-decoded 13 insns to ret; preceded by terminator
0x002c9ae0,294,data refs=1 first=0x00523880; flow-decoded 83 insns to tail_jmp; preceded by terminator
0x002ca230,253,data refs=1 first=0x005238a0; flow-decoded 73 insns to jmp+tail_jmp; preceded by terminator
0x002ca960,127,data refs=1 first=0x005238b0; flow-decoded 34 insns to tail_jmp; preceded by terminator
0x002cac30,225,data refs=1 first=0x005238c0; flow-decoded 55 insns to tail_jmp; preceded by terminator
0x002cb090,321,data refs=1 first=0x005238e0; flow-decoded 93 insns to jmp+tail_jmp; preceded by terminator
0x002cb6c0,51,data refs=1 first=0x005238f8; flow-decoded 19 insns to ret; preceded by terminator
0x002cb700,991,data refs=1 first=0x005238f4; flow-decoded 225 insns to indirect_jmp+jmp+ret; preceded by terminator
0x002cbb60,59,data refs=1 first=0x00523904; flow-decoded 10 insns to ret+tail_jmp; preceded by terminator
0x002cbe10,25,menu item callback pushed as immediate and called once by 0x7b0f8 in the T1568 Audio/Video census (MEASURED); flow-decoded 7 insns to ret; preceded by terminator
0x002cbf00,156,"T1474 census (menu-controls): decoded flow, 156 contiguous bytes, int3 pad; unblocked by the 0x2c00f0 span repair"
0x002cbfa0,30,menu item callback pushed as immediate and called once by the back dispatcher 0x7b1e6 in the T1568 Audio/Video census (MEASURED); flow-decoded 7 insns to ret; preceded by terminator
0x002cbfc0,383,data refs=1 first=0x00523910; flow-decoded 113 insns to tail_jmp; preceded by terminator
0x002cc170,321,data refs=1 first=0x00523920; flow-decoded 104 insns to jmp+tail_jmp; preceded by terminator
0x002cc390,141,data refs=1 first=0x00523934; flow-decoded 52 insns to jmp+ret; preceded by terminator
0x002cd150,79,"T1474 census (menu-progress): decoded flow to ret at 0x2cd19e, 79 contiguous bytes; unblocked by the 0x2c00f0 span repair"
0x002ce460,278,data refs=1 first=0x00524488; flow-decoded 75 insns to jmp+ret; preceded by terminator
0x002cf120,238,data refs=1 first=0x00524498; flow-decoded 63 insns to tail_jmp; preceded by terminator
0x002cf450,17,"data refs=2 first=0x005244ac,0x005244bc; flow-decoded 4 insns to ret; preceded by terminator"
0x002cf470,124,"data refs=2 first=0x005244a8,0x005244b8; flow-decoded 31 insns to tail_jmp; preceded by terminator"
0x002cf500,92,data refs=1 first=0x005244c8; flow-decoded 24 insns to ret; preceded by terminator
0x002cf560,19,data refs=1 first=0x005244cc; flow-decoded 5 insns to ret; preceded by terminator
0x002cf650,108,data refs=1 first=0x005244d8; flow-decoded 27 insns to tail_jmp; preceded by terminator
0x002cf8e0,152,data refs=1 first=0x005244e8; flow-decoded 47 insns to tail_jmp; preceded by terminator
0x002d01c0,93,data refs=1 first=0x005244f8; flow-decoded 24 insns to tail_jmp; preceded by terminator
0x002d0220,81,"data refs=2 first=0x00524508,0x00524518; flow-decoded 25 insns to tail_jmp; preceded by terminator"
0x002d0310,72,data refs=1 first=0x00524528; flow-decoded 22 insns to ret; preceded by terminator
0x002d03f0,75,data refs=1 first=0x00524538; flow-decoded 22 insns to ret; preceded by terminator
0x002d0460,308,data refs=1 first=0x00524548; flow-decoded 86 insns to tail_jmp; preceded by terminator
0x002d0620,83,data refs=1 first=0x00524558; flow-decoded 25 insns to ret; preceded by terminator
0x002d0760,287,data refs=1 first=0x00524568; flow-decoded 78 insns to tail_jmp; preceded by terminator
0x002d08c0,163,data refs=1 first=0x00524578; flow-decoded 45 insns to tail_jmp; preceded by terminator
0x002d09a0,182,data refs=1 first=0x00524588; flow-decoded 54 insns to tail_jmp; preceded by terminator
0x002d0be0,829,data refs=1 first=0x00524598; flow-decoded 249 insns to jmp+ret; preceded by terminator
0x002d0f40,5,data refs=1 first=0x005245ac; flow-decoded 1 insns to tail_jmp; preceded by terminator
0x002d0f50,233,data refs=1 first=0x005245a8; flow-decoded 65 insns to tail_jmp; preceded by terminator
0x002d1bf0,232,data refs=1 first=0x0052464c; flow-decoded 68 insns to ret; preceded by terminator
0x002d1d40,22,data refs=1 first=0x00524660; flow-decoded 8 insns to ret; preceded by terminator
0x002d1e60,177,"data refs=2 first=0x00524670,0x00524690; flow-decoded 64 insns to jmp+ret; preceded by terminator"
0x002d1f20,310,data refs=1 first=0x0052466c; flow-decoded 89 insns to tail_jmp; preceded by terminator
0x002d2060,150,data refs=1 first=0x0052467c; flow-decoded 36 insns to jmp+tail_jmp; preceded by terminator
0x002d2170,71,data refs=1 first=0x005246ac; flow-decoded 21 insns to tail_jmp; preceded by terminator
0x002d21f0,90,data refs=1 first=0x005246bc; flow-decoded 25 insns to tail_jmp; preceded by terminator
0x002d2350,308,data refs=1 first=0x005246cc; flow-decoded 93 insns to ret; preceded by terminator
0x002d4220,308,data refs=1 first=0x005236ec; flow-decoded 95 insns to jmp+tail_jmp; preceded by terminator
0x002d4480,79,data refs=1 first=0x005236fc; flow-decoded 20 insns to tail_jmp; preceded by terminator
0x002d44d0,445,data refs=1 first=0x0052371c; flow-decoded 89 insns to ret; preceded by terminator
0x002d4d00,4333,data refs=1 first=0x005237e4; flow-decoded 1061 insns to indirect_jmp+jmp+ret; preceded by terminator
0x002d5e70,145,data refs=1 first=0x00523800; flow-decoded 44 insns to ret; preceded by terminator
0x002d6250,146,data refs=1 first=0x00523890; flow-decoded 39 insns to tail_jmp; preceded by terminator
0x002d62f0,409,data refs=1 first=0x005238d0; flow-decoded 135 insns to ret; preceded by terminator
0x002d6810,404,data refs=1 first=0x00523940; flow-decoded 122 insns to jmp+tail_jmp; preceded by terminator
0x002d6d50,186,"T1474 census (menu-profile): decoded flow to ret at 0x2d6e09, 186 contiguous bytes, int3 pad; unblocked by the 0x2c00f0 span repair"
0x002d7520,84,data refs=1 first=0x005246ec; flow-decoded 17 insns to ret+tail_jmp; preceded by terminator
0x002d7580,38,data refs=1 first=0x005246e8; flow-decoded 13 insns to ret; preceded by terminator
0x002d8060,152,"T1474 census (in-level die and pause): decoded flow to ret at 0x2d80f7, 152 contiguous bytes, int3 pad; unblocked by the 0x2c00f0 span repair"
0x002e47b0,56,"T1474 census (in-level die and pause): decoded flow, 56 contiguous bytes, int3 pad; unblocked by the 0x2c00f0 span repair"
0x002e92a0,310,data refs=1 first=0x00524a00; flow-decoded 87 insns to jmp+ret; preceded by terminator
0x002e93e0,422,data refs=1 first=0x00524a04; flow-decoded 112 insns to jmp+ret; preceded by terminator
0x002e9a20,96,data refs=1 first=0x00524a20; flow-decoded 26 insns to ret; preceded by terminator
0x002e9e50,77,callback immediate at 0x2ea86a passed to row builder 0x79d60; T1650 docs/t1650-controls-callbacks.md; flow-decoded 19 insns to tail_jmp; preceded by terminator
0x002e9ea0,21,callback immediate at 0x2ea8a1 passed to row builder 0x79d60; T1650 docs/t1650-controls-callbacks.md; flow-decoded 4 insns to tail_jmp; preceded by terminator
0x002e9ec0,254,data refs=1 first=0x00524a30; flow-decoded 76 insns to ret; preceded by terminator
0x002e9fc0,184,back callback push at 0x2ea941 passed to page builder 0x75b70; T1650 docs/t1650-controls-callbacks.md; flow-decoded 51 insns to ret+tail_jmp; preceded by terminator
0x002ea080,393,"T1474 census (menu-controls): decoded flow to ret at 0x2ea208, 393 contiguous bytes, int3 pad; unblocked by the 0x2c00f0 span repair (function_overrides.csv)"
0x002ea210,63,layout callback push at 0x2ea47d and 0x2ea4e6 passed to row builder 0x79d60; T1650 docs/t1650-controls-callbacks.md; flow-decoded 14 insns to ret+tail_jmp; preceded by terminator
0x002ea250,411,"T1474 census (menu-controls): decoded flow to ret at 0x2ea3ea, 411 contiguous bytes, int3 pad; unblocked by the 0x2c00f0 span repair"
0x002ea8e0,587,data refs=1 first=0x00524a40; flow-decoded 166 insns to jmp+ret; preceded by terminator
0x002eafc0,107,data refs=1 first=0x00524a54; flow-decoded 33 insns to ret+tail_jmp; preceded by terminator
0x002eb130,15,data refs=1 first=0x00524a64; flow-decoded 5 insns to ret+tail_jmp; preceded by terminator
0x002eb170,115,data refs=1 first=0x00524a60; flow-decoded 36 insns to ret; preceded by terminator
0x002eb9e0,303,data refs=1 first=0x00524a70; flow-decoded 98 insns to ret; preceded by terminator
0x002ebb80,48,"T1474 census (in-level pause): decoded flow to ret at 0x2ebbaf, 48 contiguous bytes; unblocked by the 0x2c00f0 span repair"
0x002ebe90,403,data refs=1 first=0x00524a80; flow-decoded 125 insns to jmp+ret; preceded by terminator
0x002ec4a0,333,data refs=1 first=0x00524a9c; flow-decoded 91 insns to ret; preceded by terminator
0x002ec5f0,89,data refs=1 first=0x00524a94; flow-decoded 28 insns to ret; preceded by terminator
0x002ec7f0,94,data refs=1 first=0x00524aac; flow-decoded 26 insns to ret+tail_jmp; preceded by terminator
0x002ee930,87,data refs=1 first=0x00524adc; flow-decoded 28 insns to ret+tail_jmp; preceded by terminator
0x002ef6c0,149,data refs=1 first=0x00524ab8; flow-decoded 42 insns to jmp+ret; preceded by terminator
0x002ef7c0,136,data refs=1 first=0x00524acc; flow-decoded 47 insns to jmp+ret; preceded by terminator
0x002ef850,319,data refs=1 first=0x00524ac8; flow-decoded 88 insns to jmp+ret; preceded by terminator
0x002ef990,91,data refs=1 first=0x00524ad8; flow-decoded 26 insns to ret; preceded by terminator
0x002efa40,160,data refs=1 first=0x00524ae8; flow-decoded 47 insns to ret; preceded by terminator
0x002efb40,160,data refs=1 first=0x00524af8; flow-decoded 47 insns to ret; preceded by terminator
0x002efbf0,155,data refs=1 first=0x00524b08; flow-decoded 47 insns to ret; preceded by terminator
0x002efc90,22,data refs=1 first=0x00524b0c; flow-decoded 8 insns to ret; preceded by terminator
0x002efd30,156,data refs=1 first=0x00524b1c; flow-decoded 45 insns to ret; preceded by terminator
0x002efdd0,5,data refs=1 first=0x00524b20; flow-decoded 1 insns to tail_jmp; preceded by terminator
0x002efde0,58,data refs=1 first=0x00524b30; flow-decoded 15 insns to ret; preceded by terminator
0x002efe20,86,data refs=1 first=0x00524b2c; flow-decoded 26 insns to tail_jmp; preceded by terminator
0x002efea0,141,data refs=1 first=0x00524b3c; flow-decoded 40 insns to tail_jmp; preceded by terminator
0x002eff60,144,data refs=1 first=0x00524b4c; flow-decoded 43 insns to ret; preceded by terminator
0x002efff0,5,data refs=1 first=0x00524b50; flow-decoded 1 insns to tail_jmp; preceded by terminator
0x002f00c0,606,data refs=1 first=0x00524b5c; flow-decoded 175 insns to jmp+ret; preceded by terminator
0x002f0340,148,data refs=1 first=0x00524b6c; flow-decoded 42 insns to ret; preceded by terminator
0x002f03e0,86,data refs=1 first=0x00524b7c; flow-decoded 26 insns to tail_jmp; preceded by terminator
0x002f0480,127,data refs=1 first=0x00524b8c; flow-decoded 37 insns to ret; preceded by terminator
0x002f2ab0,185,data refs=1 first=0x00524794; flow-decoded 46 insns to ret; preceded by terminator
0x002f2bb0,171,data refs=1 first=0x00524720; flow-decoded 54 insns to ret; preceded by terminator
0x002f3c70,43,"T1474 census (in-level pause and die): decoded flow to ret at 0x2f3c9a, 43 contiguous bytes, int3 pad; unblocked by the 0x2c00f0 span repair"
0x002f4e80,676,data refs=1 first=0x00524a10; flow-decoded 181 insns to jmp+ret; preceded by terminator
0x002f5130,62,data refs=1 first=0x00524780; flow-decoded 14 insns to tail_jmp; preceded by terminator
0x002f5520,884,"T1474 census (in-level pause): decoded flow, 884 contiguous bytes, int3 pad; unblocked by the 0x2c00f0 span repair"
0x002f58a0,114,data refs=1 first=0x00524aa8; flow-decoded 25 insns to ret; preceded by terminator
0x002f6070,238,data refs=1 first=0x00524770; flow-decoded 70 insns to tail_jmp; preceded by terminator
0x002f6220,253,data refs=1 first=0x005247b0; flow-decoded 65 insns to jmp+ret; preceded by terminator
0x002f7570,156,data refs=1 first=0x00524710; flow-decoded 40 insns to ret; preceded by terminator
0x002f7700,19,data refs=1 first=0x00524bc0; flow-decoded 8 insns to ret; preceded by terminator
0x002f7720,19,data refs=1 first=0x00524bd0; flow-decoded 8 insns to ret; preceded by terminator
0x002f7740,47,data refs=1 first=0x00524724; flow-decoded 12 insns to ret; preceded by terminator
0x0030acb0,127,data refs=1 first=0x0052cf08; flow-decoded 35 insns to jmp+ret; preceded by terminator
0x0030ad30,87,data refs=1 first=0x0052cf0c; flow-decoded 17 insns to ret; preceded by terminator
0x0030ad90,95,data refs=1 first=0x0052cf10; flow-decoded 24 insns to ret; preceded by terminator
0x0030adf0,120,data refs=1 first=0x0052cf14; flow-decoded 32 insns to jmp+ret; preceded by terminator
0x0030ae70,44,"data refs=4 first=0x0052cf28,0x0052cf2c; flow-decoded 15 insns to ret; preceded by terminator"
0x0030b3a0,212,data refs=1 first=0x0052cf24; flow-decoded 65 insns to ret; preceded by terminator
0x00311ae0,181,data refs=1 first=0x0052d468; flow-decoded 57 insns to jmp+ret; preceded by terminator
0x00312270,763,data refs=1 first=0x0052d484; flow-decoded 216 insns to ret; preceded by terminator
0x00312570,48,data refs=1 first=0x0052d488; flow-decoded 15 insns to ret+tail_jmp; preceded by terminator
0x003127d0,17,data refs=1 first=0x0052d200; flow-decoded 7 insns to ret; preceded by terminator
0x003127f0,17,data refs=1 first=0x0052d38c; flow-decoded 7 insns to ret; preceded by terminator
0x00312ca0,115,data refs=1 first=0x0052d4a8; flow-decoded 29 insns to ret+tail_jmp; preceded by terminator
0x00312d20,50,data refs=1 first=0x0052d4c8; flow-decoded 17 insns to ret; preceded by terminator
0x00313010,699,data refs=1 first=0x0052d464; flow-decoded 215 insns to ret; preceded by terminator
0x003133e0,1690,data refs=1 first=0x0052d474; flow-decoded 485 insns to jmp+ret; preceded by terminator
0x00313fe0,456,data refs=1 first=0x0052d1c8; flow-decoded 111 insns to jmp+ret; preceded by terminator
0x003143c0,84,data refs=1 first=0x0052d4b8; flow-decoded 17 insns to ret+tail_jmp; preceded by terminator
0x00314420,545,data refs=1 first=0x0052d494; flow-decoded 149 insns to jmp+ret; preceded by terminator
0x00314a30,27,data refs=1 first=0x0052d514; flow-decoded 6 insns to indirect_jmp+ret; preceded by terminator
0x00314a50,105,data refs=1 first=0x0052d518; flow-decoded 36 insns to ret; preceded by terminator
0x00314e90,38,data refs=1 first=0x0052d528; flow-decoded 13 insns to ret; preceded by terminator
0x00314ec0,25,data refs=1 first=0x0052d52c; flow-decoded 7 insns to ret; preceded by terminator
0x00315060,215,data refs=1 first=0x0052d970; flow-decoded 54 insns to ret; preceded by terminator
0x00315140,279,data refs=1 first=0x0052d980; flow-decoded 76 insns to ret; preceded by terminator
0x00315630,232,data refs=1 first=0x0052d9f4; flow-decoded 60 insns to ret; preceded by terminator
0x00315720,118,data refs=1 first=0x0052d510; flow-decoded 32 insns to ret; preceded by terminator
0x00315b30,471,data refs=1 first=0x0052d990; flow-decoded 142 insns to ret; preceded by terminator
0x00316920,514,data refs=1 first=0x0052de00; flow-decoded 129 insns to ret+tail_jmp; preceded by terminator
0x00316b30,23,"data refs=6 first=0x0052de04,0x0052de14; flow-decoded 8 insns to ret+tail_jmp; preceded by terminator"
0x00316b50,444,data refs=1 first=0x0052ddfc; flow-decoded 120 insns to jmp+tail_jmp; preceded by terminator
0x00317750,41,"data refs=2 first=0x0052de10,0x0052de20; flow-decoded 15 insns to ret+tail_jmp; preceded by terminator"
0x00317900,97,data refs=1 first=0x0052e8d8; flow-decoded 32 insns to ret; preceded by terminator
0x00317970,86,data refs=1 first=0x0052e91c; flow-decoded 29 insns to ret; preceded by terminator
0x003179d0,360,"data refs=2 first=0x0052de0c,0x0052de1c; flow-decoded 87 insns to jmp+tail_jmp; preceded by terminator"
0x00317b40,36,data refs=1 first=0x0052de2c; flow-decoded 9 insns to ret; preceded by terminator
0x00317b70,14,data refs=1 first=0x0052de30; flow-decoded 4 insns to ret; preceded by terminator
0x00317b80,66,data refs=1 first=0x0052de34; flow-decoded 19 insns to ret; preceded by terminator
0x00317bd0,46,data refs=1 first=0x0052de38; flow-decoded 13 insns to ret; preceded by terminator
0x00317c00,37,data refs=1 first=0x0052de3c; flow-decoded 8 insns to ret; preceded by terminator
0x00317c30,6,data refs=1 first=0x0052de40; flow-decoded 2 insns to ret; preceded by terminator
0x00317c40,36,data refs=1 first=0x0052de44; flow-decoded 10 insns to ret; preceded by terminator
0x00318280,41,data refs=1 first=0x0052de5c; flow-decoded 11 insns to ret+tail_jmp; preceded by terminator
0x003182b0,150,data refs=1 first=0x0052de70; flow-decoded 51 insns to jmp+ret; preceded by terminator
0x00318350,1387,data refs=1 first=0x0052de6c; flow-decoded 395 insns to tail_jmp; preceded by terminator
0x003188c0,551,data refs=1 first=0x0052de7c; flow-decoded 158 insns to jmp+ret; preceded by terminator
0x00318af0,111,data refs=1 first=0x0052de90; flow-decoded 40 insns to jmp+ret; preceded by terminator
0x00318be0,536,data refs=1 first=0x0052de8c; flow-decoded 158 insns to ret; preceded by terminator
0x00318e00,153,data refs=1 first=0x0052dea0; flow-decoded 59 insns to ret; preceded by terminator
0x00318ea0,490,data refs=1 first=0x0052de9c; flow-decoded 139 insns to ret; preceded by terminator
0x003190c0,295,data refs=1 first=0x0052deac; flow-decoded 84 insns to jmp+ret; preceded by terminator
0x003191f0,240,data refs=1 first=0x0052debc; flow-decoded 67 insns to ret; preceded by terminator
0x003192e0,31,"data refs=4 first=0x0052d478,0x0052de50; flow-decoded 13 insns to ret; preceded by terminator"
0x00319300,310,data refs=1 first=0x0052decc; flow-decoded 90 insns to ret; preceded by terminator
0x00319bd0,456,data refs=1 first=0x0052dfe0; flow-decoded 131 insns to ret; preceded by terminator
0x0031ab80,326,data refs=1 first=0x0052e050; flow-decoded 95 insns to ret; preceded by terminator
0x0031b490,206,data refs=1 first=0x0052e014; flow-decoded 65 insns to ret; preceded by terminator
0x0031b6b0,285,data refs=1 first=0x0052e010; flow-decoded 65 insns to ret; preceded by terminator
0x0031b7d0,221,"data refs=3 first=0x0052e020,0x0052e030; flow-decoded 61 insns to jmp+ret; preceded by terminator"
0x0031bac0,61,data refs=1 first=0x0052cdcc; flow-decoded 15 insns to ret; preceded by terminator
0x0031bb00,47,data refs=1 first=0x0052cdd0; flow-decoded 12 insns to ret; preceded by terminator
0x0031bb30,48,data refs=1 first=0x0052cdd4; flow-decoded 14 insns to ret; preceded by terminator
0x0031bdf0,67,data refs=1 first=0x00524c38; flow-decoded 24 insns to ret; preceded by terminator
0x0031c9e0,212,data refs=1 first=0x0052e07c; flow-decoded 62 insns to ret; preceded by terminator
0x0031cb80,5,"data refs=2 first=0x0052e08c,0x0052e09c; flow-decoded 1 insns to tail_jmp; preceded by terminator"
0x0031d140,21,data refs=1 first=0x0052e088; flow-decoded 7 insns to ret; preceded by terminator
0x0031d160,21,data refs=1 first=0x0052e098; flow-decoded 7 insns to ret; preceded by terminator
0x0031d180,313,data refs=1 first=0x0052e0a8; flow-decoded 82 insns to ret; preceded by terminator
0x0031d3a0,52,data refs=1 first=0x00524c34; flow-decoded 12 insns to tail_jmp; preceded by terminator
0x0031da30,20,data refs=1 first=0x0052e17c; flow-decoded 6 insns to ret; preceded by terminator
0x0031db70,68,data refs=1 first=0x0052e180; flow-decoded 21 insns to ret; preceded by terminator
0x0031de90,19,"data refs=12 first=0x0052e0e0,0x0052e12c; flow-decoded 6 insns to ret; preceded by terminator"
0x0031deb0,47,"data refs=3 first=0x0052e2f4,0x0052e38c; flow-decoded 16 insns to ret; preceded by terminator"
0x0031dee0,19,data refs=1 first=0x0052e3d8; flow-decoded 6 insns to ret; preceded by terminator
0x0031df00,18,data refs=1 first=0x0052e6d0; flow-decoded 6 insns to ret; preceded by terminator
0x0031df20,6,"data refs=2 first=0x0052e704,0x0052e738; flow-decoded 2 insns to ret; preceded by terminator"
0x0031e380,37,data refs=1 first=0x0052e5b8; flow-decoded 11 insns to ret; preceded by terminator
0x0031e400,37,data refs=1 first=0x0052e5d0; flow-decoded 11 insns to ret; preceded by terminator
0x0031ea10,70,data refs=1 first=0x0052e564; flow-decoded 18 insns to ret; preceded by terminator
0x0031f5e0,89,"data refs=2 first=0x0052e9dc,0x0052e9ec; flow-decoded 32 insns to ret; preceded by terminator"
0x0031fdc0,367,data refs=1 first=0x0052ea28; flow-decoded 100 insns to jmp+ret; preceded by terminator
0x00320160,58,data refs=1 first=0x0052ea3c; flow-decoded 19 insns to ret+tail_jmp; preceded by terminator
0x003201a0,41,data refs=1 first=0x0052ea40; flow-decoded 12 insns to ret+tail_jmp; preceded by terminator
0x00321860,74,data refs=1 first=0x0052e560; flow-decoded 21 insns to ret; preceded by terminator
0x003223a0,410,data refs=1 first=0x0052ea58; flow-decoded 119 insns to ret; preceded by terminator
0x003227f0,68,data refs=1 first=0x0052e474; flow-decoded 25 insns to jmp+ret; preceded by terminator
0x00322bb0,399,data refs=1 first=0x0052e9c8; flow-decoded 95 insns to ret; preceded by terminator
0x00324220,144,data refs=1 first=0x0052e918; flow-decoded 40 insns to ret; preceded by terminator
0x00324790,46,data refs=1 first=0x0052ea0c; flow-decoded 19 insns to ret; preceded by terminator
0x003248d0,302,"data refs=2 first=0x0052e864,0x0052e894; flow-decoded 93 insns to ret; preceded by terminator"
0x00324c90,265,"data refs=2 first=0x0052e874,0x0052e8a4; flow-decoded 95 insns to jmp+ret; preceded by terminator"
0x00325230,81,data refs=1 first=0x0052ea4c; flow-decoded 23 insns to tail_jmp; preceded by terminator
0x00325530,128,data refs=1 first=0x0052e8b4; flow-decoded 32 insns to ret+tail_jmp; preceded by terminator
0x003258b0,93,data refs=1 first=0x0052e90c; flow-decoded 30 insns to ret; preceded by terminator
0x00326460,22,data refs=1 first=0x0052e558; flow-decoded 9 insns to ret; preceded by terminator
0x003278d0,405,data refs=1 first=0x0052e9f8; flow-decoded 99 insns to jmp+ret; preceded by terminator
0x00327a70,852,data refs=1 first=0x0052ea08; flow-decoded 238 insns to jmp+ret; preceded by terminator
0x00327f90,626,"data refs=2 first=0x0052e860,0x0052e890; flow-decoded 163 insns to ret; preceded by terminator"
0x00328350,674,"data refs=2 first=0x0052e870,0x0052e8a0; flow-decoded 169 insns to jmp+ret; preceded by terminator"
0x00328850,924,data refs=1 first=0x0052ea38; flow-decoded 240 insns to jmp+ret; preceded by terminator
0x00328d20,4056,data refs=1 first=0x0052ea48; flow-decoded 1106 insns to jmp+ret; preceded by terminator
0x0032a230,305,data refs=1 first=0x0052ea18; flow-decoded 90 insns to jmp+ret; preceded by terminator
0x0032ad70,87,data refs=1 first=0x0052ea78; flow-decoded 25 insns to tail_jmp; preceded by terminator
0x0032aee0,255,data refs=1 first=0x0052ea98; flow-decoded 79 insns to jmp+tail_jmp; preceded by terminator
0x0032bdd0,208,data refs=1 first=0x0052ea8c; flow-decoded 75 insns to jmp+ret+tail_jmp; preceded by terminator
0x0032bea0,1384,data refs=1 first=0x0052ea88; flow-decoded 383 insns to jmp+ret+tail_jmp; preceded by terminator
0x0032c410,1209,data refs=1 first=0x0052ea9c; flow-decoded 395 insns to indirect_jmp+jmp+ret+tail_jmp; preceded by terminator
0x0032c930,181,data refs=1 first=0x0052eaa8; flow-decoded 51 insns to tail_jmp; preceded by terminator
0x0032c9f0,181,data refs=1 first=0x0052eab8; flow-decoded 51 insns to tail_jmp; preceded by terminator
0x003368b0,39,data refs=1 first=0x0052eb20; flow-decoded 12 insns to ret; preceded by terminator
0x003368e0,39,data refs=1 first=0x0052eb24; flow-decoded 12 insns to ret; preceded by terminator
0x00336910,53,data refs=1 first=0x0052eb28; flow-decoded 16 insns to ret; preceded by terminator
0x00336950,39,data refs=1 first=0x0052eb2c; flow-decoded 12 insns to ret; preceded by terminator
0x00336980,101,data refs=1 first=0x0052eb30; flow-decoded 31 insns to jmp+ret; preceded by terminator
0x003369f0,97,data refs=1 first=0x0052eb34; flow-decoded 29 insns to jmp+ret; preceded by terminator
0x00336a60,47,data refs=1 first=0x0052eb38; flow-decoded 14 insns to ret; preceded by terminator
0x00336a90,97,data refs=1 first=0x0052eb3c; flow-decoded 29 insns to jmp+ret; preceded by terminator
0x00336b00,67,data refs=1 first=0x0052eb40; flow-decoded 22 insns to ret; preceded by terminator
0x00336b50,67,data refs=1 first=0x0052eb44; flow-decoded 22 insns to ret; preceded by terminator
0x00336ba0,67,data refs=1 first=0x0052eb48; flow-decoded 22 insns to ret; preceded by terminator
0x00336bf0,47,data refs=1 first=0x0052eb4c; flow-decoded 14 insns to ret; preceded by terminator
0x00336c20,47,data refs=1 first=0x0052eb50; flow-decoded 14 insns to ret; preceded by terminator
0x00336d30,39,data refs=1 first=0x0052eb54; flow-decoded 10 insns to ret; preceded by terminator
0x00336d60,42,data refs=1 first=0x0052eb58; flow-decoded 12 insns to ret; preceded by terminator
0x00336d90,42,data refs=1 first=0x0052eb5c; flow-decoded 12 insns to ret; preceded by terminator
0x00336dc0,42,data refs=1 first=0x0052eb60; flow-decoded 12 insns to ret; preceded by terminator
0x00336df0,55,data refs=1 first=0x0052eb64; flow-decoded 17 insns to ret; preceded by terminator
0x00336e30,39,data refs=1 first=0x0052eb68; flow-decoded 12 insns to ret; preceded by terminator
0x00336e60,48,data refs=1 first=0x0052eb6c; flow-decoded 15 insns to ret; preceded by terminator
0x00336e90,60,data refs=1 first=0x0052eb70; flow-decoded 16 insns to ret; preceded by terminator
0x00336ed0,39,data refs=1 first=0x0052eb74; flow-decoded 12 insns to ret; preceded by terminator
0x00336f00,48,data refs=1 first=0x0052eb78; flow-decoded 14 insns to ret; preceded by terminator
0x00336f30,42,data refs=1 first=0x0052eb7c; flow-decoded 13 insns to ret; preceded by terminator
0x00337000,47,data refs=1 first=0x0052eb88; flow-decoded 14 insns to ret; preceded by terminator
0x00337030,47,data refs=1 first=0x0052eb8c; flow-decoded 14 insns to ret; preceded by terminator
0x00337060,52,data refs=1 first=0x0052eb90; flow-decoded 23 insns to ret; preceded by terminator
0x003377e0,34,data refs=1 first=0x0052eb98; flow-decoded 8 insns to tail_jmp; preceded by terminator
0x00337810,163,data refs=1 first=0x0052eba8; flow-decoded 53 insns to jmp+ret; preceded by terminator
0x003378c0,42,data refs=1 first=0x0052eba0; flow-decoded 14 insns to ret; preceded by terminator
0x00337a50,243,data refs=1 first=0x0052eb9c; flow-decoded 96 insns to ret; preceded by terminator
0x00337d80,245,data refs=1 first=0x0052eba4; flow-decoded 91 insns to ret; preceded by terminator
0x00337ed0,333,data refs=1 first=0x0052ec78; flow-decoded 82 insns to ret; preceded by terminator
0x00339030,154,data refs=1 first=0x0052ed28; flow-decoded 46 insns to indirect_jmp+ret; preceded by terminator
0x00339350,115,data refs=1 first=0x0052ed2c; flow-decoded 36 insns to indirect_jmp+ret; preceded by terminator
0x00339410,100,data refs=1 first=0x0052ed30; flow-decoded 31 insns to jmp+ret; preceded by terminator
0x00339560,119,data refs=1 first=0x0052ed34; flow-decoded 38 insns to jmp+ret; preceded by terminator
0x003396e0,102,data refs=1 first=0x0052ed38; flow-decoded 32 insns to ret; preceded by terminator
0x00339780,101,data refs=1 first=0x0052ed3c; flow-decoded 32 insns to ret; preceded by terminator
0x00339af0,347,data refs=1 first=0x0052ed40; flow-decoded 105 insns to jmp+ret; preceded by terminator
0x00339f80,59,data refs=1 first=0x0052ed68; flow-decoded 16 insns to ret; preceded by terminator
0x0033a030,95,data refs=1 first=0x0052ed74; flow-decoded 28 insns to ret; preceded by terminator
0x0033a130,85,data refs=1 first=0x0052ed7c; flow-decoded 28 insns to ret; preceded by terminator
0x0033a210,112,data refs=1 first=0x0052ed80; flow-decoded 37 insns to ret; preceded by terminator
0x0033a3c0,119,data refs=1 first=0x0052ed84; flow-decoded 42 insns to ret; preceded by terminator
0x0033a660,208,data refs=1 first=0x0052ed8c; flow-decoded 71 insns to ret; preceded by terminator
0x0033a7f0,83,data refs=1 first=0x0052ed90; flow-decoded 25 insns to ret; preceded by terminator
0x0033a850,51,"data refs=2 first=0x0052ed44,0x0052ed9c; flow-decoded 15 insns to ret; preceded by terminator"
0x0033a9e0,58,data refs=1 first=0x0052eda4; flow-decoded 16 insns to ret; preceded by terminator
0x0033b210,120,"data refs=2 first=0x0052edd0,0x0052eddc; flow-decoded 34 insns to ret; preceded by terminator"
0x0033b5b0,25,"data refs=6 first=0x0052edb0,0x0052edd4; flow-decoded 10 insns to ret; preceded by terminator"
0x0033d7b0,68,data refs=1 first=0x004fcb04; flow-decoded 19 insns to indirect_jmp+ret; preceded by terminator
0x0033d8c0,165,data refs=1 first=0x004fcb00; flow-decoded 37 insns to indirect_jmp+jmp+ret; preceded by terminator
0x0033dc50,70,data refs=1 first=0x004fcafc; flow-decoded 19 insns to ret; preceded by terminator
0x0033e110,405,"data refs=6 first=0x00527120,0x0052713c; flow-decoded 119 insns to jmp+ret; preceded by terminator"
0x0033e2b0,39,"data refs=6 first=0x0052705c,0x00527078; flow-decoded 13 insns to ret; preceded by terminator"
0x0033e780,45,data refs=1 first=0x00524cb4; flow-decoded 15 insns to ret; preceded by terminator
0x0033e7b0,61,data refs=1 first=0x00524ccc; flow-decoded 20 insns to ret; preceded by terminator
0x0033e8b0,24,data refs=1 first=0x00524ec4; flow-decoded 8 insns to ret; preceded by terminator
0x0033eae0,209,"data refs=2 first=0x00524e7c,0x00524e94; flow-decoded 80 insns to ret; preceded by terminator"
0x0033f300,122,data refs=1 first=0x0052ed58; flow-decoded 39 insns to ret; preceded by terminator
0x0033f380,121,data refs=1 first=0x0052ed5c; flow-decoded 39 insns to ret; preceded by terminator
0x0033f480,674,data refs=1 first=0x0052ed64; flow-decoded 172 insns to jmp+ret; preceded by terminator
0x0033fb50,379,"data refs=2 first=0x0052edac,0x0052ede8; flow-decoded 100 insns to jmp+ret; preceded by terminator"
0x00340260,251,data refs=1 first=0x004fcaf4; flow-decoded 80 insns to jmp+ret; preceded by terminator
0x00340900,111,"data refs=2 first=0x0051a8e8,0x0051a99c; flow-decoded 33 insns to jmp+ret+tail_jmp; preceded by terminator"
0x00340970,104,"data refs=2 first=0x0051ab04,0x0051abb8; flow-decoded 31 insns to ret+tail_jmp; preceded by terminator"
0x00340c70,387,data refs=1 first=0x0052ed4c; flow-decoded 115 insns to jmp+ret; preceded by terminator
0x0034eb00,337,"census-called indirect target, Story Uplink (T1554); flow-decoded 109 insns to indirect_jmp+jmp+ret; preceded by terminator"
0x0034f5b0,2046,"census-called indirect target, Story Uplink (T1554); flow-decoded 478 insns to jmp+ret; preceded by terminator"
0x0035de00,11,data refs=1 first=0x00541c68; flow-decoded 2 insns to ret; preceded by terminator
0x0035de20,11,data refs=1 first=0x00541c70; flow-decoded 2 insns to ret; preceded by terminator
0x0035de40,11,data refs=1 first=0x00541c78; flow-decoded 2 insns to ret; preceded by terminator
0x0035de80,48,"data refs=5 first=0x00541cb0,0x00541d28; flow-decoded 15 insns to jmp+ret; preceded by terminator"
0x00361630,214,data refs=1 first=0x00545d84; flow-decoded 62 insns to ret; preceded by terminator
0x00365ea0,10,data refs=1 first=0x004ffaf8; flow-decoded 2 insns to tail_jmp; preceded by terminator
0x003661f0,16,data refs=1 first=0x004d2bb0; flow-decoded 3 insns to ret; preceded by terminator
0x0036e7b0,12,data refs=1 first=0x00547810; flow-decoded 3 insns to ret; preceded by terminator
0x0036e7c0,38,data refs=1 first=0x00547814; flow-decoded 10 insns to ret; preceded by terminator
0x00370fb0,19,data refs=1 first=0x0054797c; flow-decoded 5 insns to ret; preceded by terminator
0x00370fd0,1056,data refs=1 first=0x00547980; flow-decoded 265 insns to indirect_jmp+jmp+ret; preceded by terminator
0x00371410,738,data refs=1 first=0x00547984; flow-decoded 209 insns to jmp+tail_jmp; preceded by terminator
0x00371890,448,data refs=1 first=0x005479fc; flow-decoded 101 insns to ret; preceded by terminator
0x00371a50,297,data refs=1 first=0x00547a00; flow-decoded 89 insns to ret; preceded by terminator
0x00371b80,204,data refs=1 first=0x005479f8; flow-decoded 55 insns to jmp+ret; preceded by terminator
0x00371c50,93,data refs=1 first=0x00547a08; flow-decoded 22 insns to ret; preceded by terminator
0x00371cb0,210,data refs=1 first=0x00547a0c; flow-decoded 53 insns to jmp+ret; preceded by terminator
0x00371d90,89,data refs=1 first=0x00547a10; flow-decoded 31 insns to ret; preceded by terminator
0x00371df0,64,data refs=1 first=0x00547a18; flow-decoded 14 insns to ret; preceded by terminator
0x00371e30,113,data refs=1 first=0x00547a1c; flow-decoded 26 insns to ret; preceded by terminator
0x00371eb0,19,data refs=1 first=0x00547a20; flow-decoded 5 insns to ret; preceded by terminator
0x00372cd0,106,data refs=1 first=0x005480a8; flow-decoded 34 insns to ret; preceded by terminator
0x00372d40,53,data refs=1 first=0x005480b8; flow-decoded 15 insns to ret; preceded by terminator
0x00372d80,767,data refs=1 first=0x005480c0; flow-decoded 216 insns to ret; preceded by terminator
0x003735c0,141,data refs=1 first=0x0054813c; flow-decoded 34 insns to ret; preceded by terminator
0x00373650,715,data refs=1 first=0x005482ac; flow-decoded 246 insns to indirect_jmp+jmp+ret; preceded by terminator
0x003739b0,67,data refs=1 first=0x005482b8; flow-decoded 21 insns to ret; preceded by terminator
0x00373a00,338,data refs=1 first=0x005480c4; flow-decoded 79 insns to jmp+ret; preceded by terminator
0x00373b60,385,data refs=1 first=0x005482b4; flow-decoded 89 insns to ret; preceded by terminator
0x00373cf0,73,data refs=1 first=0x005482c8; flow-decoded 14 insns to ret; preceded by terminator
0x00373d40,203,data refs=1 first=0x005482c4; flow-decoded 45 insns to ret; preceded by terminator
0x00373e10,456,data refs=1 first=0x00548614; flow-decoded 121 insns to jmp+ret; preceded by terminator
0x00375040,201,data refs=1 first=0x00548794; flow-decoded 68 insns to jmp+ret; preceded by terminator
0x00375350,585,data refs=1 first=0x005487c0; flow-decoded 140 insns to ret; preceded by terminator
0x003756e0,244,data refs=1 first=0x005487e8; flow-decoded 76 insns to jmp+ret; preceded by terminator
0x003757e0,140,data refs=1 first=0x004d2c08; flow-decoded 46 insns to ret; preceded by terminator
0x00375870,144,data refs=1 first=0x0054880c; flow-decoded 50 insns to ret; preceded by terminator
0x00375900,39,data refs=1 first=0x00548820; flow-decoded 8 insns to ret; preceded by terminator
0x00375930,50,data refs=1 first=0x0054881c; flow-decoded 14 insns to ret; preceded by terminator
0x00375d70,99,data refs=1 first=0x00548e88; flow-decoded 33 insns to ret; preceded by terminator
0x003761c0,40,data refs=1 first=0x00548e44; flow-decoded 16 insns to ret; preceded by terminator
0x00376550,237,data refs=1 first=0x004d2c70; flow-decoded 77 insns to ret; preceded by terminator
0x00376710,239,data refs=1 first=0x00548e5c; flow-decoded 72 insns to jmp+ret; preceded by terminator
0x00376800,53,data refs=1 first=0x00548e6c; flow-decoded 15 insns to ret; preceded by terminator
0x00376840,87,data refs=1 first=0x00548e90; flow-decoded 30 insns to ret; preceded by terminator
0x003768a0,23,data refs=1 first=0x00548ea4; flow-decoded 6 insns to ret; preceded by terminator
0x003768c0,109,data refs=1 first=0x00548ea0; flow-decoded 30 insns to ret; preceded by terminator
0x00376930,39,data refs=1 first=0x00548e94; flow-decoded 13 insns to ret; preceded by terminator
0x003776b0,118,data refs=1 first=0x00548f74; flow-decoded 33 insns to ret; preceded by terminator
0x003777f0,22,data refs=1 first=0x00548f80; flow-decoded 7 insns to ret; preceded by terminator
0x00377e70,1057,data refs=1 first=0x00548f78; flow-decoded 276 insns to indirect_jmp+jmp+ret; preceded by terminator
0x003782b0,313,data refs=1 first=0x00548f7c; flow-decoded 89 insns to indirect_jmp+ret; preceded by terminator
0x003784f0,29,"census 2026-10-07 indirect-call target (mm-weapons2 flamethrower session, T1517); body decoded to ret; callback address pushed by 10 effect spawn sites; preceded by terminator"
0x0037a9d0,155,data refs=1 first=0x004e6cf8; flow-decoded 42 insns to ret; preceded by terminator
0x0037fe9b,9,data refs=1 first=0x004a18cc; flow-decoded 3 insns to ret; preceded by terminator
0x003801d9,116,T1643 scan-all candidate; docs/t1643-function-starts.md; flow-decoded 34 insns to jmp+ret; preceded by terminator
0x003847b6,25,T1643 scan-all candidate; docs/t1643-function-starts.md; flow-decoded 7 insns to ret; preceded by terminator
0x003847d2,86,data refs=1 first=0x00549650; flow-decoded 26 insns to ret; preceded by terminator
0x00384859,8,data refs=1 first=0x004a1cf0; flow-decoded 2 insns to tail_jmp; preceded by terminator
0x00384861,8,data refs=1 first=0x004a1d48; flow-decoded 2 insns to tail_jmp; preceded by terminator
0x0038493b,16,T1643 scan-all candidate; docs/t1643-function-starts.md; flow-decoded 6 insns to ret; preceded by terminator
0x00385cf0,27,T1643 scan-all candidate; docs/t1643-function-starts.md; flow-decoded 6 insns to ret; preceded by terminator
0x00385ea1,8,"data refs=4 first=0x004a1f34,0x004a1f38; flow-decoded 2 insns to ret; preceded by terminator"
0x00385ea9,3,"data refs=2 first=0x004a1f4c,0x004a1fcc; flow-decoded 1 insns to ret; preceded by terminator"
0x00385eaf,5,"data refs=2 first=0x004a1f60,0x004a2058; flow-decoded 2 insns to ret; preceded by terminator"
0x00385eb4,8,"data refs=6 first=0x004a1f54,0x004a1f64; flow-decoded 2 insns to ret; preceded by terminator"
0x00385ebc,8,"data refs=5 first=0x004a1f58,0x004a1f74; flow-decoded 2 insns to ret; preceded by terminator"
0x00385ec4,8,"data refs=8 first=0x004a1f68,0x004a1f78; flow-decoded 2 insns to ret; preceded by terminator"
0x00385ecc,8,"data refs=6 first=0x004a1f3c,0x004a1f6c; flow-decoded 2 insns to ret; preceded by terminator"
0x00385ed4,9,data refs=1 first=0x004a1f30; flow-decoded 3 insns to ret; preceded by terminator
0x00385edd,56,"data refs=2 first=0x004a1f44,0x004a203c; flow-decoded 24 insns to ret; preceded by terminator"
0x00385fc8,12,data refs=1 first=0x004a1f1c; flow-decoded 3 insns to ret; preceded by terminator
0x00385ff3,12,data refs=1 first=0x004a1f24; flow-decoded 3 insns to ret; preceded by terminator
0x00386020,66,T1643 scan-all candidate; docs/t1643-function-starts.md; flow-decoded 27 insns to ret; preceded by terminator
0x003860b1,23,data refs=1 first=0x004a1f9c; flow-decoded 6 insns to ret; preceded by terminator
0x003860c8,12,data refs=1 first=0x004a1fa4; flow-decoded 3 insns to ret; preceded by terminator
0x00386300,49,data refs=1 first=0x004a1fbc; flow-decoded 23 insns to ret; preceded by terminator
0x003863f9,12,data refs=1 first=0x004a1ff4; flow-decoded 4 insns to ret; preceded by terminator
0x00386526,109,data refs=1 first=0x004a1fa0; flow-decoded 45 insns to ret; preceded by terminator
0x00386940,4,data refs=1 first=0x004a1f98; flow-decoded 3 insns to ret; preceded by terminator
0x00386944,16,"data refs=2 first=0x004a1fec,0x004a2064; flow-decoded 4 insns to ret; preceded by terminator"
0x00386954,27,data refs=1 first=0x004a1fc4; flow-decoded 9 insns to ret; preceded by terminator
0x0038696f,33,data refs=1 first=0x004a1fc8; flow-decoded 14 insns to ret; preceded by terminator
0x00386990,120,data refs=1 first=0x004a1fa8; flow-decoded 44 insns to jmp+ret; preceded by terminator
0x00386a08,107,data refs=1 first=0x004a1fd0; flow-decoded 41 insns to ret; preceded by terminator
0x00386b58,14,T1643 scan-all candidate; docs/t1643-function-starts.md; flow-decoded 4 insns to ret; preceded by terminator
0x00386c69,12,data refs=1 first=0x004a2014; flow-decoded 3 insns to ret; preceded by terminator
0x00386c75,12,data refs=1 first=0x004a201c; flow-decoded 3 insns to ret; preceded by terminator
0x00386e01,25,data refs=1 first=0x004a2044; flow-decoded 8 insns to ret; preceded by terminator
0x00386e1a,4,"data refs=3 first=0x004a1fb0,0x004a2010; flow-decoded 3 insns to ret; preceded by terminator"
0x00387114,10,T1643 scan-all candidate; docs/t1643-function-starts.md; flow-decoded 4 insns to ret; preceded by terminator
0x0038711e,90,T1643 scan-all candidate; docs/t1643-function-starts.md; flow-decoded 30 insns to ret; preceded by terminator
0x00387674,23,T1643 scan-all candidate; docs/t1643-function-starts.md; flow-decoded 6 insns to ret; preceded by terminator
0x0038768b,23,T1643 scan-all candidate; docs/t1643-function-starts.md; flow-decoded 6 insns to ret; preceded by terminator
0x00388c4f,23,T1643 scan-all candidate; docs/t1643-function-starts.md; flow-decoded 6 insns to ret; preceded by terminator
0x00388c66,23,T1643 scan-all candidate; docs/t1643-function-starts.md; flow-decoded 6 insns to ret; preceded by terminator
0x00389440,154,T1643 scan-all candidate; docs/t1643-function-starts.md; flow-decoded 37 insns to ret; preceded by terminator
0x003894e0,364,T1643 scan-all candidate; docs/t1643-function-starts.md; flow-decoded 127 insns to jmp+ret; preceded by terminator
0x0038a3ac,101,T1643 scan-all candidate; docs/t1643-function-starts.md; flow-decoded 20 insns to jmp+ret; preceded by terminator
0x00395808,26,"T1643 scan-all candidate; data refs=2 first=0x0054d2d8,0x0054d2f8; flow-decoded 12 insns to ret; preceded by terminator"
0x00395828,47,"T1643 scan-all candidate; data refs=2 first=0x0054d2c8,0x0054d2e8; flow-decoded 15 insns to ret; preceded by terminator"
0x00395858,79,"data refs=2 first=0x0054d2dc,0x0054d2fc; flow-decoded 22 insns to ret; preceded by terminator"
0x003958a8,100,"data refs=2 first=0x0054d2cc,0x0054d2ec; flow-decoded 27 insns to ret; preceded by terminator"
0x00395918,190,T1643 scan-all candidate; data refs=1 first=0x0054d2e0; flow-decoded 48 insns to ret; preceded by terminator
0x003959d8,190,T1643 scan-all candidate; data refs=1 first=0x0054d300; flow-decoded 48 insns to ret; preceded by terminator
0x00395a98,227,T1643 scan-all candidate; data refs=1 first=0x0054d2d0; flow-decoded 57 insns to ret; preceded by terminator
0x00395b88,227,T1643 scan-all candidate; data refs=1 first=0x0054d2f0; flow-decoded 57 insns to ret; preceded by terminator
0x00395c78,724,T1643 scan-all candidate; data refs=1 first=0x0054d2e4; flow-decoded 159 insns to ret; preceded by terminator
0x00395f58,724,T1643 scan-all candidate; data refs=1 first=0x0054d304; flow-decoded 159 insns to ret; preceded by terminator
0x00396238,804,T1643 scan-all candidate; data refs=1 first=0x0054d2d4; flow-decoded 175 insns to ret; preceded by terminator
0x00396568,804,T1643 scan-all candidate; data refs=1 first=0x0054d2f4; flow-decoded 175 insns to ret; preceded by terminator
0x00396898,30,"T1643 scan-all candidate; data refs=2 first=0x0054d318,0x0054d338; flow-decoded 14 insns to ret; preceded by terminator"
0x003968b8,51,"T1643 scan-all candidate; data refs=2 first=0x0054d308,0x0054d328; flow-decoded 17 insns to ret; preceded by terminator"
0x003968f8,82,"T1643 scan-all candidate; data refs=2 first=0x0054d31c,0x0054d33c; flow-decoded 24 insns to ret; preceded by terminator"
0x00396958,103,"T1643 scan-all candidate; data refs=2 first=0x0054d30c,0x0054d32c; flow-decoded 29 insns to ret; preceded by terminator"
0x003969c8,194,T1643 scan-all candidate; data refs=1 first=0x0054d320; flow-decoded 50 insns to ret; preceded by terminator
0x00396a98,194,T1643 scan-all candidate; data refs=1 first=0x0054d340; flow-decoded 50 insns to ret; preceded by terminator
0x00396b68,231,T1643 scan-all candidate; data refs=1 first=0x0054d310; flow-decoded 59 insns to ret; preceded by terminator
0x00396c58,231,T1643 scan-all candidate; data refs=1 first=0x0054d330; flow-decoded 59 insns to ret; preceded by terminator
0x00396d48,683,T1643 scan-all candidate; data refs=1 first=0x0054d324; flow-decoded 161 insns to ret; preceded by terminator
0x00396ff8,683,T1643 scan-all candidate; data refs=1 first=0x0054d344; flow-decoded 161 insns to ret; preceded by terminator
0x003972a8,752,T1643 scan-all candidate; data refs=1 first=0x0054d314; flow-decoded 178 insns to ret; preceded by terminator
0x00397598,752,data refs=1 first=0x0054d334; flow-decoded 178 insns to ret; preceded by terminator
0x00397888,46,"data refs=2 first=0x0054d35c,0x0054d37c; flow-decoded 15 insns to ret; preceded by terminator"
0x003978b8,59,"T1643 scan-all candidate; data refs=2 first=0x0054d34c,0x0054d36c; flow-decoded 18 insns to ret; preceded by terminator"
0x003978f8,90,T1643 scan-all candidate; data refs=1 first=0x0054d360; flow-decoded 25 insns to ret; preceded by terminator
0x00397958,98,T1643 scan-all candidate; data refs=1 first=0x0054d380; flow-decoded 27 insns to ret; preceded by terminator
0x003979c8,111,T1643 scan-all candidate; data refs=1 first=0x0054d350; flow-decoded 30 insns to ret; preceded by terminator
0x00397a38,119,data refs=1 first=0x0054d370; flow-decoded 32 insns to ret; preceded by terminator
0x00397ab8,254,T1643 scan-all candidate; data refs=1 first=0x0054d364; flow-decoded 61 insns to ret; preceded by terminator
0x00397bb8,290,T1643 scan-all candidate; data refs=1 first=0x0054d384; flow-decoded 69 insns to ret; preceded by terminator
0x00397ce8,294,T1643 scan-all candidate; data refs=1 first=0x0054d354; flow-decoded 69 insns to ret; preceded by terminator
0x00397e18,330,T1643 scan-all candidate; data refs=1 first=0x0054d374; flow-decoded 77 insns to ret; preceded by terminator
0x00398a08,29,"T1643 scan-all candidate; data refs=2 first=0x0054d348,0x0054d368; flow-decoded 11 insns to ret; preceded by terminator"
0x0039b9f2,299,T1643 scan-all candidate; docs/t1643-function-starts.md; flow-decoded 89 insns to jmp+ret; preceded by terminator
0x0039bb25,312,T1643 scan-all candidate; docs/t1643-function-starts.md; flow-decoded 93 insns to jmp+ret; preceded by terminator
0x0039bc63,365,T1643 scan-all candidate; docs/t1643-function-starts.md; flow-decoded 105 insns to jmp+ret; preceded by terminator
0x0039bdd0,328,T1643 scan-all candidate; docs/t1643-function-starts.md; flow-decoded 93 insns to jmp+ret; preceded by terminator
0x0039bf20,264,T1643 scan-all candidate; docs/t1643-function-starts.md; flow-decoded 74 insns to jmp+ret; preceded by terminator
0x0039c030,241,T1643 scan-all candidate; docs/t1643-function-starts.md; flow-decoded 67 insns to jmp+ret; preceded by terminator
0x0039c180,68,T1643 scan-all candidate; docs/t1643-function-starts.md; flow-decoded 22 insns to jmp+ret; preceded by terminator
0x0039c312,302,T1643 scan-all candidate; docs/t1643-function-starts.md; flow-decoded 90 insns to jmp+ret; preceded by terminator
0x0039c443,309,T1643 scan-all candidate; docs/t1643-function-starts.md; flow-decoded 93 insns to jmp+ret; preceded by terminator
0x0039c581,365,T1643 scan-all candidate; docs/t1643-function-starts.md; flow-decoded 107 insns to jmp+ret; preceded by terminator
0x0039c6f0,339,T1643 scan-all candidate; docs/t1643-function-starts.md; flow-decoded 97 insns to jmp+ret; preceded by terminator
0x0039c850,267,T1643 scan-all candidate; docs/t1643-function-starts.md; flow-decoded 75 insns to jmp+ret; preceded by terminator
0x0039c960,244,T1643 scan-all candidate; docs/t1643-function-starts.md; flow-decoded 68 insns to jmp+ret; preceded by terminator
0x0039e8d0,390,T1643 scan-all candidate; docs/t1643-function-starts.md; flow-decoded 108 insns to jmp+ret; preceded by terminator
0x0039ea60,390,T1643 scan-all candidate; docs/t1643-function-starts.md; flow-decoded 110 insns to ret; preceded by terminator
0x0039ed60,147,T1643 scan-all candidate; docs/t1643-function-starts.md; flow-decoded 51 insns to ret; preceded by terminator
0x0039ee00,204,T1643 scan-all candidate; docs/t1643-function-starts.md; flow-decoded 76 insns to ret; preceded by terminator
0x0039eed0,218,T1643 scan-all candidate; docs/t1643-function-starts.md; flow-decoded 74 insns to jmp+ret; preceded by terminator
0x0039efb0,344,T1643 scan-all candidate; docs/t1643-function-starts.md; flow-decoded 106 insns to jmp+ret; preceded by terminator
0x0039f620,191,T1643 scan-all candidate; docs/t1643-function-starts.md; flow-decoded 66 insns to jmp+ret; preceded by terminator
0x003a2670,2672,T1643 scan-all candidate; docs/t1643-function-starts.md; flow-decoded 700 insns to jmp+ret; preceded by terminator
0x003a3d00,2672,T1643 scan-all candidate; docs/t1643-function-starts.md; flow-decoded 700 insns to jmp+ret; preceded by terminator
0x003a5420,537,T1643 scan-all candidate; docs/t1643-function-starts.md; flow-decoded 129 insns to jmp+ret; preceded by terminator
0x003a5cb0,241,T1643 scan-all candidate; docs/t1643-function-starts.md; flow-decoded 77 insns to jmp+ret; preceded by terminator
0x003a6000,270,T1643 scan-all candidate; docs/t1643-function-starts.md; flow-decoded 100 insns to ret; preceded by terminator
0x003a6220,231,T1643 scan-all candidate; docs/t1643-function-starts.md; flow-decoded 96 insns to ret; preceded by terminator
0x003a6310,250,T1643 scan-all candidate; docs/t1643-function-starts.md; flow-decoded 96 insns to ret; preceded by terminator
0x003a6410,267,T1643 scan-all candidate; docs/t1643-function-starts.md; flow-decoded 103 insns to ret; preceded by terminator
0x003a6832,109,T1643 scan-all candidate; docs/t1643-function-starts.md; flow-decoded 34 insns to ret; preceded by terminator
0x003a68a2,109,T1643 scan-all candidate; docs/t1643-function-starts.md; flow-decoded 34 insns to ret; preceded by terminator
0x003a6913,180,T1643 scan-all candidate; docs/t1643-function-starts.md; flow-decoded 58 insns to jmp+ret; preceded by terminator
0x003a69d2,90,T1643 scan-all candidate; docs/t1643-function-starts.md; flow-decoded 28 insns to ret; preceded by terminator
0x003a6b44,73,T1643 scan-all candidate; docs/t1643-function-starts.md; flow-decoded 27 insns to jmp+ret; preceded by terminator
0x003a6bdd,80,T1643 scan-all candidate; docs/t1643-function-starts.md; flow-decoded 27 insns to jmp+ret; preceded by terminator
0x003a6c2d,80,T1643 scan-all candidate; docs/t1643-function-starts.md; flow-decoded 27 insns to jmp+ret; preceded by terminator
0x003a7f30,1514,T1643 scan-all candidate; docs/t1643-function-starts.md; flow-decoded 391 insns to jmp+ret; preceded by terminator
0x003a86d0,240,T1643 scan-all candidate; docs/t1643-function-starts.md; flow-decoded 68 insns to ret; preceded by terminator
0x003a9290,581,T1643 scan-all candidate; docs/t1643-function-starts.md; flow-decoded 154 insns to jmp+ret; preceded by terminator
0x003a94e0,239,T1643 scan-all candidate; docs/t1643-function-starts.md; flow-decoded 73 insns to jmp+ret; preceded by terminator
0x003a95d0,502,T1643 scan-all candidate; docs/t1643-function-starts.md; flow-decoded 165 insns to jmp+ret; preceded by terminator
0x003a97d0,204,T1643 scan-all candidate; docs/t1643-function-starts.md; flow-decoded 66 insns to jmp+ret; preceded by terminator
0x003a9990,502,T1643 scan-all candidate; docs/t1643-function-starts.md; flow-decoded 165 insns to jmp+ret; preceded by terminator
0x003a9b90,204,T1643 scan-all candidate; docs/t1643-function-starts.md; flow-decoded 66 insns to jmp+ret; preceded by terminator
0x003a9e30,31,data refs=1 first=0x004b3170; flow-decoded 11 insns to ret; preceded by terminator
0x003a9eb0,31,data refs=1 first=0x004b31c8; flow-decoded 11 insns to ret; preceded by terminator
0x003a9ed0,51,data refs=1 first=0x004b321c; flow-decoded 16 insns to ret; preceded by terminator
0x003a9f10,15,data refs=1 first=0x004b3210; flow-decoded 6 insns to ret; preceded by terminator
0x003aa0a0,11,data refs=1 first=0x004b3224; flow-decoded 6 insns to ret; preceded by terminator
0x003aa0b0,8,data refs=1 first=0x004b3200; flow-decoded 2 insns to tail_jmp; preceded by terminator
0x003aa290,17,data refs=1 first=0x004b32b8; flow-decoded 5 insns to ret; preceded by terminator
0x003aa2b0,24,data refs=1 first=0x004b32bc; flow-decoded 10 insns to ret; preceded by terminator
0x003aa3c0,101,data refs=1 first=0x004b32c0; flow-decoded 37 insns to ret; preceded by terminator
0x003aa430,148,data refs=1 first=0x004b32c4; flow-decoded 42 insns to ret; preceded by terminator
0x003aa4d0,160,data refs=1 first=0x004b32c8; flow-decoded 46 insns to ret; preceded by terminator
0x003aae60,31,data refs=1 first=0x004b3398; flow-decoded 11 insns to ret; preceded by terminator
0x003abb90,10,data refs=1 first=0x004b35ec; flow-decoded 3 insns to ret; preceded by terminator
0x003abba0,28,data refs=1 first=0x004b35f0; flow-decoded 11 insns to ret; preceded by terminator
0x003abbc0,29,data refs=1 first=0x004b35f4; flow-decoded 12 insns to ret; preceded by terminator
0x003abd30,5,data refs=1 first=0x004b3604; flow-decoded 1 insns to tail_jmp; preceded by terminator
0x003abd40,33,data refs=1 first=0x004b360c; flow-decoded 12 insns to ret; preceded by terminator
0x003abd70,31,data refs=1 first=0x004b3610; flow-decoded 11 insns to ret; preceded by terminator
0x003ad310,105,data refs=1 first=0x004b3c7c; flow-decoded 36 insns to ret; preceded by terminator
0x003ad380,159,data refs=1 first=0x004b3c8c; flow-decoded 54 insns to ret; preceded by terminator
0x003ad6c0,176,data refs=1 first=0x004b3c90; flow-decoded 60 insns to ret; preceded by terminator
0x003ad770,177,data refs=1 first=0x004b3c94; flow-decoded 60 insns to ret; preceded by terminator
0x003adfb0,81,data refs=1 first=0x004b3fe8; flow-decoded 30 insns to ret; preceded by terminator
0x003ae0d0,81,data refs=1 first=0x004b3fec; flow-decoded 30 insns to ret; preceded by terminator
0x003ae460,36,data refs=1 first=0x004b4168; flow-decoded 12 insns to ret; preceded by function end
0x003ae730,448,data refs=1 first=0x004b41fc; flow-decoded 140 insns to indirect_jmp+jmp+ret; preceded by terminator
0x003aec00,19,data refs=1 first=0x004b4240; flow-decoded 5 insns to tail_jmp; preceded by terminator
0x003af1b0,15,data refs=1 first=0x004b41dc; flow-decoded 5 insns to tail_jmp; preceded by terminator
0x003af1c0,57,data refs=1 first=0x004b41e0; flow-decoded 21 insns to ret; preceded by terminator
0x003af330,172,data refs=1 first=0x004b4344; flow-decoded 57 insns to jmp+ret; preceded by terminator
0x003b0780,10,data refs=1 first=0x004b47a4; flow-decoded 3 insns to ret; preceded by terminator
0x003b0790,49,data refs=1 first=0x004b4798; flow-decoded 19 insns to ret; preceded by terminator
0x003b0d50,174,data refs=1 first=0x004b485c; flow-decoded 58 insns to ret; preceded by terminator
0x003b1670,15,"data refs=7 first=0x004b3c68,0x004b3fcc; flow-decoded 5 insns to tail_jmp; preceded by terminator"
0x003b1680,179,data refs=1 first=0x004b4a78; flow-decoded 68 insns to jmp+ret; preceded by terminator
0x003b17a0,322,data refs=1 first=0x004b4a6c; flow-decoded 105 insns to jmp+ret; preceded by terminator
0x003b2050,17,data refs=1 first=0x004b4f38; flow-decoded 4 insns to ret; preceded by terminator
0x003b20f0,22,data refs=1 first=0x004b4f50; flow-decoded 9 insns to ret; preceded by terminator
0x003b2110,22,data refs=1 first=0x004b4f54; flow-decoded 9 insns to ret; preceded by terminator
0x003b2130,22,data refs=1 first=0x004b4f58; flow-decoded 9 insns to ret; preceded by terminator
0x003b2150,22,data refs=1 first=0x004b4f5c; flow-decoded 9 insns to ret; preceded by terminator
0x003b2170,4,data refs=1 first=0x004b4f68; flow-decoded 2 insns to ret; preceded by terminator
0x003b23b0,172,data refs=1 first=0x004b4f94; flow-decoded 65 insns to ret; preceded by terminator
0x003b2630,265,data refs=1 first=0x004b4fa4; flow-decoded 107 insns to jmp+ret; preceded by terminator
0x003b27f0,36,data refs=1 first=0x004b4fac; flow-decoded 15 insns to ret; preceded by terminator
0x003b29d0,7,data refs=1 first=0x004b4f90; flow-decoded 2 insns to ret; preceded by terminator
0x003b2a70,228,data refs=1 first=0x004b4f28; flow-decoded 76 insns to ret; preceded by terminator
0x003b2b60,25,data refs=1 first=0x004b4f24; flow-decoded 9 insns to ret; preceded by terminator
0x003b32c0,4,data refs=1 first=0x004b4ee4; flow-decoded 2 insns to ret; preceded by terminator
0x003b32d0,12,data refs=1 first=0x004b4edc; flow-decoded 4 insns to ret; preceded by terminator
0x003b32e0,12,data refs=1 first=0x004b4ee0; flow-decoded 4 insns to ret; preceded by terminator
0x003b32f0,4,"data refs=4 first=0x004b4ee8,0x004b617c; flow-decoded 2 insns to ret; preceded by terminator"
0x003b3300,4,"data refs=2 first=0x004b4eec,0x004b6170; flow-decoded 2 insns to ret; preceded by terminator"
0x003b3310,12,data refs=1 first=0x004b4ef0; flow-decoded 4 insns to ret; preceded by terminator
0x003b3320,4,data refs=1 first=0x004b4ef4; flow-decoded 2 insns to ret; preceded by terminator
0x003b3340,4,data refs=1 first=0x004b4f00; flow-decoded 2 insns to ret; preceded by terminator
0x003b3350,4,data refs=1 first=0x004b4efc; flow-decoded 2 insns to ret; preceded by terminator
0x003b3360,7,data refs=1 first=0x004b4f04; flow-decoded 2 insns to ret; preceded by terminator
0x003b3370,31,data refs=1 first=0x004b4cc0; flow-decoded 11 insns to ret; preceded by terminator
0x003b3400,31,data refs=1 first=0x004b4cf0; flow-decoded 11 insns to ret; preceded by terminator
0x003b3550,53,data refs=1 first=0x004b4f70; flow-decoded 27 insns to ret; preceded by terminator
0x003b3590,53,data refs=1 first=0x004b4f84; flow-decoded 27 insns to ret; preceded by terminator
0x003b3c60,23,data refs=1 first=0x004b4f6c; flow-decoded 8 insns to ret; preceded by terminator
0x003b3cc0,23,data refs=1 first=0x004b4f80; flow-decoded 8 insns to ret; preceded by terminator
0x003b40c0,299,data refs=1 first=0x004b4f20; flow-decoded 115 insns to ret; preceded by terminator
0x003b4c20,85,data refs=1 first=0x004b4f64; flow-decoded 29 insns to ret; preceded by terminator
0x003b4d00,279,data refs=1 first=0x004b4f78; flow-decoded 75 insns to ret; preceded by terminator
0x003b4ea0,80,data refs=1 first=0x004b4f9c; flow-decoded 27 insns to ret; preceded by terminator
0x003b5f00,15,data refs=1 first=0x004b503c; flow-decoded 4 insns to ret; preceded by terminator
0x003b5f10,20,data refs=1 first=0x004b5040; flow-decoded 6 insns to ret; preceded by terminator
0x003b5f30,29,data refs=1 first=0x004b5044; flow-decoded 9 insns to ret; preceded by terminator
0x003b5f50,134,data refs=1 first=0x004b5048; flow-decoded 35 insns to ret; preceded by terminator
0x003b5fe0,33,data refs=1 first=0x004b504c; flow-decoded 9 insns to ret; preceded by terminator
0x003b6010,16,data refs=1 first=0x004b5054; flow-decoded 5 insns to ret; preceded by terminator
0x003b6020,20,data refs=1 first=0x004b5058; flow-decoded 6 insns to ret; preceded by terminator
0x003b6040,39,data refs=1 first=0x004b505c; flow-decoded 14 insns to ret; preceded by terminator
0x003b6070,31,data refs=1 first=0x004b5060; flow-decoded 11 insns to ret; preceded by terminator
0x003b6090,5,"data refs=3 first=0x004b3204,0x004b5368; flow-decoded 2 insns to ret; preceded by terminator"
0x003b60a0,5,"data refs=7 first=0x004b5050,0x004b5374; flow-decoded 2 insns to ret; preceded by terminator"
0x003b60b0,5,"data refs=3 first=0x004b3214,0x004b537c; flow-decoded 2 insns to ret; preceded by terminator"
0x003b6130,57,data refs=1 first=0x004b516c; flow-decoded 22 insns to ret; preceded by terminator
0x003b6820,63,data refs=1 first=0x004b5184; flow-decoded 24 insns to ret; preceded by terminator
0x003b70b0,144,data refs=1 first=0x004b5160; flow-decoded 51 insns to ret; preceded by terminator
0x003b7140,250,data refs=1 first=0x004b5178; flow-decoded 103 insns to ret; preceded by terminator
0x003b7440,149,data refs=1 first=0x004b5294; flow-decoded 53 insns to jmp+ret; preceded by terminator
0x003b7670,25,data refs=1 first=0x004b529c; flow-decoded 6 insns to indirect_jmp; preceded by terminator
0x003b7690,22,data refs=1 first=0x004b52a0; flow-decoded 6 insns to indirect_jmp; preceded by terminator
0x003b76b0,36,data refs=1 first=0x004b52a4; flow-decoded 13 insns to ret; preceded by terminator
0x003b76e0,39,data refs=1 first=0x004b52a8; flow-decoded 13 insns to ret; preceded by terminator
0x003b7710,7,data refs=1 first=0x004b52ac; flow-decoded 2 insns to ret; preceded by terminator
0x003b7720,7,data refs=1 first=0x004b52b0; flow-decoded 2 insns to ret; preceded by terminator
0x003b7730,31,data refs=1 first=0x004b5268; flow-decoded 11 insns to ret; preceded by terminator
0x003b7780,36,data refs=1 first=0x004b5290; flow-decoded 12 insns to ret; preceded by terminator
0x003b77b0,45,data refs=1 first=0x004b534c; flow-decoded 19 insns to ret; preceded by terminator
0x003b77e0,12,"data refs=2 first=0x004b533c,0x004b638c; flow-decoded 4 insns to indirect_jmp; preceded by terminator"
0x003b7ea0,942,data refs=1 first=0x004b5350; flow-decoded 276 insns to jmp+ret; preceded by terminator
0x003b82a0,24,data refs=1 first=0x004b535c; flow-decoded 7 insns to ret; preceded by terminator
0x003b82c0,20,data refs=1 first=0x004b5360; flow-decoded 6 insns to ret; preceded by terminator
0x003b82e0,10,"data refs=2 first=0x004b5364,0x004b5630; flow-decoded 3 insns to ret; preceded by terminator"
0x003b82f0,13,data refs=1 first=0x004b536c; flow-decoded 3 insns to ret; preceded by terminator
0x003b8300,31,data refs=1 first=0x004b5384; flow-decoded 11 insns to ret; preceded by terminator
0x003b96f0,15,data refs=1 first=0x004b5454; flow-decoded 5 insns to tail_jmp; preceded by terminator
0x003b9700,57,data refs=1 first=0x004b5458; flow-decoded 21 insns to ret; preceded by terminator
0x003b97a0,24,data refs=1 first=0x004b5628; flow-decoded 7 insns to ret; preceded by terminator
0x003b97c0,20,data refs=1 first=0x004b562c; flow-decoded 6 insns to ret; preceded by terminator
0x003b97e0,13,data refs=1 first=0x004b5638; flow-decoded 3 insns to ret; preceded by terminator
0x003b97f0,5,"data refs=2 first=0x004b5370,0x004b563c; flow-decoded 2 insns to ret; preceded by terminator"
0x003b9800,31,data refs=1 first=0x004b5650; flow-decoded 11 insns to ret; preceded by terminator
0x003b9850,31,data refs=1 first=0x004b5654; flow-decoded 11 insns to ret; preceded by terminator
0x003bd6b0,175,data refs=1 first=0x004b5f0c; flow-decoded 67 insns to jmp+ret; preceded by terminator
0x003bda50,4,"data refs=3 first=0x004b6054,0x004b6164; flow-decoded 2 insns to ret; preceded by terminator"
0x003bda60,4,data refs=1 first=0x004b605c; flow-decoded 2 insns to ret; preceded by terminator
0x003bda70,4,data refs=1 first=0x004b6060; flow-decoded 2 insns to ret; preceded by terminator
0x003bda80,4,"data refs=4 first=0x004b6064,0x004b60d8; flow-decoded 2 insns to ret; preceded by terminator"
0x003bda90,4,data refs=1 first=0x004b6068; flow-decoded 2 insns to ret; preceded by terminator
0x003bdaa0,4,data refs=1 first=0x004b606c; flow-decoded 2 insns to ret; preceded by terminator
0x003bdab0,4,"data refs=2 first=0x004b4f7c,0x004b6070; flow-decoded 2 insns to ret; preceded by terminator"
0x003bdac0,4,data refs=1 first=0x004b6074; flow-decoded 2 insns to ret; preceded by terminator
0x003bdad0,4,data refs=1 first=0x004b6078; flow-decoded 2 insns to ret; preceded by terminator
0x003bdae0,4,data refs=1 first=0x004b607c; flow-decoded 2 insns to ret; preceded by terminator
0x003bdaf0,4,data refs=1 first=0x004b6080; flow-decoded 2 insns to ret; preceded by terminator
0x003bdb00,4,data refs=1 first=0x004b6084; flow-decoded 2 insns to ret; preceded by terminator
0x003bdb10,7,data refs=1 first=0x004b6088; flow-decoded 3 insns to ret; preceded by terminator
0x003bdb20,4,data refs=1 first=0x004b608c; flow-decoded 2 insns to ret; preceded by terminator
0x003bdb30,31,data refs=1 first=0x004b6090; flow-decoded 11 insns to ret; preceded by terminator
0x003bdb50,7,data refs=1 first=0x004b6094; flow-decoded 2 insns to ret; preceded by terminator
0x003bdc00,4,data refs=1 first=0x004b60a8; flow-decoded 2 insns to ret; preceded by terminator
0x003bdd30,10,data refs=1 first=0x004b60d4; flow-decoded 3 insns to ret; preceded by terminator
0x003bdd40,22,data refs=1 first=0x004b60f8; flow-decoded 8 insns to ret; preceded by terminator
0x003bdd60,4,data refs=1 first=0x004b60dc; flow-decoded 2 insns to ret; preceded by terminator
0x003bdd70,25,data refs=1 first=0x004b60fc; flow-decoded 8 insns to ret; preceded by terminator
0x003bdd90,4,data refs=1 first=0x004b60e0; flow-decoded 2 insns to ret; preceded by terminator
0x003bdda0,12,data refs=1 first=0x004b60e4; flow-decoded 4 insns to ret; preceded by terminator
0x003bdf10,31,data refs=1 first=0x004b5fa8; flow-decoded 11 insns to ret; preceded by terminator
0x003be0a0,53,data refs=1 first=0x004b60b0; flow-decoded 27 insns to ret; preceded by terminator
0x003be0e0,31,data refs=1 first=0x004b6014; flow-decoded 11 insns to ret; preceded by terminator
0x003be100,59,data refs=1 first=0x004b60c4; flow-decoded 24 insns to ret; preceded by terminator
0x003be140,59,data refs=1 first=0x004b60c8; flow-decoded 24 insns to ret; preceded by terminator
0x003be180,82,data refs=1 first=0x004b60cc; flow-decoded 30 insns to ret; preceded by terminator
0x003be1e0,82,data refs=1 first=0x004b60d0; flow-decoded 30 insns to ret; preceded by terminator
0x003be440,23,data refs=1 first=0x004b60ac; flow-decoded 8 insns to ret; preceded by terminator
0x003be460,36,data refs=1 first=0x004b60b8; flow-decoded 15 insns to ret; preceded by terminator
0x003be490,59,data refs=1 first=0x004b60b4; flow-decoded 20 insns to ret; preceded by terminator
0x003be4e0,23,data refs=1 first=0x004b60f0; flow-decoded 8 insns to ret; preceded by terminator
0x003bea80,7,data refs=1 first=0x004b6158; flow-decoded 3 insns to ret; preceded by terminator
0x003bea90,44,data refs=1 first=0x004b615c; flow-decoded 17 insns to ret; preceded by terminator
0x003beb00,7,data refs=1 first=0x004b616c; flow-decoded 3 insns to ret; preceded by terminator
0x003beb40,31,data refs=1 first=0x004b6100; flow-decoded 11 insns to ret; preceded by terminator
0x003bec00,31,data refs=1 first=0x004b6114; flow-decoded 11 insns to ret; preceded by terminator
0x003bec20,59,data refs=1 first=0x004b6174; flow-decoded 24 insns to ret; preceded by terminator
0x003bec60,82,data refs=1 first=0x004b6178; flow-decoded 30 insns to ret; preceded by terminator
0x003bef40,12,data refs=1 first=0x004b61dc; flow-decoded 5 insns to ret; preceded by terminator
0x003bef50,12,"data refs=6 first=0x004b6058,0x004b60e8; flow-decoded 4 insns to ret; preceded by terminator"
0x003bef60,4,data refs=1 first=0x004b61e8; flow-decoded 2 insns to ret; preceded by terminator
0x003bef70,4,data refs=1 first=0x004b61ec; flow-decoded 2 insns to ret; preceded by terminator
0x003bef80,4,data refs=1 first=0x004b61f0; flow-decoded 2 insns to ret; preceded by terminator
0x003bef90,4,data refs=1 first=0x004b61f4; flow-decoded 2 insns to ret; preceded by terminator
0x003bf380,31,data refs=1 first=0x004b6188; flow-decoded 11 insns to ret; preceded by terminator
0x003bf450,53,data refs=1 first=0x004b6208; flow-decoded 27 insns to ret; preceded by terminator
0x003bf5a0,23,data refs=1 first=0x004b6204; flow-decoded 8 insns to ret; preceded by terminator
0x003bf5c0,36,data refs=1 first=0x004b6210; flow-decoded 15 insns to ret; preceded by terminator
0x003bf5f0,59,data refs=1 first=0x004b620c; flow-decoded 20 insns to ret; preceded by terminator
0x003bf780,4,data refs=1 first=0x004b62b8; flow-decoded 2 insns to ret; preceded by terminator
0x003bf790,4,data refs=1 first=0x004b62bc; flow-decoded 2 insns to ret; preceded by terminator
0x003bf9d0,31,"data refs=2 first=0x004b6214,0x004b62ac; flow-decoded 11 insns to ret; preceded by terminator"
0x003bfa30,4,"data refs=2 first=0x004b61d8,0x004b62dc; flow-decoded 2 insns to ret; preceded by terminator"
0x003bfa70,31,data refs=1 first=0x004b62c4; flow-decoded 11 insns to ret; preceded by terminator
0x003bfeb0,8,data refs=1 first=0x004b639c; flow-decoded 2 insns to tail_jmp; preceded by terminator
0x003bfec0,11,data refs=1 first=0x004b6384; flow-decoded 4 insns to indirect_jmp; preceded by terminator
0x003bfed0,12,data refs=1 first=0x004b6388; flow-decoded 4 insns to indirect_jmp; preceded by terminator
0x003bfee0,12,data refs=1 first=0x004b6390; flow-decoded 4 insns to indirect_jmp; preceded by terminator
0x003c1140,4,"data refs=2 first=0x004b544c,0x004b63c0; flow-decoded 2 insns to ret; preceded by terminator"
0x003c1150,62,data refs=1 first=0x004b63c4; flow-decoded 31 insns to ret; preceded by terminator
0x003c1190,71,data refs=1 first=0x004b63c8; flow-decoded 23 insns to ret; preceded by terminator
0x003c11e0,46,data refs=1 first=0x004b63cc; flow-decoded 15 insns to ret; preceded by terminator
0x003c1210,33,data refs=1 first=0x004b63bc; flow-decoded 12 insns to ret; preceded by terminator
0x003c1240,31,data refs=1 first=0x004b63a8; flow-decoded 11 insns to ret; preceded by terminator
0x003c4720,3,"data refs=15 first=0x00476714,0x0047671c; flow-decoded 1 insns to ret; preceded by terminator"
0x003c5ff0,345,data refs=1 first=0x004b69c4; flow-decoded 120 insns to jmp+ret; preceded by terminator
0x003c8b18,40,data refs=1 first=0x004b8554; flow-decoded 14 insns to ret; preceded by terminator
0x003c8bf5,5,data refs=1 first=0x004b6ad8; flow-decoded 2 insns to tail_jmp; preceded by terminator
0x003c8f64,20,"data refs=290 first=0x004766d0,0x004766d4; flow-decoded 8 insns to ret; preceded by terminator"
0x003c910d,59,T1643 scan-all candidate; docs/t1643-function-starts.md; flow-decoded 21 insns to ret; preceded by terminator
0x003c9420,34,T1643 scan-all candidate; docs/t1643-function-starts.md; flow-decoded 9 insns to ret; preceded by terminator
0x003c9de8,14,data refs=1 first=0x0054d820; flow-decoded 9 insns to ret; preceded by terminator
0x003cae12,166,data refs=1 first=0x004b8558; flow-decoded 62 insns to jmp+ret; preceded by terminator
0x003cbd7c,75,T1643 scan-all candidate; docs/t1643-function-starts.md; flow-decoded 38 insns to jmp+ret; preceded by terminator
0x003cbdc7,26,T1643 scan-all candidate; docs/t1643-function-starts.md; flow-decoded 11 insns to ret; preceded by terminator
0x003cc9f1,53,data refs=1 first=0x0054dd2c; flow-decoded 18 insns to tail_jmp; preceded by terminator
0x003ccb21,13,data refs=1 first=0x0054dd38; flow-decoded 5 insns to ret; preceded by terminator
0x003cccea,43,data refs=1 first=0x0054dd34; flow-decoded 9 insns to ret; preceded by terminator
0x003ccd15,42,"data refs=3 first=0x0054d840,0x0054d844; flow-decoded 10 insns to jmp+ret; preceded by terminator"
0x003ccd3f,63,data refs=1 first=0x0054d848; flow-decoded 14 insns to jmp+ret; preceded by terminator
0x003ccd7e,29,"data refs=7 first=0x0054d824,0x0054d82c; flow-decoded 8 insns to ret; preceded by terminator"
0x003ccecd,20,T1643 scan-all candidate; docs/t1643-function-starts.md; flow-decoded 6 insns to tail_jmp; preceded by terminator
0x003cd1f9,25,T1643 scan-all candidate; docs/t1643-function-starts.md; flow-decoded 7 insns to ret+tail_jmp; preceded by terminator
0x003cd303,9,data refs=1 first=0x004b71c4; flow-decoded 4 insns to ret; preceded by terminator
0x003cd30c,8,data refs=1 first=0x004b71c8; flow-decoded 2 insns to tail_jmp; preceded by terminator
0x003cd639,4,data refs=1 first=0x004b71ec; flow-decoded 3 insns to ret; preceded by terminator
0x003cd63d,8,data refs=1 first=0x004b71f0; flow-decoded 2 insns to tail_jmp; preceded by terminator
0x003cf354,18,data refs=1 first=0x004b855c; flow-decoded 5 insns to ret; preceded by terminator
0x003d18c0,8,data refs=1 first=0x004b7828; flow-decoded 2 insns to tail_jmp; preceded by terminator
0x003d18e0,8,data refs=1 first=0x004b784c; flow-decoded 2 insns to tail_jmp; preceded by terminator
0x003d1900,8,data refs=1 first=0x004b7870; flow-decoded 2 insns to tail_jmp; preceded by terminator
0x003d1920,11,data refs=1 first=0x004b7894; flow-decoded 2 insns to tail_jmp; preceded by terminator
0x003d1935,8,data refs=1 first=0x004b78b8; flow-decoded 2 insns to tail_jmp; preceded by terminator
0x003d193d,11,data refs=1 first=0x004b78c0; flow-decoded 2 insns to tail_jmp; preceded by terminator
0x003d1952,8,data refs=1 first=0x004b7918; flow-decoded 2 insns to tail_jmp; preceded by terminator
0x003d195a,8,data refs=1 first=0x004b7920; flow-decoded 2 insns to tail_jmp; preceded by terminator
0x003d1962,8,data refs=1 first=0x004b7928; flow-decoded 2 insns to tail_jmp; preceded by terminator
0x003d1974,8,data refs=1 first=0x004b794c; flow-decoded 2 insns to tail_jmp; preceded by terminator
0x003d1986,8,data refs=1 first=0x004b7970; flow-decoded 2 insns to tail_jmp; preceded by terminator
0x003d1998,8,data refs=1 first=0x004b7994; flow-decoded 2 insns to tail_jmp; preceded by terminator
0x003d19a0,8,data refs=1 first=0x004b799c; flow-decoded 2 insns to tail_jmp; preceded by terminator
0x003d19a8,8,data refs=1 first=0x004b79a4; flow-decoded 2 insns to tail_jmp; preceded by terminator
0x003d19ba,8,data refs=1 first=0x004b79c8; flow-decoded 2 insns to tail_jmp; preceded by terminator
0x003d19cc,8,data refs=1 first=0x004b79ec; flow-decoded 2 insns to tail_jmp; preceded by terminator
0x003d19de,8,data refs=1 first=0x004b7db8; flow-decoded 2 insns to tail_jmp; preceded by terminator
0x003d19e6,8,data refs=1 first=0x004b7dc0; flow-decoded 2 insns to tail_jmp; preceded by terminator
0x003d19f8,8,data refs=1 first=0x004b7a10; flow-decoded 2 insns to tail_jmp; preceded by terminator
0x003d1a00,8,data refs=1 first=0x004b7a18; flow-decoded 2 insns to tail_jmp; preceded by terminator
0x003d1a08,11,data refs=1 first=0x004b7a20; flow-decoded 3 insns to tail_jmp; preceded by terminator
0x003d1a13,10,data refs=1 first=0x004b7a28; flow-decoded 4 insns to ret; preceded by terminator
0x003d1a27,8,data refs=1 first=0x004b7a70; flow-decoded 2 insns to tail_jmp; preceded by terminator
0x003d1a39,8,data refs=1 first=0x004b7a94; flow-decoded 2 insns to tail_jmp; preceded by terminator
0x003d1a41,11,data refs=1 first=0x004b7a9c; flow-decoded 3 insns to tail_jmp; preceded by terminator
0x003d1a4c,11,data refs=1 first=0x004b7aa4; flow-decoded 3 insns to tail_jmp; preceded by terminator
0x003d1a57,11,data refs=1 first=0x004b7aac; flow-decoded 3 insns to tail_jmp; preceded by terminator
0x003d1a6c,10,data refs=1 first=0x004b7ad0; flow-decoded 4 insns to ret; preceded by terminator
0x003d1a76,10,data refs=1 first=0x004b7ad8; flow-decoded 4 insns to ret; preceded by terminator
0x003d1a80,10,data refs=1 first=0x004b7ae0; flow-decoded 4 insns to ret; preceded by terminator
0x003d1a8a,10,data refs=1 first=0x004b7ae8; flow-decoded 4 insns to ret; preceded by terminator
0x003d1a9e,10,data refs=1 first=0x004b7b0c; flow-decoded 4 insns to ret; preceded by terminator
0x003d1aa8,10,data refs=1 first=0x004b7b14; flow-decoded 4 insns to ret; preceded by terminator
0x003d1ab2,10,data refs=1 first=0x004b7b1c; flow-decoded 4 insns to ret; preceded by terminator
0x003d1abc,10,data refs=1 first=0x004b7b24; flow-decoded 4 insns to ret; preceded by terminator
0x003d1ac6,10,data refs=1 first=0x004b7b2c; flow-decoded 4 insns to ret; preceded by terminator
0x003d1ad0,10,data refs=1 first=0x004b7b34; flow-decoded 4 insns to ret; preceded by terminator
0x003d1ada,10,data refs=1 first=0x004b7b3c; flow-decoded 4 insns to ret; preceded by terminator
0x003d1aee,8,data refs=1 first=0x004b7b70; flow-decoded 2 insns to tail_jmp; preceded by terminator
0x003d1af6,8,data refs=1 first=0x004b7b60; flow-decoded 2 insns to tail_jmp; preceded by terminator
0x003d1afe,8,data refs=1 first=0x004b7b68; flow-decoded 2 insns to tail_jmp; preceded by terminator
0x003d1b10,8,data refs=1 first=0x004b7b94; flow-decoded 2 insns to tail_jmp; preceded by terminator
0x003d1b18,11,data refs=1 first=0x004b7b9c; flow-decoded 3 insns to tail_jmp; preceded by terminator
0x003d1b23,11,data refs=1 first=0x004b7ba4; flow-decoded 3 insns to tail_jmp; preceded by terminator
0x003d1b2e,11,data refs=1 first=0x004b7bac; flow-decoded 3 insns to tail_jmp; preceded by terminator
0x003d1b39,11,data refs=1 first=0x004b7bb4; flow-decoded 3 insns to tail_jmp; preceded by terminator
0x003d1b4e,10,data refs=1 first=0x004b7a4c; flow-decoded 4 insns to ret; preceded by terminator
0x003d1b62,8,data refs=1 first=0x004b7bd8; flow-decoded 2 insns to tail_jmp; preceded by terminator
0x003d1b74,8,data refs=1 first=0x004b7bfc; flow-decoded 2 insns to tail_jmp; preceded by terminator
0x003d1b7c,11,data refs=1 first=0x004b7c04; flow-decoded 3 insns to tail_jmp; preceded by terminator
0x003d1b91,8,data refs=1 first=0x004b7c28; flow-decoded 2 insns to tail_jmp; preceded by terminator
0x003d1ba3,8,data refs=1 first=0x004b7c4c; flow-decoded 2 insns to tail_jmp; preceded by terminator
0x003d1bab,11,data refs=1 first=0x004b7c54; flow-decoded 3 insns to tail_jmp; preceded by terminator
0x003d1bc0,8,data refs=1 first=0x004b7c78; flow-decoded 2 insns to tail_jmp; preceded by terminator
0x003d1bd2,8,data refs=1 first=0x004b7cac; flow-decoded 2 insns to tail_jmp; preceded by terminator
0x003d1be4,8,data refs=1 first=0x004b7cd0; flow-decoded 2 insns to tail_jmp; preceded by terminator
0x003d1bf6,11,data refs=1 first=0x004b7cf4; flow-decoded 2 insns to tail_jmp; preceded by terminator
0x003d1c01,11,data refs=1 first=0x004b7cfc; flow-decoded 2 insns to tail_jmp; preceded by terminator
0x003d1c0c,8,data refs=1 first=0x004b7d04; flow-decoded 2 insns to tail_jmp; preceded by terminator
0x003d1c14,8,data refs=1 first=0x004b7d0c; flow-decoded 2 insns to tail_jmp; preceded by terminator
0x003d1c1c,8,data refs=1 first=0x004b7d14; flow-decoded 2 insns to tail_jmp; preceded by terminator
0x003d1c24,8,data refs=1 first=0x004b7d1c; flow-decoded 2 insns to tail_jmp; preceded by terminator
0x003d1c2c,8,data refs=1 first=0x004b7d24; flow-decoded 2 insns to tail_jmp; preceded by terminator
0x003d1c34,8,data refs=1 first=0x004b7d2c; flow-decoded 2 insns to tail_jmp; preceded by terminator
0x003d1c3c,8,data refs=1 first=0x004b7d34; flow-decoded 2 insns to tail_jmp; preceded by terminator
0x003d1c4e,25,data refs=1 first=0x004b7d58; flow-decoded 7 insns to ret+tail_jmp; preceded by terminator
0x003d1c71,8,data refs=1 first=0x004b7d7c; flow-decoded 2 insns to tail_jmp; preceded by terminator
0x003d1c79,8,data refs=1 first=0x004b7d84; flow-decoded 2 insns to tail_jmp; preceded by terminator
0x003d1c81,8,data refs=1 first=0x004b7d8c; flow-decoded 2 insns to tail_jmp; preceded by terminator
0x003d1c89,8,data refs=1 first=0x004b7d94; flow-decoded 2 insns to tail_jmp; preceded by terminator
0x003d1c9b,8,data refs=1 first=0x004b7de4; flow-decoded 2 insns to tail_jmp; preceded by terminator
0x003d1ca3,11,data refs=1 first=0x004b7dec; flow-decoded 3 insns to tail_jmp; preceded by terminator
0x003d1cae,11,data refs=1 first=0x004b7df4; flow-decoded 3 insns to tail_jmp; preceded by terminator
0x003d1cb9,11,data refs=1 first=0x004b7dfc; flow-decoded 3 insns to tail_jmp; preceded by terminator
0x003d1cc4,10,data refs=1 first=0x004b7e04; flow-decoded 4 insns to ret; preceded by terminator
0x003d1cce,10,data refs=1 first=0x004b7e0c; flow-decoded 4 insns to ret; preceded by terminator
0x003d1cd8,10,data refs=1 first=0x004b7e14; flow-decoded 4 insns to ret; preceded by terminator
0x003d1ce2,10,data refs=1 first=0x004b7e1c; flow-decoded 4 insns to ret; preceded by terminator
0x003d1cec,10,data refs=1 first=0x004b7e24; flow-decoded 4 insns to ret; preceded by terminator
0x003d1cf6,10,data refs=1 first=0x004b7e2c; flow-decoded 4 insns to ret; preceded by terminator
0x003d1d00,10,data refs=1 first=0x004b7e34; flow-decoded 4 insns to ret; preceded by terminator
0x003d1d14,8,data refs=1 first=0x004b7e58; flow-decoded 2 insns to tail_jmp; preceded by terminator
0x003d1d1c,11,data refs=1 first=0x004b7e60; flow-decoded 3 insns to tail_jmp; preceded by terminator
0x003d1d27,11,data refs=1 first=0x004b7e68; flow-decoded 3 insns to tail_jmp; preceded by terminator
0x003d1d32,11,data refs=1 first=0x004b7e70; flow-decoded 3 insns to tail_jmp; preceded by terminator
0x003d1d3d,11,data refs=1 first=0x004b7e78; flow-decoded 3 insns to tail_jmp; preceded by terminator
0x003d1d48,10,data refs=1 first=0x004b7e80; flow-decoded 4 insns to ret; preceded by terminator
0x003d1d52,10,data refs=1 first=0x004b7e88; flow-decoded 4 insns to ret; preceded by terminator
0x003d1d5c,10,data refs=1 first=0x004b7e90; flow-decoded 4 insns to ret; preceded by terminator
0x003d1d70,8,data refs=1 first=0x004b7eb4; flow-decoded 2 insns to tail_jmp; preceded by terminator
0x003d1d78,14,data refs=1 first=0x004b7ebc; flow-decoded 3 insns to tail_jmp; preceded by terminator
0x003d1d90,8,data refs=1 first=0x004b7ee0; flow-decoded 2 insns to tail_jmp; preceded by terminator
0x003d1d98,8,data refs=1 first=0x004b7ee8; flow-decoded 2 insns to tail_jmp; preceded by terminator
0x003d1daa,8,data refs=1 first=0x004b7f0c; flow-decoded 2 insns to tail_jmp; preceded by terminator
0x003d1dbc,8,data refs=1 first=0x004b7f30; flow-decoded 2 insns to tail_jmp; preceded by terminator
0x003d1dc4,8,data refs=1 first=0x004b7f38; flow-decoded 2 insns to tail_jmp; preceded by terminator
0x003d1dd6,8,data refs=1 first=0x004b7f5c; flow-decoded 2 insns to tail_jmp; preceded by terminator
0x003d1de8,10,data refs=1 first=0x004b7f88; flow-decoded 4 insns to ret; preceded by terminator
0x003d1df2,10,data refs=1 first=0x004b7f90; flow-decoded 4 insns to ret; preceded by terminator
0x003d1dfc,10,data refs=1 first=0x004b7f98; flow-decoded 4 insns to ret; preceded by terminator
0x003d1e06,10,data refs=1 first=0x004b7fa0; flow-decoded 4 insns to ret; preceded by terminator
0x003d1e1a,8,data refs=1 first=0x004b7ff0; flow-decoded 2 insns to tail_jmp; preceded by terminator
0x003d1e22,8,data refs=1 first=0x004b7ff8; flow-decoded 2 insns to tail_jmp; preceded by terminator
0x003d1e2a,8,data refs=1 first=0x004b8000; flow-decoded 2 insns to tail_jmp; preceded by terminator
0x003d1e32,8,data refs=1 first=0x004b8008; flow-decoded 2 insns to tail_jmp; preceded by terminator
0x003d1e3a,8,data refs=1 first=0x004b8010; flow-decoded 2 insns to tail_jmp; preceded by terminator
0x003d1e42,10,data refs=1 first=0x004b8018; flow-decoded 4 insns to ret; preceded by terminator
0x003d1e56,8,data refs=1 first=0x004b803c; flow-decoded 2 insns to tail_jmp; preceded by terminator
0x003d1e5e,11,data refs=1 first=0x004b8044; flow-decoded 3 insns to tail_jmp; preceded by terminator
0x003d1e69,11,data refs=1 first=0x004b804c; flow-decoded 3 insns to tail_jmp; preceded by terminator
0x003d1e74,11,data refs=1 first=0x004b8054; flow-decoded 3 insns to tail_jmp; preceded by terminator
0x003d1e7f,11,data refs=1 first=0x004b805c; flow-decoded 3 insns to tail_jmp; preceded by terminator
0x003d1e8a,11,data refs=1 first=0x004b8064; flow-decoded 3 insns to tail_jmp; preceded by terminator
0x003d1e9f,8,data refs=1 first=0x004b8088; flow-decoded 2 insns to tail_jmp; preceded by terminator
0x003d1ea7,8,data refs=1 first=0x004b8090; flow-decoded 2 insns to tail_jmp; preceded by terminator
0x003d1eb9,11,data refs=1 first=0x004b80b4; flow-decoded 3 insns to tail_jmp; preceded by terminator
0x003d1ec4,11,data refs=1 first=0x004b80bc; flow-decoded 3 insns to tail_jmp; preceded by terminator
0x003d1ed9,11,data refs=1 first=0x004b80e0; flow-decoded 3 insns to tail_jmp; preceded by terminator
0x003d1ee4,11,data refs=1 first=0x004b80e8; flow-decoded 3 insns to tail_jmp; preceded by terminator
0x003d1eef,22,data refs=1 first=0x004b80f0; flow-decoded 8 insns to ret; preceded by terminator
0x003d1f05,14,data refs=1 first=0x004b80f8; flow-decoded 3 insns to tail_jmp; preceded by terminator
0x003d1f1d,8,data refs=1 first=0x004b811c; flow-decoded 2 insns to tail_jmp; preceded by terminator
0x003d1f2f,8,data refs=1 first=0x004b8140; flow-decoded 2 insns to tail_jmp; preceded by terminator
0x003d1f37,8,data refs=1 first=0x004b8148; flow-decoded 2 insns to tail_jmp; preceded by terminator
0x003d1f49,8,data refs=1 first=0x004b816c; flow-decoded 2 insns to tail_jmp; preceded by terminator
0x003d1f51,8,data refs=1 first=0x004b8174; flow-decoded 2 insns to tail_jmp; preceded by terminator
0x003d1f63,8,data refs=1 first=0x004b8198; flow-decoded 2 insns to tail_jmp; preceded by terminator
0x003d1f75,8,data refs=1 first=0x004b81bc; flow-decoded 2 insns to tail_jmp; preceded by terminator
0x003d1f87,8,data refs=1 first=0x004b81e0; flow-decoded 2 insns to tail_jmp; preceded by terminator
0x003d1f99,8,data refs=1 first=0x004b8204; flow-decoded 2 insns to tail_jmp; preceded by terminator
0x003d1fab,10,data refs=1 first=0x004b8228; flow-decoded 4 insns to ret; preceded by terminator
0x003d1fbf,10,data refs=1 first=0x004b824c; flow-decoded 4 insns to ret; preceded by terminator
0x003d1fd3,8,data refs=1 first=0x004b8270; flow-decoded 2 insns to tail_jmp; preceded by terminator
0x003d1fdb,8,data refs=1 first=0x004b8278; flow-decoded 2 insns to tail_jmp; preceded by terminator
0x003d1fe3,8,data refs=1 first=0x004b8280; flow-decoded 2 insns to tail_jmp; preceded by terminator
0x003d1feb,8,data refs=1 first=0x004b8288; flow-decoded 2 insns to tail_jmp; preceded by terminator
0x003d2000,39,data refs=1 first=0x004b82d4; flow-decoded 10 insns to ret; preceded by terminator
0x003d2030,22,data refs=1 first=0x004b82d8; flow-decoded 6 insns to ret; preceded by terminator
0x003d2050,26,data refs=1 first=0x004b82dc; flow-decoded 5 insns to ret; preceded by terminator
0x003d2070,22,data refs=1 first=0x004b82e0; flow-decoded 6 insns to ret; preceded by terminator
0x003d2090,22,data refs=1 first=0x004b82e4; flow-decoded 6 insns to ret; preceded by terminator
0x003d20b0,19,data refs=1 first=0x004b82e8; flow-decoded 4 insns to ret; preceded by terminator
0x003d20d0,36,data refs=1 first=0x004b82ec; flow-decoded 10 insns to ret; preceded by terminator
0x003d2100,36,data refs=1 first=0x004b82f0; flow-decoded 13 insns to ret; preceded by terminator
0x003d2130,22,data refs=1 first=0x004b82f4; flow-decoded 6 insns to ret; preceded by terminator
0x003d2150,32,data refs=1 first=0x004b82f8; flow-decoded 8 insns to ret; preceded by terminator
0x003d2170,32,data refs=1 first=0x004b82fc; flow-decoded 8 insns to ret; preceded by terminator
0x003d2190,22,data refs=1 first=0x004b8300; flow-decoded 6 insns to ret; preceded by terminator
0x003d21b0,48,data refs=1 first=0x004b832c; flow-decoded 12 insns to ret; preceded by terminator
0x003d21e0,22,data refs=1 first=0x004b8330; flow-decoded 6 insns to ret; preceded by terminator
0x003d2200,22,data refs=1 first=0x004b8334; flow-decoded 6 insns to ret; preceded by terminator
0x003d2220,22,data refs=1 first=0x004b8338; flow-decoded 6 insns to ret; preceded by terminator
0x003d2240,22,data refs=1 first=0x004b833c; flow-decoded 6 insns to ret; preceded by terminator
0x003d2260,22,data refs=1 first=0x004b8340; flow-decoded 6 insns to ret; preceded by terminator
0x003d2280,22,data refs=1 first=0x004b8344; flow-decoded 6 insns to ret; preceded by terminator
0x003d22a0,22,data refs=1 first=0x004b8348; flow-decoded 6 insns to ret; preceded by terminator
0x003d22c0,22,data refs=1 first=0x004b834c; flow-decoded 6 insns to ret; preceded by terminator
0x003d22e0,22,data refs=1 first=0x004b8350; flow-decoded 6 insns to ret; preceded by terminator
0x003d2300,22,data refs=1 first=0x004b8354; flow-decoded 6 insns to ret; preceded by terminator
0x003d2320,22,data refs=1 first=0x004b8358; flow-decoded 6 insns to ret; preceded by terminator
0x003d2340,22,data refs=1 first=0x004b835c; flow-decoded 6 insns to ret; preceded by terminator
0x003d2360,22,data refs=1 first=0x004b8360; flow-decoded 6 insns to ret; preceded by terminator
0x003d2380,22,data refs=1 first=0x004b8364; flow-decoded 6 insns to ret; preceded by terminator
0x003d23a0,22,data refs=1 first=0x004b8368; flow-decoded 6 insns to ret; preceded by terminator
0x003d23c0,22,data refs=1 first=0x004b836c; flow-decoded 6 insns to ret; preceded by terminator
0x003d23e0,22,data refs=1 first=0x004b8370; flow-decoded 6 insns to ret; preceded by terminator
0x003d2400,22,data refs=1 first=0x004b8374; flow-decoded 6 insns to ret; preceded by terminator
0x003d2420,22,data refs=1 first=0x004b8378; flow-decoded 6 insns to ret; preceded by terminator
0x003d2440,22,data refs=1 first=0x004b837c; flow-decoded 6 insns to ret; preceded by terminator
0x003d2460,22,data refs=1 first=0x004b8380; flow-decoded 6 insns to ret; preceded by terminator
0x003d2480,22,data refs=1 first=0x004b8384; flow-decoded 6 insns to ret; preceded by terminator
0x003d24a0,22,data refs=1 first=0x004b8388; flow-decoded 6 insns to ret; preceded by terminator
0x003d24c0,22,data refs=1 first=0x004b838c; flow-decoded 6 insns to ret; preceded by terminator
0x003d24e0,22,data refs=1 first=0x004b8390; flow-decoded 6 insns to ret; preceded by terminator
0x003d2500,22,data refs=1 first=0x004b8394; flow-decoded 6 insns to ret; preceded by terminator
0x003d2520,22,data refs=1 first=0x004b8398; flow-decoded 6 insns to ret; preceded by terminator
0x003d2540,22,data refs=1 first=0x004b839c; flow-decoded 6 insns to ret; preceded by terminator
0x003d2560,22,data refs=1 first=0x004b83a0; flow-decoded 6 insns to ret; preceded by terminator
0x003d2580,22,data refs=1 first=0x004b83a4; flow-decoded 6 insns to ret; preceded by terminator
0x003d25a0,22,data refs=1 first=0x004b83a8; flow-decoded 6 insns to ret; preceded by terminator
0x003d25c0,22,data refs=1 first=0x004b83ac; flow-decoded 6 insns to ret; preceded by terminator
0x003d25e0,22,data refs=1 first=0x004b83b0; flow-decoded 6 insns to ret; preceded by terminator
0x003d2600,22,data refs=1 first=0x004b83b4; flow-decoded 6 insns to ret; preceded by terminator
0x003d2620,22,data refs=1 first=0x004b83b8; flow-decoded 6 insns to ret; preceded by terminator
0x003d2640,22,data refs=1 first=0x004b83bc; flow-decoded 6 insns to ret; preceded by terminator
0x003d2660,22,data refs=1 first=0x004b83c0; flow-decoded 6 insns to ret; preceded by terminator
0x003d2680,22,data refs=1 first=0x004b83c4; flow-decoded 6 insns to ret; preceded by terminator
0x003d26a0,22,data refs=1 first=0x004b83c8; flow-decoded 6 insns to ret; preceded by terminator
0x003d26c0,22,data refs=1 first=0x004b83cc; flow-decoded 6 insns to ret; preceded by terminator
0x003d26e0,22,data refs=1 first=0x004b83d0; flow-decoded 6 insns to ret; preceded by terminator
0x003d2700,22,data refs=1 first=0x004b83d4; flow-decoded 6 insns to ret; preceded by terminator
0x003d2720,22,data refs=1 first=0x004b83d8; flow-decoded 6 insns to ret; preceded by terminator
0x003d2740,22,data refs=1 first=0x004b83dc; flow-decoded 6 insns to ret; preceded by terminator
0x003d2760,22,data refs=1 first=0x004b83e0; flow-decoded 6 insns to ret; preceded by terminator
0x003d2780,22,data refs=1 first=0x004b83e4; flow-decoded 6 insns to ret; preceded by terminator
0x003d27a0,22,data refs=1 first=0x004b83e8; flow-decoded 6 insns to ret; preceded by terminator
0x003d27c0,22,data refs=1 first=0x004b83ec; flow-decoded 6 insns to ret; preceded by terminator
0x003d27e0,22,data refs=1 first=0x004b83f0; flow-decoded 6 insns to ret; preceded by terminator
0x003d2800,22,data refs=1 first=0x004b83f4; flow-decoded 6 insns to ret; preceded by terminator
0x003d2820,22,data refs=1 first=0x004b83f8; flow-decoded 6 insns to ret; preceded by terminator
0x003d2840,22,data refs=1 first=0x004b83fc; flow-decoded 6 insns to ret; preceded by terminator
0x003d2860,22,data refs=1 first=0x004b8400; flow-decoded 6 insns to ret; preceded by terminator
0x003d2880,22,data refs=1 first=0x004b8404; flow-decoded 6 insns to ret; preceded by terminator
0x003d28a0,22,data refs=1 first=0x004b8408; flow-decoded 6 insns to ret; preceded by terminator
0x003d28c0,22,data refs=1 first=0x004b840c; flow-decoded 6 insns to ret; preceded by terminator
0x003d28e0,22,data refs=1 first=0x004b8410; flow-decoded 6 insns to ret; preceded by terminator
0x003d2900,22,data refs=1 first=0x004b8414; flow-decoded 6 insns to ret; preceded by terminator
0x003d2920,22,data refs=1 first=0x004b8418; flow-decoded 6 insns to ret; preceded by terminator
0x003d2940,22,data refs=1 first=0x004b841c; flow-decoded 6 insns to ret; preceded by terminator
0x003d2960,22,data refs=1 first=0x004b8420; flow-decoded 6 insns to ret; preceded by terminator
0x003d2980,22,data refs=1 first=0x004b8424; flow-decoded 6 insns to ret; preceded by terminator
0x003d29a0,22,data refs=1 first=0x004b8428; flow-decoded 6 insns to ret; preceded by terminator
0x003d29c0,22,data refs=1 first=0x004b842c; flow-decoded 6 insns to ret; preceded by terminator
0x003d29e0,22,data refs=1 first=0x004b8430; flow-decoded 6 insns to ret; preceded by terminator
0x003d2a00,22,data refs=1 first=0x004b8434; flow-decoded 6 insns to ret; preceded by terminator
0x003d2a20,22,data refs=1 first=0x004b8438; flow-decoded 6 insns to ret; preceded by terminator
0x003d2a40,22,data refs=1 first=0x004b843c; flow-decoded 6 insns to ret; preceded by terminator
0x003d2a60,22,data refs=1 first=0x004b8440; flow-decoded 6 insns to ret; preceded by terminator
0x003d2a80,22,data refs=1 first=0x004b8444; flow-decoded 6 insns to ret; preceded by terminator
0x003d2aa0,22,data refs=1 first=0x004b8448; flow-decoded 6 insns to ret; preceded by terminator
0x003d2ac0,22,data refs=1 first=0x004b844c; flow-decoded 6 insns to ret; preceded by terminator
0x003d2ae0,22,data refs=1 first=0x004b8450; flow-decoded 6 insns to ret; preceded by terminator
0x003d2b00,22,data refs=1 first=0x004b8454; flow-decoded 6 insns to ret; preceded by terminator
0x003d2b20,22,data refs=1 first=0x004b8458; flow-decoded 6 insns to ret; preceded by terminator
0x003d2b40,22,data refs=1 first=0x004b845c; flow-decoded 6 insns to ret; preceded by terminator
0x003d2b60,22,data refs=1 first=0x004b8460; flow-decoded 6 insns to ret; preceded by terminator
0x003d2b80,22,data refs=1 first=0x004b8464; flow-decoded 6 insns to ret; preceded by terminator
0x003d2ba0,22,data refs=1 first=0x004b8468; flow-decoded 6 insns to ret; preceded by terminator
0x003d2bc0,22,data refs=1 first=0x004b846c; flow-decoded 6 insns to ret; preceded by terminator
0x003d2be0,22,data refs=1 first=0x004b8470; flow-decoded 6 insns to ret; preceded by terminator
0x003d2c00,22,data refs=1 first=0x004b8474; flow-decoded 6 insns to ret; preceded by terminator
0x003d2c20,22,data refs=1 first=0x004b8478; flow-decoded 6 insns to ret; preceded by terminator
0x003d2c40,22,data refs=1 first=0x004b847c; flow-decoded 6 insns to ret; preceded by terminator
0x003d2c60,22,data refs=1 first=0x004b8480; flow-decoded 6 insns to ret; preceded by terminator
0x003d2c80,22,data refs=1 first=0x004b8484; flow-decoded 6 insns to ret; preceded by terminator
0x003d2ca0,22,data refs=1 first=0x004b8488; flow-decoded 6 insns to ret; preceded by terminator
0x003d2cc0,22,data refs=1 first=0x004b848c; flow-decoded 6 insns to ret; preceded by terminator
0x003d2ce0,22,data refs=1 first=0x004b8490; flow-decoded 6 insns to ret; preceded by terminator
0x003d2d00,22,data refs=1 first=0x004b8494; flow-decoded 6 insns to ret; preceded by terminator
0x003d2d20,22,data refs=1 first=0x004b8498; flow-decoded 6 insns to ret; preceded by terminator
0x003d2d40,22,data refs=1 first=0x004b849c; flow-decoded 6 insns to ret; preceded by terminator
0x003d2d60,22,data refs=1 first=0x004b84a0; flow-decoded 6 insns to ret; preceded by terminator
0x003d2d80,22,data refs=1 first=0x004b84a4; flow-decoded 6 insns to ret; preceded by terminator
0x003d2da0,22,data refs=1 first=0x004b84a8; flow-decoded 6 insns to ret; preceded by terminator
0x003d2dc0,12,data refs=1 first=0x004b84ac; flow-decoded 4 insns to ret; preceded by terminator
0x003d2dd0,12,data refs=1 first=0x004b84b0; flow-decoded 4 insns to ret; preceded by terminator
0x003d2de0,22,data refs=1 first=0x004b84b4; flow-decoded 6 insns to ret; preceded by terminator
0x003d2e00,22,data refs=1 first=0x004b84b8; flow-decoded 6 insns to ret; preceded by terminator
0x003d2e20,22,data refs=1 first=0x004b84bc; flow-decoded 6 insns to ret; preceded by terminator
0x003d2e40,22,data refs=1 first=0x004b84c0; flow-decoded 6 insns to ret; preceded by terminator
0x003d2e60,22,data refs=1 first=0x004b84c4; flow-decoded 6 insns to ret; preceded by terminator
0x003d2e80,22,data refs=1 first=0x004b84c8; flow-decoded 6 insns to ret; preceded by terminator
0x003d2ea0,22,data refs=1 first=0x004b84cc; flow-decoded 6 insns to ret; preceded by terminator
0x003d2ec0,22,data refs=1 first=0x004b84d0; flow-decoded 6 insns to ret; preceded by terminator
0x003d2ee0,22,data refs=1 first=0x004b84d4; flow-decoded 6 insns to ret; preceded by terminator
0x003d2f00,22,data refs=1 first=0x004b84d8; flow-decoded 6 insns to ret; preceded by terminator
0x003d2f20,22,data refs=1 first=0x004b84dc; flow-decoded 6 insns to ret; preceded by terminator
0x003d2f40,22,data refs=1 first=0x004b84e0; flow-decoded 6 insns to ret; preceded by terminator
0x003d2f60,22,data refs=1 first=0x004b84e4; flow-decoded 6 insns to ret; preceded by terminator
0x003d2f80,22,data refs=1 first=0x004b84e8; flow-decoded 6 insns to ret; preceded by terminator
0x003d2fa0,22,data refs=1 first=0x004b84ec; flow-decoded 6 insns to ret; preceded by terminator
0x003d2fc0,22,data refs=1 first=0x004b84f0; flow-decoded 6 insns to ret; preceded by terminator
0x003d2fe0,22,data refs=1 first=0x004b84f4; flow-decoded 6 insns to ret; preceded by terminator
0x003d3000,22,data refs=1 first=0x004b84f8; flow-decoded 6 insns to ret; preceded by terminator
0x003d3020,22,data refs=1 first=0x004b84fc; flow-decoded 6 insns to ret; preceded by terminator
0x003d3040,22,data refs=1 first=0x004b8500; flow-decoded 6 insns to ret; preceded by terminator
0x003d3060,22,data refs=1 first=0x004b8504; flow-decoded 6 insns to ret; preceded by terminator
0x003d3080,22,data refs=1 first=0x004b8508; flow-decoded 6 insns to ret; preceded by terminator
0x003d30a0,22,data refs=1 first=0x004b850c; flow-decoded 6 insns to ret; preceded by terminator
0x003d30c0,22,data refs=1 first=0x004b8510; flow-decoded 6 insns to ret; preceded by terminator
0x003d30e0,22,data refs=1 first=0x004b8514; flow-decoded 6 insns to ret; preceded by terminator
0x003d3100,22,data refs=1 first=0x004b8518; flow-decoded 6 insns to ret; preceded by terminator
0x003d3120,22,data refs=1 first=0x004b851c; flow-decoded 6 insns to ret; preceded by terminator
0x003d3140,22,data refs=1 first=0x004b8520; flow-decoded 6 insns to ret; preceded by terminator
0x003d3160,22,data refs=1 first=0x004b8524; flow-decoded 6 insns to ret; preceded by terminator
0x003d3180,22,data refs=1 first=0x004b8528; flow-decoded 6 insns to ret; preceded by terminator
0x003d31a0,22,data refs=1 first=0x004b852c; flow-decoded 6 insns to ret; preceded by terminator
0x003d31c0,22,data refs=1 first=0x004b8530; flow-decoded 6 insns to ret; preceded by terminator
0x003d31e0,22,data refs=1 first=0x004b8534; flow-decoded 6 insns to ret; preceded by terminator
0x003d3200,22,data refs=1 first=0x004b8538; flow-decoded 6 insns to ret; preceded by terminator
0x003d3220,22,data refs=1 first=0x004b853c; flow-decoded 6 insns to ret; preceded by terminator
0x003d3240,12,data refs=1 first=0x004b8540; flow-decoded 4 insns to ret; preceded by terminator
0x003d3250,12,data refs=1 first=0x004b8544; flow-decoded 4 insns to ret; preceded by terminator
0x003d47c0,553,T1643 scan-all candidate; docs/t1643-function-starts.md; flow-decoded 183 insns to indirect_jmp+ret; preceded by terminator
0x003d52f0,76,T1643 scan-all candidate; docs/t1643-function-starts.md; flow-decoded 24 insns to ret; preceded by terminator
0x003dc520,98,T1643 scan-all candidate; docs/t1643-function-starts.md; flow-decoded 19 insns to ret; preceded by terminator
0x003ec979,21,T1643 scan-all candidate; docs/t1643-function-starts.md; flow-decoded 7 insns to ret; preceded by terminator
0x003ef236,7,T1643 scan-all candidate; docs/t1643-function-starts.md; flow-decoded 2 insns to ret; preceded by terminator
0x003ef3b7,7,T1643 scan-all candidate; docs/t1643-function-starts.md; flow-decoded 2 insns to ret; preceded by terminator
0x003f016c,33,data refs=1 first=0x004a1bd0; flow-decoded 11 insns to ret; preceded by terminator
0x003f02c0,33,data refs=1 first=0x004a1bd4; flow-decoded 11 insns to ret; preceded by terminator
0x003f0ff1,33,data refs=1 first=0x004a1c1c; flow-decoded 11 insns to ret; preceded by terminator
0x003f104f,33,data refs=1 first=0x004a1c20; flow-decoded 11 insns to ret; preceded by terminator
0x003f1098,33,data refs=1 first=0x004a1c24; flow-decoded 11 insns to ret; preceded by terminator
0x003f10e1,33,data refs=1 first=0x004a1c28; flow-decoded 11 insns to ret; preceded by terminator
0x003f11e9,33,data refs=1 first=0x004a1c2c; flow-decoded 11 insns to ret; preceded by terminator
0x003f1232,33,data refs=1 first=0x004a1c30; flow-decoded 11 insns to ret; preceded by terminator
0x003f1282,33,data refs=1 first=0x004a1c34; flow-decoded 11 insns to ret; preceded by terminator
0x003f1786,11,T1643 scan-all candidate; docs/t1643-function-starts.md; flow-decoded 2 insns to tail_jmp; preceded by terminator
0x003f17ae,11,T1643 scan-all candidate; docs/t1643-function-starts.md; flow-decoded 2 insns to tail_jmp; preceded by terminator
0x003f3555,24,data refs=1 first=0x004a1bf4; flow-decoded 9 insns to ret; preceded by terminator
0x003f3613,24,data refs=1 first=0x004a1c0c; flow-decoded 9 insns to ret; preceded by terminator
0x003f365e,28,"data refs=2 first=0x004a1c14,0x004a1c3c; flow-decoded 10 insns to ret; preceded by terminator"
0x003f36c1,24,data refs=1 first=0x004a1bd8; flow-decoded 9 insns to ret; preceded by terminator
0x003f36f1,18,T1643 scan-all candidate; docs/t1643-function-starts.md; flow-decoded 5 insns to ret; preceded by terminator
0x003f88aa,12,data refs=1 first=0x004b8308; flow-decoded 4 insns to ret; preceded by terminator
0x003f88b6,12,data refs=1 first=0x004b830c; flow-decoded 4 insns to ret; preceded by terminator
0x003f88c2,12,data refs=1 first=0x004b8310; flow-decoded 4 insns to ret; preceded by terminator
0x003f88ce,36,T1643 scan-all candidate; docs/t1643-function-starts.md; flow-decoded 6 insns to ret; preceded by terminator
0x003f88f2,36,T1643 scan-all candidate; docs/t1643-function-starts.md; flow-decoded 6 insns to ret; preceded by terminator
0x003f8916,36,T1643 scan-all candidate; docs/t1643-function-starts.md; flow-decoded 6 insns to ret; preceded by terminator
0x003f9402,168,data refs=1 first=0x00549aa0; flow-decoded 54 insns to ret; preceded by terminator
0x003ffbde,23,T1643 scan-all candidate; docs/t1643-function-starts.md; flow-decoded 9 insns to ret; preceded by terminator
0x00400d98,5,T1643 scan-all candidate; docs/t1643-function-starts.md; flow-decoded 1 insns to tail_jmp; preceded by terminator
0x0040248e,549,data refs=1 first=0x004a1c7c; flow-decoded 185 insns to jmp+ret; preceded by terminator
0x0040276d,66,T1643 scan-all candidate; docs/t1643-function-starts.md; flow-decoded 27 insns to ret; preceded by terminator
0x00402877,3,data refs=1 first=0x004a1c84; flow-decoded 1 insns to ret; preceded by terminator
0x00402a63,33,data refs=1 first=0x004a1c70; flow-decoded 11 insns to ret; preceded by terminator
0x0040686c,13,"data refs=10 first=0x004a1c94,0x004a1cc4; flow-decoded 4 insns to ret; preceded by terminator"
0x00406879,17,"data refs=13 first=0x004a1c9c,0x004a1cbc; flow-decoded 6 insns to ret; preceded by terminator"
0x00406fa9,71,"data refs=2 first=0x004a1cb4,0x004a1ce4; flow-decoded 21 insns to jmp+ret; preceded by terminator"
0x00406ff0,74,data refs=1 first=0x004a1ce8; flow-decoded 23 insns to jmp+ret; preceded by terminator
0x0040723f,71,data refs=1 first=0x004a1d00; flow-decoded 21 insns to jmp+ret; preceded by terminator
0x00407286,78,data refs=1 first=0x004a1d04; flow-decoded 25 insns to jmp+ret; preceded by terminator
0x004072d4,103,data refs=1 first=0x004a1d08; flow-decoded 32 insns to jmp+ret; preceded by terminator
0x0040733b,77,data refs=1 first=0x004a1d14; flow-decoded 24 insns to jmp+ret; preceded by terminator
0x00407388,75,data refs=1 first=0x004a1d18; flow-decoded 22 insns to jmp+ret; preceded by terminator
0x004073d3,81,data refs=1 first=0x004a1d0c; flow-decoded 25 insns to jmp+ret; preceded by terminator
0x00407883,10,data refs=1 first=0x004a1cf4; flow-decoded 2 insns to tail_jmp; preceded by terminator
0x0040788d,10,data refs=1 first=0x004a1cf8; flow-decoded 2 insns to tail_jmp; preceded by terminator
0x00408cc1,28,data refs=1 first=0x004a1c90; flow-decoded 10 insns to ret; preceded by terminator
0x00409911,11,data refs=1 first=0x004b8314; flow-decoded 2 insns to ret; preceded by terminator
0x0040991c,11,data refs=1 first=0x004b8318; flow-decoded 2 insns to ret; preceded by terminator
0x0040add9,12,T1643 scan-all candidate; docs/t1643-function-starts.md; flow-decoded 3 insns to ret; preceded by terminator
0x0040ade5,28,T1643 scan-all candidate; docs/t1643-function-starts.md; flow-decoded 5 insns to ret; preceded by terminator
0x0040af48,12,T1643 scan-all candidate; docs/t1643-function-starts.md; flow-decoded 3 insns to ret; preceded by terminator
0x0040b128,12,T1643 scan-all candidate; docs/t1643-function-starts.md; flow-decoded 3 insns to ret; preceded by terminator
0x0040b780,47,data refs=1 first=0x004a1d78; flow-decoded 13 insns to ret; preceded by terminator
0x0040bfa6,75,data refs=1 first=0x004a1d80; flow-decoded 27 insns to jmp+ret; preceded by terminator
0x0040c74c,11,data refs=1 first=0x004b831c; flow-decoded 2 insns to ret; preceded by terminator
0x0040c757,11,data refs=1 first=0x004b8320; flow-decoded 2 insns to ret; preceded by terminator
0x0040e418,47,data refs=1 first=0x004a1ddc; flow-decoded 13 insns to ret; preceded by terminator
0x0040e92b,79,data refs=1 first=0x004a1de4; flow-decoded 28 insns to jmp+ret; preceded by terminator
0x00410631,14,T1643 scan-all candidate; docs/t1643-function-starts.md; flow-decoded 4 insns to ret; preceded by terminator
0x00410ac6,17,T1643 scan-all candidate; docs/t1643-function-starts.md; flow-decoded 5 insns to ret; preceded by terminator
0x00410ad7,12,T1643 scan-all candidate; docs/t1643-function-starts.md; flow-decoded 3 insns to ret; preceded by terminator
0x00410b91,15,T1643 scan-all candidate; docs/t1643-function-starts.md; flow-decoded 4 insns to ret; preceded by terminator
0x00412e66,89,T1643 scan-all candidate; docs/t1643-function-starts.md; flow-decoded 34 insns to jmp+ret; preceded by terminator
0x00412ebf,59,T1643 scan-all candidate; docs/t1643-function-starts.md; flow-decoded 20 insns to jmp+ret; preceded by terminator
0x00413760,126,T1643 scan-all candidate; docs/t1643-function-starts.md; flow-decoded 39 insns to jmp+ret; preceded by terminator
0x0041381f,19,T1643 scan-all candidate; docs/t1643-function-starts.md; flow-decoded 5 insns to ret; preceded by terminator
0x004139c2,44,T1643 scan-all candidate; docs/t1643-function-starts.md; flow-decoded 13 insns to jmp+ret; preceded by terminator
0x004139ee,101,T1643 scan-all candidate; docs/t1643-function-starts.md; flow-decoded 34 insns to ret; preceded by terminator
0x00413c6d,102,T1643 scan-all candidate; docs/t1643-function-starts.md; flow-decoded 36 insns to jmp+ret; preceded by terminator
0x004141ce,147,T1643 scan-all candidate; docs/t1643-function-starts.md; flow-decoded 45 insns to jmp+ret; preceded by terminator
0x004144a3,110,T1643 scan-all candidate; docs/t1643-function-starts.md; flow-decoded 37 insns to ret; preceded by terminator
0x00419982,68,T1643 scan-all candidate; docs/t1643-function-starts.md; flow-decoded 18 insns to ret; preceded by terminator
0x0041b594,420,T1643 scan-all candidate; docs/t1643-function-starts.md; flow-decoded 134 insns to jmp+ret; preceded by terminator
0x0041e4d3,19,T1643 scan-all candidate; docs/t1643-function-starts.md; flow-decoded 5 insns to ret; preceded by terminator
0x0041e666,79,T1643 scan-all candidate; docs/t1643-function-starts.md; flow-decoded 22 insns to jmp+ret; preceded by terminator
0x0041e6ba,44,T1643 scan-all candidate; docs/t1643-function-starts.md; flow-decoded 13 insns to jmp+ret; preceded by terminator
0x0041e821,176,T1643 scan-all candidate; docs/t1643-function-starts.md; flow-decoded 52 insns to jmp+ret; preceded by terminator
0x0041eac4,213,T1643 scan-all candidate; docs/t1643-function-starts.md; flow-decoded 67 insns to jmp+ret; preceded by terminator
0x00421e76,26,T1643 scan-all candidate; docs/t1643-function-starts.md; flow-decoded 8 insns to ret; preceded by terminator
0x00424036,85,T1643 scan-all candidate; docs/t1643-function-starts.md; flow-decoded 24 insns to indirect_jmp+jmp+ret; preceded by terminator
0x0042522b,17,T1643 scan-all candidate; docs/t1643-function-starts.md; flow-decoded 4 insns to ret; preceded by terminator
0x0042bc28,29,T1643 scan-all candidate; docs/t1643-function-starts.md; flow-decoded 10 insns to ret; preceded by terminator
0x0042e320,59,T1643 scan-all candidate; docs/t1643-function-starts.md; flow-decoded 23 insns to ret; preceded by terminator
0x00430f7e,106,T1643 scan-all candidate; docs/t1643-function-starts.md; flow-decoded 50 insns to jmp+ret; preceded by terminator
0x0043101a,1134,T1643 scan-all candidate; docs/t1643-function-starts.md; flow-decoded 334 insns to indirect_jmp+jmp+ret; preceded by terminator
0x00434472,16,T1643 scan-all candidate; docs/t1643-function-starts.md; flow-decoded 5 insns to ret; preceded by terminator
0x0043a184,12,T1643 scan-all candidate; docs/t1643-function-starts.md; flow-decoded 3 insns to ret; preceded by terminator
0x0043a574,12,T1643 scan-all candidate; docs/t1643-function-starts.md; flow-decoded 3 insns to ret; preceded by terminator
0x0043ab11,85,T1643 scan-all candidate; docs/t1643-function-starts.md; flow-decoded 28 insns to ret; preceded by terminator
0x0043ab66,17,data refs=1 first=0x004a1e00; flow-decoded 5 insns to ret; preceded by terminator
0x0043abb9,11,data refs=1 first=0x004a1e08; flow-decoded 2 insns to tail_jmp; preceded by terminator
0x0043ac20,12,T1643 scan-all candidate; docs/t1643-function-starts.md; flow-decoded 3 insns to ret; preceded by terminator
0x0043b562,40,T1643 scan-all candidate; docs/t1643-function-starts.md; flow-decoded 13 insns to jmp+ret; preceded by terminator
0x0043c74c,16,T1643 scan-all candidate; docs/t1643-function-starts.md; flow-decoded 5 insns to ret; preceded by terminator
0x0043c75c,19,T1643 scan-all candidate; docs/t1643-function-starts.md; flow-decoded 5 insns to ret; preceded by terminator
0x0043d444,16,T1643 scan-all candidate; docs/t1643-function-starts.md; flow-decoded 5 insns to ret; preceded by terminator
0x0043d454,19,T1643 scan-all candidate; docs/t1643-function-starts.md; flow-decoded 5 insns to ret; preceded by terminator
0x004400ec,690,T1643 scan-all candidate; docs/t1643-function-starts.md; flow-decoded 181 insns to indirect_jmp+jmp+ret; preceded by terminator
0x00441487,12,T1643 scan-all candidate; docs/t1643-function-starts.md; flow-decoded 3 insns to ret; preceded by terminator
0x00441c4a,18,T1643 scan-all candidate; docs/t1643-function-starts.md; flow-decoded 6 insns to ret; preceded by terminator
0x0046d30b,108,T1643 scan-all candidate; docs/t1643-function-starts.md; flow-decoded 29 insns to ret; preceded by terminator
0x0046de43,53,T1643 scan-all candidate; docs/t1643-function-starts.md; flow-decoded 19 insns to jmp+ret; preceded by terminator
0x0046e099,56,data refs=1 first=0x004b8304; flow-decoded 12 insns to ret; preceded by terminator
0x0046f14a,18,T1643 scan-all candidate; docs/t1643-function-starts.md; flow-decoded 6 insns to ret; preceded by terminator
0x0046f30a,43,T1643 scan-all candidate; docs/t1643-function-starts.md; flow-decoded 10 insns to ret; preceded by terminator
0x0046f9d9,219,T1643 scan-all candidate; docs/t1643-function-starts.md; flow-decoded 51 insns to jmp+ret; preceded by terminator
0x0046feff,84,T1643 scan-all candidate; docs/t1643-function-starts.md; flow-decoded 25 insns to jmp+ret; preceded by terminator
0x004708a3,104,T1643 scan-all candidate; docs/t1643-function-starts.md; flow-decoded 33 insns to jmp+ret; preceded by terminator
0x004709b4,512,T1643 scan-all candidate; docs/t1643-function-starts.md; flow-decoded 120 insns to jmp+ret; preceded by terminator
0x00470bfd,17,T1643 scan-all candidate; docs/t1643-function-starts.md; flow-decoded 4 insns to ret; preceded by terminator
0x00470eb3,138,T1643 scan-all candidate; docs/t1643-function-starts.md; flow-decoded 44 insns to jmp+ret; preceded by terminator
0x00470f3d,82,T1643 scan-all candidate; docs/t1643-function-starts.md; flow-decoded 40 insns to jmp+ret+tail_jmp; preceded by terminator
0x00470f8f,36,T1643 scan-all candidate; docs/t1643-function-starts.md; flow-decoded 17 insns to tail_jmp; preceded by terminator
0x00470fe0,102,T1643 scan-all candidate; docs/t1643-function-starts.md; flow-decoded 31 insns to jmp+ret; preceded by terminator
0x004711e9,132,T1643 scan-all candidate; docs/t1643-function-starts.md; flow-decoded 38 insns to jmp+ret; preceded by terminator
0x00471383,59,T1643 scan-all candidate; docs/t1643-function-starts.md; flow-decoded 20 insns to jmp+ret; preceded by terminator
0x004719a2,340,T1643 scan-all candidate; docs/t1643-function-starts.md; flow-decoded 91 insns to jmp+ret; preceded by terminator
0x00472110,36,T1643 scan-all candidate; docs/t1643-function-starts.md; flow-decoded 8 insns to ret; preceded by terminator
0x004723e9,99,T1643 scan-all candidate; docs/t1643-function-starts.md; flow-decoded 30 insns to jmp+ret; preceded by terminator
0x0047271e,204,T1643 scan-all candidate; docs/t1643-function-starts.md; flow-decoded 68 insns to jmp+ret; preceded by terminator
0x00472b43,124,T1643 scan-all candidate; docs/t1643-function-starts.md; flow-decoded 37 insns to jmp+ret; preceded by terminator
0x00472ce5,226,T1643 scan-all candidate; docs/t1643-function-starts.md; flow-decoded 72 insns to jmp+ret; preceded by terminator
0x00472ec0,43,T1643 scan-all candidate; docs/t1643-function-starts.md; flow-decoded 15 insns to ret; preceded by terminator
0x00474965,75,data refs=1 first=0x004a2084; flow-decoded 22 insns to jmp+ret; preceded by terminator
0x004749b0,8,data refs=1 first=0x004a2094; flow-decoded 2 insns to ret; preceded by terminator
0x004749b8,5,data refs=1 first=0x004a2090; flow-decoded 2 insns to ret; preceded by terminator
0x004749bd,67,data refs=1 first=0x004a2088; flow-decoded 24 insns to jmp+ret; preceded by terminator
0x0047564f,71,T1643 scan-all candidate; docs/t1643-function-starts.md; flow-decoded 27 insns to jmp+ret; preceded by terminator
0x004756c9,48,data refs=1 first=0x004b8324; flow-decoded 17 insns to ret; preceded by terminator
0x004756f9,48,data refs=1 first=0x004b8328; flow-decoded 17 insns to ret; preceded by terminator
