entry_va,name,confidence,evidence
0x003d0109,__atodbl,INFERRED,"MEASURED pin: calls ___strgtold12 (0x3d0524) then the double __ld12tod (0x3d00dd, parameter table 53/11/1023); name from the public MSVC CRT"
0x003d0136,__atoflt,INFERRED,"MEASURED pin: calls ___strgtold12 (0x3d0524) then the float __ld12tod (0x3d00f3, parameter table 24/8/127); name from the public MSVC CRT"
0x003d029c,__fltout,INFERRED,"MEASURED pin: calls ___dtold (0x3d01e2) then $I10_OUTPUT (0x3d0c04), fills the static STRFLT at 0x772b30; name from the public MSVC CRT"
0x003d0434,_ValidateRead,INFERRED,"MEASURED pin: wraps IsBadReadPtr (0x3d17b0), neighbour of the named _ValidateExecute; name from the public MSVC CRT"
0x003d044f,_ValidateWrite,INFERRED,"MEASURED pin: wraps IsBadWritePtr (0x3d1815), neighbour of the named _ValidateExecute; name from the public MSVC CRT"
0x003eddf6,XGAssembleShader_Impl,INFERRED,"sole direct call target of branch-free 52-byte named wrapper XGAssembleShader (0x003ee2b3), referenced by nothing else; method name unknown"
0x00412d20,XOnlineSignatureVerify_Impl,INFERRED,sole tail-jmp target of named thunk XOnlineSignatureVerify (0x00412e50); internal method name unknown
0x00412e12,XOnlineSignatureVerifyGetResults_Impl,INFERRED,sole tail-jmp target of named thunk XOnlineSignatureVerifyGetResults (0x00412e5b); internal method name unknown
0x0041489f,XOnlineTitleUpdate_Impl,INFERRED,sole tail-jmp target of named thunk XOnlineTitleUpdate (0x00412ffa); internal method name unknown
0x0041490b,XOnlineTaskContinue_Impl,INFERRED,sole tail-jmp target of named thunk XOnlineTaskContinue (0x00412f9e); internal method name unknown
0x00414920,XOnlineTaskClose_Impl,INFERRED,sole tail-jmp target of named thunk XOnlineTaskClose (0x00412fa9); internal method name unknown
0x00414d37,XOnlineGetUsers_Impl,INFERRED,sole tail-jmp target of named thunk XOnlineGetUsers (0x00412fb4); internal method name unknown
0x004150d7,XOnlineLogonTaskGetResults_Impl,INFERRED,sole tail-jmp target of named thunk XOnlineLogonTaskGetResults (0x00412fce); internal method name unknown
0x004150ec,XOnlineGetLogonUsers_Impl,INFERRED,sole tail-jmp target of named thunk XOnlineGetLogonUsers (0x00412fd9); internal method name unknown
0x00417932,XOnlineGetServiceInfo_Impl,INFERRED,sole tail-jmp target of named thunk XOnlineGetServiceInfo (0x00412fe4); internal method name unknown
0x0041a14f,XOnlineTitleIdIsSameTitle_Impl,INFERRED,sole tail-jmp target of named thunk XOnlineTitleIdIsSameTitle (0x00413005); internal method name unknown
0x0041a381,XOnlineFriendsEnumerateFinish_Impl,INFERRED,sole tail-jmp target of named thunk XOnlineFriendsEnumerateFinish (0x00413082); internal method name unknown
0x0041a3a4,XOnlineFriendsRequestByName_Impl,INFERRED,sole tail-jmp target of named thunk XOnlineFriendsRequestByName (0x004130a3); internal method name unknown
0x0041a3be,XOnlineFriendsGetAcceptedGameInvite_Impl,INFERRED,sole tail-jmp target of named thunk XOnlineFriendsGetAcceptedGameInvite (0x00413106); internal method name unknown
0x0041b1cd,XOnlineNotificationSetState_Impl,INFERRED,"sole direct call target of branch-free 36-byte named wrapper XOnlineNotificationSetState (0x00413010), referenced by nothing else; method name unknown"
0x0041b454,XOnlineMutelistAdd_Impl,INFERRED,"sole direct call target of branch-free 34-byte named wrapper XOnlineMutelistAdd (0x00413120), referenced by nothing else; method name unknown"
0x0041bd5c,XOnlineFriendsGetLatest_Impl,INFERRED,sole tail-jmp target of named thunk XOnlineFriendsGetLatest (0x0041308d); internal method name unknown
0x0041c472,XOnlineFriendsRemove_Impl,INFERRED,sole tail-jmp target of named thunk XOnlineFriendsRemove (0x00413098); internal method name unknown
0x0041c587,XOnlineFriendsGameInvite_Impl,INFERRED,"sole direct call target of branch-free 33-byte named wrapper XOnlineFriendsGameInvite (0x004130ae), referenced by nothing else; method name unknown"
0x0041c761,XOnlineFriendsRevokeGameInvite_Impl,INFERRED,"sole direct call target of branch-free 33-byte named wrapper XOnlineFriendsRevokeGameInvite (0x004130cf), referenced by nothing else; method name unknown"
0x0041c941,XOnlineFriendsAnswerRequest_Impl,INFERRED,sole tail-jmp target of named thunk XOnlineFriendsAnswerRequest (0x004130f0); internal method name unknown
0x0041cb22,XOnlineFriendsAnswerGameInvite_Impl,INFERRED,sole tail-jmp target of named thunk XOnlineFriendsAnswerGameInvite (0x004130fb); internal method name unknown
0x0041df59,XOnlineFriendsStartup_Impl,INFERRED,sole tail-jmp target of named thunk XOnlineFriendsStartup (0x0041306c); internal method name unknown
0x0041df8e,XOnlineFriendsEnumerate_Impl,INFERRED,sole tail-jmp target of named thunk XOnlineFriendsEnumerate (0x00413077); internal method name unknown
0x0041e2ea,XOnlineMutelistGet_Impl,INFERRED,sole tail-jmp target of named thunk XOnlineMutelistGet (0x00413111); internal method name unknown
0x00431620,XNetCreateKey_Guard,INFERRED,"null-ecx guard stub tail-jumped to by named thunk XNetCreateKey (0x0043170b), leading to 0x004344ae"
0x00431631,XNetRegisterKey_Guard,INFERRED,"null-ecx guard stub tail-jumped to by named thunk XNetRegisterKey (0x00431716), leading to 0x00434c98"
0x00431642,XNetUnregisterKey_Guard,INFERRED,"null-ecx guard stub tail-jumped to by named thunk XNetUnregisterKey (0x00431721), leading to 0x00436f76"
0x00431653,XNetRandom_Impl,INFERRED,sole tail-jmp target of named thunk XNetRandom (0x00431700); internal method name unknown
0x00431681,XNetGetTitleXnAddr_Guard,INFERRED,"null-ecx guard stub tail-jumped to by named thunk XNetGetTitleXnAddr (0x004317a6), leading to 0x00435168"
0x00431690,XNetDnsRelease_Guard,INFERRED,"null-ecx guard stub tail-jumped to by named thunk XNetDnsRelease (0x00431765), leading to 0x0043b1fe"
0x004316a1,XNetQosListen_Guard,INFERRED,"null-ecx guard stub tail-jumped to by named thunk XNetQosListen (0x00431770), leading to 0x0043c8ad"
0x004316b7,XNetQosRelease_Guard,INFERRED,"null-ecx guard stub tail-jumped to by named thunk XNetQosRelease (0x0043179b), leading to 0x0043ca6d"
0x004316c8,XNetConfig_Guard,INFERRED,"null-ecx guard stub tail-jumped to by named thunk XNetConfig (0x004316ea), leading to 0x0043f005"
0x004316d9,XNetGetConfigStatus_Guard,INFERRED,"null-ecx guard stub tail-jumped to by named thunk XNetGetConfigStatus (0x004316f5), leading to 0x0043dbb6"
0x004318b0,XNetUnregisterInAddr_Guard,INFERRED,"null-ecx guard stub tail-jumped to by named thunk XNetUnregisterInAddr (0x0043197f), leading to 0x0043703a"
0x004318c1,XNetConnect_Guard,INFERRED,"null-ecx guard stub tail-jumped to by named thunk XNetConnect (0x0043198a), leading to 0x004373b4"
0x004318d2,XNetGetConnectStatus_Guard,INFERRED,"null-ecx guard stub tail-jumped to by named thunk XNetGetConnectStatus (0x00431995), leading to 0x00435a54"
0x00431eb5,shutdown_Impl,INFERRED,sole tail-jmp target of named thunk shutdown (0x004317c7); internal method name unknown
0x00432077,getsockname_Impl,INFERRED,sole tail-jmp target of named thunk getsockname (0x004317ec); internal method name unknown
0x004320ee,getpeername_Impl,INFERRED,sole tail-jmp target of named thunk getpeername (0x004317f7); internal method name unknown
0x004328df,setsockopt_Impl,INFERRED,sole tail-jmp target of named thunk setsockopt (0x004317dd); internal method name unknown
0x00432c99,accept_Impl,INFERRED,sole tail-jmp target of named thunk accept (0x00431818); internal method name unknown
0x00432dac,select_Impl,INFERRED,sole tail-jmp target of named thunk select (0x00431823); internal method name unknown
0x00433133,WSAGetOverlappedResult_Impl,INFERRED,sole tail-jmp target of named thunk WSAGetOverlappedResult (0x00431832); internal method name unknown
0x00433207,WSACancelOverlappedIO_Impl,INFERRED,sole tail-jmp target of named thunk WSACancelOverlappedIO (0x00431841); internal method name unknown
0x004336fa,WSARecv_Impl,INFERRED,sole tail-jmp target of named thunk WSARecv (0x00431857); internal method name unknown
0x004338ea,WSASend_Impl,INFERRED,sole tail-jmp target of named thunk WSASend (0x00431880); internal method name unknown
0x00433985,WSASendTo_Impl,INFERRED,sole tail-jmp target of named thunk WSASendTo (0x0043189e); internal method name unknown
0x00433cb9,closesocket_Impl,INFERRED,sole tail-jmp target of named thunk closesocket (0x004317bc); internal method name unknown
0x00433d4a,recvfrom_Impl,INFERRED,sole tail-jmp target of named thunk recvfrom (0x00431866); internal method name unknown
0x00433d8b,sendto_Impl,INFERRED,sole tail-jmp target of named thunk sendto (0x0043188f); internal method name unknown
0x004344ae,XNetCreateKey_Impl,INFERRED,implementation behind guard 0x00431620 of named thunk XNetCreateKey (0x0043170b); internal method name unknown
0x00434c98,XNetRegisterKey_Impl,INFERRED,implementation behind guard 0x00431631 of named thunk XNetRegisterKey (0x00431716); internal method name unknown
0x00435168,XNetGetTitleXnAddr_Impl,INFERRED,implementation behind guard 0x00431681 of named thunk XNetGetTitleXnAddr (0x004317a6); internal method name unknown
0x004359b1,XNetInAddrToXnAddr_Impl,INFERRED,sole tail-jmp target of named thunk XNetInAddrToXnAddr (0x00431968); internal method name unknown
0x00435a54,XNetGetConnectStatus_Impl,INFERRED,implementation behind guard 0x004318d2 of named thunk XNetGetConnectStatus (0x00431995); internal method name unknown
0x00436f76,XNetUnregisterKey_Impl,INFERRED,implementation behind guard 0x00431642 of named thunk XNetUnregisterKey (0x00431721); internal method name unknown
0x0043703a,XNetUnregisterInAddr_Impl,INFERRED,implementation behind guard 0x004318b0 of named thunk XNetUnregisterInAddr (0x0043197f); internal method name unknown
0x004373b4,XNetConnect_Impl,INFERRED,implementation behind guard 0x004318c1 of named thunk XNetConnect (0x0043198a); internal method name unknown
0x00438645,XNetXnAddrToInAddr_Impl,INFERRED,sole tail-jmp target of named thunk XNetXnAddrToInAddr (0x0043172c); internal method name unknown
0x00438766,XNetServerToInAddr_Impl,INFERRED,sole tail-jmp target of named thunk XNetServerToInAddr (0x00431951); internal method name unknown
0x0043b1fe,XNetDnsRelease_Impl,INFERRED,implementation behind guard 0x00431690 of named thunk XNetDnsRelease (0x00431765); internal method name unknown
0x0043b58a,XNetDnsLookup_Impl,INFERRED,sole tail-jmp target of named thunk XNetDnsLookup (0x0043174e); internal method name unknown
0x0043c8ad,XNetQosListen_Impl,INFERRED,implementation behind guard 0x004316a1 of named thunk XNetQosListen (0x00431770); internal method name unknown
0x0043ca6d,XNetQosRelease_Impl,INFERRED,implementation behind guard 0x004316b7 of named thunk XNetQosRelease (0x0043179b); internal method name unknown
0x0043d662,XNetQosLookup_Impl,INFERRED,sole tail-jmp target of named thunk XNetQosLookup (0x0043177f); internal method name unknown
0x0043dbb6,XNetGetConfigStatus_Impl,INFERRED,implementation behind guard 0x004316d9 of named thunk XNetGetConfigStatus (0x004316f5); internal method name unknown
0x0043f005,XNetConfig_Impl,INFERRED,implementation behind guard 0x004316c8 of named thunk XNetConfig (0x004316ea); internal method name unknown
0x003d1935,lib_eh_unwind_funclet_3d1935_dtor_3ec979_on_ebp_m34,INFERRED,"8 byte structured-exception unwind funclet at 0x003d1935: takes the address of the C++ object at ebp m34 into ecx and tail jumps to 0x3ec979 whose first instruction stores vtable pointer 0x4a1bc0 into this; its VA occurs 1 time(s) as a 4 byte value in the XBE image (an unwind map entry), no direct callers; XBE disassembly via capstone on the pinned XBE; docs/t1515-naming-small-bodies.md; T1644 XGRPH owner resolved, docs/t1644-eh-funclet-owners.md"
0x003d193d,lib_eh_unwind_funclet_3d193d_call_3fc8a8_on_ebp_m418,INFERRED,"11 byte structured-exception unwind funclet at 0x003d193d: takes the address of the C++ object at ebp m418 into ecx and tail jumps to 0x3fc8a8; its VA occurs 1 time(s) as a 4 byte value in the XBE image (an unwind map entry), no direct callers; XBE disassembly via capstone on the pinned XBE; docs/t1515-naming-small-bodies.md; T1644 XGRPH owner resolved, docs/t1644-eh-funclet-owners.md"
0x003d1952,lib_eh_unwind_funclet_3d1952_dtor_3ef236_on_ebp_pc,INFERRED,"8 byte structured-exception unwind funclet at 0x003d1952: takes the address of the C++ object at ebp pc into ecx and tail jumps to 0x3ef236 whose first instruction stores vtable pointer 0x4a1bd0 into this; its VA occurs 1 time(s) as a 4 byte value in the XBE image (an unwind map entry), no direct callers; XBE disassembly via capstone on the pinned XBE; docs/t1515-naming-small-bodies.md; T1644 XGRPH owner resolved, docs/t1644-eh-funclet-owners.md"
0x003d195a,lib_eh_unwind_funclet_3d195a_dtor_3ef236_on_ebp_m18,INFERRED,"8 byte structured-exception unwind funclet at 0x003d195a: takes the address of the C++ object at ebp m18 into ecx and tail jumps to 0x3ef236 whose first instruction stores vtable pointer 0x4a1bd0 into this; its VA occurs 1 time(s) as a 4 byte value in the XBE image (an unwind map entry), no direct callers; XBE disassembly via capstone on the pinned XBE; docs/t1515-naming-small-bodies.md; T1644 XGRPH owner resolved, docs/t1644-eh-funclet-owners.md"
0x003d1962,lib_eh_unwind_funclet_3d1962_dtor_3ef236_on_ebp_m18,INFERRED,"8 byte structured-exception unwind funclet at 0x003d1962: takes the address of the C++ object at ebp m18 into ecx and tail jumps to 0x3ef236 whose first instruction stores vtable pointer 0x4a1bd0 into this; its VA occurs 1 time(s) as a 4 byte value in the XBE image (an unwind map entry), no direct callers; XBE disassembly via capstone on the pinned XBE; docs/t1515-naming-small-bodies.md; T1644 XGRPH owner resolved, docs/t1644-eh-funclet-owners.md"
0x003d1974,lib_eh_unwind_funclet_3d1974_dtor_3ef236_on_ebp_pc,INFERRED,"8 byte structured-exception unwind funclet at 0x003d1974: takes the address of the C++ object at ebp pc into ecx and tail jumps to 0x3ef236 whose first instruction stores vtable pointer 0x4a1bd0 into this; its VA occurs 1 time(s) as a 4 byte value in the XBE image (an unwind map entry), no direct callers; XBE disassembly via capstone on the pinned XBE; docs/t1515-naming-small-bodies.md; T1644 XGRPH owner resolved, docs/t1644-eh-funclet-owners.md"
0x003d1986,lib_eh_unwind_funclet_3d1986_dtor_3ef236_on_ebp_m1c,INFERRED,"8 byte structured-exception unwind funclet at 0x003d1986: takes the address of the C++ object at ebp m1c into ecx and tail jumps to 0x3ef236 whose first instruction stores vtable pointer 0x4a1bd0 into this; its VA occurs 1 time(s) as a 4 byte value in the XBE image (an unwind map entry), no direct callers; XBE disassembly via capstone on the pinned XBE; docs/t1515-naming-small-bodies.md; T1644 XGRPH owner resolved, docs/t1644-eh-funclet-owners.md"
0x003d19a0,lib_eh_unwind_funclet_3d19a0_dtor_3ef3b7_on_ebp_m44,INFERRED,"8 byte structured-exception unwind funclet at 0x003d19a0: takes the address of the C++ object at ebp m44 into ecx and tail jumps to 0x3ef3b7 whose first instruction stores vtable pointer 0x4a1bd4 into this; its VA occurs 1 time(s) as a 4 byte value in the XBE image (an unwind map entry), no direct callers; XBE disassembly via capstone on the pinned XBE; docs/t1515-naming-small-bodies.md; T1644 XGRPH owner resolved, docs/t1644-eh-funclet-owners.md"
0x003d19a8,lib_eh_unwind_funclet_3d19a8_dtor_3ef3b7_on_ebp_m30,INFERRED,"8 byte structured-exception unwind funclet at 0x003d19a8: takes the address of the C++ object at ebp m30 into ecx and tail jumps to 0x3ef3b7 whose first instruction stores vtable pointer 0x4a1bd4 into this; its VA occurs 1 time(s) as a 4 byte value in the XBE image (an unwind map entry), no direct callers; XBE disassembly via capstone on the pinned XBE; docs/t1515-naming-small-bodies.md; T1644 XGRPH owner resolved, docs/t1644-eh-funclet-owners.md"
0x003d19cc,lib_eh_unwind_funclet_3d19cc_dtor_3ef236_on_ebp_p18,INFERRED,"8 byte structured-exception unwind funclet at 0x003d19cc: takes the address of the C++ object at ebp p18 into ecx and tail jumps to 0x3ef236 whose first instruction stores vtable pointer 0x4a1bd0 into this; its VA occurs 1 time(s) as a 4 byte value in the XBE image (an unwind map entry), no direct callers; XBE disassembly via capstone on the pinned XBE; docs/t1515-naming-small-bodies.md; T1644 XGRPH owner resolved, docs/t1644-eh-funclet-owners.md"
0x003d19de,lib_eh_unwind_funclet_3d19de_dtor_3ef236_on_ebp_p18,INFERRED,"8 byte structured-exception unwind funclet at 0x003d19de: takes the address of the C++ object at ebp p18 into ecx and tail jumps to 0x3ef236 whose first instruction stores vtable pointer 0x4a1bd0 into this; its VA occurs 1 time(s) as a 4 byte value in the XBE image (an unwind map entry), no direct callers; XBE disassembly via capstone on the pinned XBE; docs/t1515-naming-small-bodies.md; T1644 XGRPH owner resolved, docs/t1644-eh-funclet-owners.md"
0x003d19e6,lib_eh_unwind_funclet_3d19e6_dtor_3ef236_on_ebp_p10,INFERRED,"8 byte structured-exception unwind funclet at 0x003d19e6: takes the address of the C++ object at ebp p10 into ecx and tail jumps to 0x3ef236 whose first instruction stores vtable pointer 0x4a1bd0 into this; its VA occurs 1 time(s) as a 4 byte value in the XBE image (an unwind map entry), no direct callers; XBE disassembly via capstone on the pinned XBE; docs/t1515-naming-small-bodies.md; T1644 XGRPH owner resolved, docs/t1644-eh-funclet-owners.md"
0x003d19f8,lib_eh_unwind_funclet_3d19f8_dtor_3ef236_on_ebp_p18,INFERRED,"8 byte structured-exception unwind funclet at 0x003d19f8: takes the address of the C++ object at ebp p18 into ecx and tail jumps to 0x3ef236 whose first instruction stores vtable pointer 0x4a1bd0 into this; its VA occurs 1 time(s) as a 4 byte value in the XBE image (an unwind map entry), no direct callers; XBE disassembly via capstone on the pinned XBE; docs/t1515-naming-small-bodies.md; T1644 XGRPH owner resolved, docs/t1644-eh-funclet-owners.md"
0x003d1a00,lib_eh_unwind_funclet_3d1a00_dtor_3f36f1_on_ptr_ebp_m10,INFERRED,"8 byte structured-exception unwind funclet at 0x003d1a00: loads the C++ object at ptr ebp m10 into ecx and tail jumps to 0x3f36f1 whose first instruction stores vtable pointer 0x4a1c44 into this; its VA occurs 1 time(s) as a 4 byte value in the XBE image (an unwind map entry), no direct callers; XBE disassembly via capstone on the pinned XBE; docs/t1515-naming-small-bodies.md; T1644 XGRPH owner resolved, docs/t1644-eh-funclet-owners.md"
0x003d1a08,lib_eh_unwind_funclet_3d1a08_dtor_3f1786_on_ptr_ebp_m10_plus_10,INFERRED,"11 byte structured-exception unwind funclet at 0x003d1a08: loads the C++ object at ptr ebp m10 plus 10 into ecx and tail jumps to 0x3f1786 whose first instruction stores vtable pointer 0x4a1bf4 into this; its VA occurs 1 time(s) as a 4 byte value in the XBE image (an unwind map entry), no direct callers; XBE disassembly via capstone on the pinned XBE; docs/t1515-naming-small-bodies.md; T1644 XGRPH owner resolved, docs/t1644-eh-funclet-owners.md"
0x003d1a27,lib_eh_unwind_funclet_3d1a27_dtor_3f17ae_on_ebp_m24,INFERRED,"8 byte structured-exception unwind funclet at 0x003d1a27: takes the address of the C++ object at ebp m24 into ecx and tail jumps to 0x3f17ae whose first instruction stores vtable pointer 0x4a1c0c into this; its VA occurs 1 time(s) as a 4 byte value in the XBE image (an unwind map entry), no direct callers; XBE disassembly via capstone on the pinned XBE; docs/t1515-naming-small-bodies.md; T1644 XGRPH owner resolved, docs/t1644-eh-funclet-owners.md"
0x003d1a39,lib_eh_unwind_funclet_3d1a39_dtor_3f36f1_on_ptr_ebp_m14,INFERRED,"8 byte structured-exception unwind funclet at 0x003d1a39: loads the C++ object at ptr ebp m14 into ecx and tail jumps to 0x3f36f1 whose first instruction stores vtable pointer 0x4a1c44 into this; its VA occurs 1 time(s) as a 4 byte value in the XBE image (an unwind map entry), no direct callers; XBE disassembly via capstone on the pinned XBE; docs/t1515-naming-small-bodies.md; T1644 XGRPH owner resolved, docs/t1644-eh-funclet-owners.md"
0x003d1a41,lib_eh_unwind_funclet_3d1a41_dtor_3ef236_on_ptr_ebp_m14_plus_14,INFERRED,"11 byte structured-exception unwind funclet at 0x003d1a41: loads the C++ object at ptr ebp m14 plus 14 into ecx and tail jumps to 0x3ef236 whose first instruction stores vtable pointer 0x4a1bd0 into this; its VA occurs 1 time(s) as a 4 byte value in the XBE image (an unwind map entry), no direct callers; XBE disassembly via capstone on the pinned XBE; docs/t1515-naming-small-bodies.md; T1644 XGRPH owner resolved, docs/t1644-eh-funclet-owners.md"
0x003d1a4c,lib_eh_unwind_funclet_3d1a4c_dtor_3ef236_on_ptr_ebp_m14_plus_1c,INFERRED,"11 byte structured-exception unwind funclet at 0x003d1a4c: loads the C++ object at ptr ebp m14 plus 1c into ecx and tail jumps to 0x3ef236 whose first instruction stores vtable pointer 0x4a1bd0 into this; its VA occurs 1 time(s) as a 4 byte value in the XBE image (an unwind map entry), no direct callers; XBE disassembly via capstone on the pinned XBE; docs/t1515-naming-small-bodies.md; T1644 XGRPH owner resolved, docs/t1644-eh-funclet-owners.md"
0x003d1a57,lib_eh_unwind_funclet_3d1a57_dtor_3ef236_on_ptr_ebp_m14_plus_24,INFERRED,"11 byte structured-exception unwind funclet at 0x003d1a57: loads the C++ object at ptr ebp m14 plus 24 into ecx and tail jumps to 0x3ef236 whose first instruction stores vtable pointer 0x4a1bd0 into this; its VA occurs 1 time(s) as a 4 byte value in the XBE image (an unwind map entry), no direct callers; XBE disassembly via capstone on the pinned XBE; docs/t1515-naming-small-bodies.md; T1644 XGRPH owner resolved, docs/t1644-eh-funclet-owners.md"
0x003d1aee,lib_eh_unwind_funclet_3d1aee_dtor_3ef3b7_on_ebp_m48,INFERRED,"8 byte structured-exception unwind funclet at 0x003d1aee: takes the address of the C++ object at ebp m48 into ecx and tail jumps to 0x3ef3b7 whose first instruction stores vtable pointer 0x4a1bd4 into this; its VA occurs 1 time(s) as a 4 byte value in the XBE image (an unwind map entry), no direct callers; XBE disassembly via capstone on the pinned XBE; docs/t1515-naming-small-bodies.md; T1644 XGRPH owner resolved, docs/t1644-eh-funclet-owners.md"
0x003d1af6,lib_eh_unwind_funclet_3d1af6_dtor_3ef236_on_ebp_m1c,INFERRED,"8 byte structured-exception unwind funclet at 0x003d1af6: takes the address of the C++ object at ebp m1c into ecx and tail jumps to 0x3ef236 whose first instruction stores vtable pointer 0x4a1bd0 into this; its VA occurs 1 time(s) as a 4 byte value in the XBE image (an unwind map entry), no direct callers; XBE disassembly via capstone on the pinned XBE; docs/t1515-naming-small-bodies.md; T1644 XGRPH owner resolved, docs/t1644-eh-funclet-owners.md"
0x003d1afe,lib_eh_unwind_funclet_3d1afe_dtor_3ef236_on_ebp_m24,INFERRED,"8 byte structured-exception unwind funclet at 0x003d1afe: takes the address of the C++ object at ebp m24 into ecx and tail jumps to 0x3ef236 whose first instruction stores vtable pointer 0x4a1bd0 into this; its VA occurs 1 time(s) as a 4 byte value in the XBE image (an unwind map entry), no direct callers; XBE disassembly via capstone on the pinned XBE; docs/t1515-naming-small-bodies.md; T1644 XGRPH owner resolved, docs/t1644-eh-funclet-owners.md"
0x003d1b10,lib_eh_unwind_funclet_3d1b10_dtor_3f36f1_on_ptr_ebp_m10,INFERRED,"8 byte structured-exception unwind funclet at 0x003d1b10: loads the C++ object at ptr ebp m10 into ecx and tail jumps to 0x3f36f1 whose first instruction stores vtable pointer 0x4a1c44 into this; its VA occurs 1 time(s) as a 4 byte value in the XBE image (an unwind map entry), no direct callers; XBE disassembly via capstone on the pinned XBE; docs/t1515-naming-small-bodies.md; T1644 XGRPH owner resolved, docs/t1644-eh-funclet-owners.md"
0x003d1b18,lib_eh_unwind_funclet_3d1b18_call_3f1791_on_ptr_ebp_m10_plus_4,INFERRED,"11 byte structured-exception unwind funclet at 0x003d1b18: loads the C++ object at ptr ebp m10 plus 4 into ecx and tail jumps to 0x3f1791; its VA occurs 1 time(s) as a 4 byte value in the XBE image (an unwind map entry), no direct callers; XBE disassembly via capstone on the pinned XBE; docs/t1515-naming-small-bodies.md; T1644 XGRPH owner resolved, docs/t1644-eh-funclet-owners.md"
0x003d1b23,lib_eh_unwind_funclet_3d1b23_dtor_3f22b4_on_ptr_ebp_m10_plus_14,INFERRED,"11 byte structured-exception unwind funclet at 0x003d1b23: loads the C++ object at ptr ebp m10 plus 14 into ecx and tail jumps to 0x3f22b4 whose first instruction stores vtable pointer 0x4a1c14 into this; its VA occurs 1 time(s) as a 4 byte value in the XBE image (an unwind map entry), no direct callers; XBE disassembly via capstone on the pinned XBE; docs/t1515-naming-small-bodies.md; T1644 XGRPH owner resolved, docs/t1644-eh-funclet-owners.md"
0x003d1b2e,lib_eh_unwind_funclet_3d1b2e_dtor_3f22b4_on_ptr_ebp_m10_plus_28,INFERRED,"11 byte structured-exception unwind funclet at 0x003d1b2e: loads the C++ object at ptr ebp m10 plus 28 into ecx and tail jumps to 0x3f22b4 whose first instruction stores vtable pointer 0x4a1c14 into this; its VA occurs 1 time(s) as a 4 byte value in the XBE image (an unwind map entry), no direct callers; XBE disassembly via capstone on the pinned XBE; docs/t1515-naming-small-bodies.md; T1644 XGRPH owner resolved, docs/t1644-eh-funclet-owners.md"
0x003d1b39,lib_eh_unwind_funclet_3d1b39_dtor_3f22b4_on_ptr_ebp_m10_plus_3c,INFERRED,"11 byte structured-exception unwind funclet at 0x003d1b39: loads the C++ object at ptr ebp m10 plus 3c into ecx and tail jumps to 0x3f22b4 whose first instruction stores vtable pointer 0x4a1c14 into this; its VA occurs 1 time(s) as a 4 byte value in the XBE image (an unwind map entry), no direct callers; XBE disassembly via capstone on the pinned XBE; docs/t1515-naming-small-bodies.md; T1644 XGRPH owner resolved, docs/t1644-eh-funclet-owners.md"
0x003d1b62,lib_eh_unwind_funclet_3d1b62_call_3f42a0_on_ptr_ebp_m10,INFERRED,"8 byte structured-exception unwind funclet at 0x003d1b62: loads the C++ object at ptr ebp m10 into ecx and tail jumps to 0x3f42a0; its VA occurs 1 time(s) as a 4 byte value in the XBE image (an unwind map entry), no direct callers; XBE disassembly via capstone on the pinned XBE; docs/t1515-naming-small-bodies.md; T1644 XGRPH owner resolved, docs/t1644-eh-funclet-owners.md"
0x003d1b74,lib_eh_unwind_funclet_3d1b74_dtor_3f36f1_on_ptr_ebp_m14,INFERRED,"8 byte structured-exception unwind funclet at 0x003d1b74: loads the C++ object at ptr ebp m14 into ecx and tail jumps to 0x3f36f1 whose first instruction stores vtable pointer 0x4a1c44 into this; its VA occurs 2 time(s) as a 4 byte value in the XBE image (an unwind map entry), no direct callers; XBE disassembly via capstone on the pinned XBE; docs/t1515-naming-small-bodies.md; T1644 XGRPH owner resolved, docs/t1644-eh-funclet-owners.md"
0x003d1b7c,lib_eh_unwind_funclet_3d1b7c_dtor_3f1786_on_ptr_ebp_m14_plus_10,INFERRED,"11 byte structured-exception unwind funclet at 0x003d1b7c: loads the C++ object at ptr ebp m14 plus 10 into ecx and tail jumps to 0x3f1786 whose first instruction stores vtable pointer 0x4a1bf4 into this; its VA occurs 1 time(s) as a 4 byte value in the XBE image (an unwind map entry), no direct callers; XBE disassembly via capstone on the pinned XBE; docs/t1515-naming-small-bodies.md; T1644 XGRPH owner resolved, docs/t1644-eh-funclet-owners.md"
0x003d1b91,lib_eh_unwind_funclet_3d1b91_dtor_3ef236_on_ebp_m30,INFERRED,"8 byte structured-exception unwind funclet at 0x003d1b91: takes the address of the C++ object at ebp m30 into ecx and tail jumps to 0x3ef236 whose first instruction stores vtable pointer 0x4a1bd0 into this; its VA occurs 1 time(s) as a 4 byte value in the XBE image (an unwind map entry), no direct callers; XBE disassembly via capstone on the pinned XBE; docs/t1515-naming-small-bodies.md; T1644 XGRPH owner resolved, docs/t1644-eh-funclet-owners.md"
0x003d1ba3,lib_eh_unwind_funclet_3d1ba3_dtor_3f36f1_on_ptr_ebp_m10,INFERRED,"8 byte structured-exception unwind funclet at 0x003d1ba3: loads the C++ object at ptr ebp m10 into ecx and tail jumps to 0x3f36f1 whose first instruction stores vtable pointer 0x4a1c44 into this; its VA occurs 1 time(s) as a 4 byte value in the XBE image (an unwind map entry), no direct callers; XBE disassembly via capstone on the pinned XBE; docs/t1515-naming-small-bodies.md; T1644 XGRPH owner resolved, docs/t1644-eh-funclet-owners.md"
0x003d1bab,lib_eh_unwind_funclet_3d1bab_dtor_3ef3b7_on_ptr_ebp_m10_plus_18,INFERRED,"11 byte structured-exception unwind funclet at 0x003d1bab: loads the C++ object at ptr ebp m10 plus 18 into ecx and tail jumps to 0x3ef3b7 whose first instruction stores vtable pointer 0x4a1bd4 into this; its VA occurs 1 time(s) as a 4 byte value in the XBE image (an unwind map entry), no direct callers; XBE disassembly via capstone on the pinned XBE; docs/t1515-naming-small-bodies.md; T1644 XGRPH owner resolved, docs/t1644-eh-funclet-owners.md"
0x003d1bc0,lib_eh_unwind_funclet_3d1bc0_dtor_3ef3b7_on_ebp_pc,INFERRED,"8 byte structured-exception unwind funclet at 0x003d1bc0: takes the address of the C++ object at ebp pc into ecx and tail jumps to 0x3ef3b7 whose first instruction stores vtable pointer 0x4a1bd4 into this; its VA occurs 1 time(s) as a 4 byte value in the XBE image (an unwind map entry), no direct callers; XBE disassembly via capstone on the pinned XBE; docs/t1515-naming-small-bodies.md; T1644 XGRPH owner resolved, docs/t1644-eh-funclet-owners.md"
0x003d1bd2,lib_eh_unwind_funclet_3d1bd2_dtor_3ef236_on_ebp_m24,INFERRED,"8 byte structured-exception unwind funclet at 0x003d1bd2: takes the address of the C++ object at ebp m24 into ecx and tail jumps to 0x3ef236 whose first instruction stores vtable pointer 0x4a1bd0 into this; its VA occurs 1 time(s) as a 4 byte value in the XBE image (an unwind map entry), no direct callers; XBE disassembly via capstone on the pinned XBE; docs/t1515-naming-small-bodies.md; T1644 XGRPH owner resolved, docs/t1644-eh-funclet-owners.md"
0x003d1be4,lib_eh_unwind_funclet_3d1be4_dtor_3ef236_on_ebp_p1c,INFERRED,"8 byte structured-exception unwind funclet at 0x003d1be4: takes the address of the C++ object at ebp p1c into ecx and tail jumps to 0x3ef236 whose first instruction stores vtable pointer 0x4a1bd0 into this; its VA occurs 1 time(s) as a 4 byte value in the XBE image (an unwind map entry), no direct callers; XBE disassembly via capstone on the pinned XBE; docs/t1515-naming-small-bodies.md; T1644 XGRPH owner resolved, docs/t1644-eh-funclet-owners.md"
0x003d1bf6,lib_eh_unwind_funclet_3d1bf6_dtor_3ef3b7_on_ebp_ma0,INFERRED,"11 byte structured-exception unwind funclet at 0x003d1bf6: takes the address of the C++ object at ebp ma0 into ecx and tail jumps to 0x3ef3b7 whose first instruction stores vtable pointer 0x4a1bd4 into this; its VA occurs 1 time(s) as a 4 byte value in the XBE image (an unwind map entry), no direct callers; XBE disassembly via capstone on the pinned XBE; docs/t1515-naming-small-bodies.md; T1644 XGRPH owner resolved, docs/t1644-eh-funclet-owners.md"
0x003d1c01,lib_eh_unwind_funclet_3d1c01_dtor_3ef3b7_on_ebp_mc8,INFERRED,"11 byte structured-exception unwind funclet at 0x003d1c01: takes the address of the C++ object at ebp mc8 into ecx and tail jumps to 0x3ef3b7 whose first instruction stores vtable pointer 0x4a1bd4 into this; its VA occurs 1 time(s) as a 4 byte value in the XBE image (an unwind map entry), no direct callers; XBE disassembly via capstone on the pinned XBE; docs/t1515-naming-small-bodies.md; T1644 XGRPH owner resolved, docs/t1644-eh-funclet-owners.md"
0x003d1c0c,lib_eh_unwind_funclet_3d1c0c_dtor_3ef236_on_ebp_m4c,INFERRED,"8 byte structured-exception unwind funclet at 0x003d1c0c: takes the address of the C++ object at ebp m4c into ecx and tail jumps to 0x3ef236 whose first instruction stores vtable pointer 0x4a1bd0 into this; its VA occurs 1 time(s) as a 4 byte value in the XBE image (an unwind map entry), no direct callers; XBE disassembly via capstone on the pinned XBE; docs/t1515-naming-small-bodies.md; T1644 XGRPH owner resolved, docs/t1644-eh-funclet-owners.md"
0x003d1c14,lib_eh_unwind_funclet_3d1c14_dtor_3ef236_on_ebp_m38,INFERRED,"8 byte structured-exception unwind funclet at 0x003d1c14: takes the address of the C++ object at ebp m38 into ecx and tail jumps to 0x3ef236 whose first instruction stores vtable pointer 0x4a1bd0 into this; its VA occurs 1 time(s) as a 4 byte value in the XBE image (an unwind map entry), no direct callers; XBE disassembly via capstone on the pinned XBE; docs/t1515-naming-small-bodies.md; T1644 XGRPH owner resolved, docs/t1644-eh-funclet-owners.md"
0x003d1c1c,lib_eh_unwind_funclet_3d1c1c_dtor_3ef236_on_ebp_m44,INFERRED,"8 byte structured-exception unwind funclet at 0x003d1c1c: takes the address of the C++ object at ebp m44 into ecx and tail jumps to 0x3ef236 whose first instruction stores vtable pointer 0x4a1bd0 into this; its VA occurs 1 time(s) as a 4 byte value in the XBE image (an unwind map entry), no direct callers; XBE disassembly via capstone on the pinned XBE; docs/t1515-naming-small-bodies.md; T1644 XGRPH owner resolved, docs/t1644-eh-funclet-owners.md"
0x003d1c24,lib_eh_unwind_funclet_3d1c24_dtor_3ef3b7_on_ebp_m60,INFERRED,"8 byte structured-exception unwind funclet at 0x003d1c24: takes the address of the C++ object at ebp m60 into ecx and tail jumps to 0x3ef3b7 whose first instruction stores vtable pointer 0x4a1bd4 into this; its VA occurs 1 time(s) as a 4 byte value in the XBE image (an unwind map entry), no direct callers; XBE disassembly via capstone on the pinned XBE; docs/t1515-naming-small-bodies.md; T1644 XGRPH owner resolved, docs/t1644-eh-funclet-owners.md"
0x003d1c2c,lib_eh_unwind_funclet_3d1c2c_dtor_3ef236_on_ebp_m44,INFERRED,"8 byte structured-exception unwind funclet at 0x003d1c2c: takes the address of the C++ object at ebp m44 into ecx and tail jumps to 0x3ef236 whose first instruction stores vtable pointer 0x4a1bd0 into this; its VA occurs 1 time(s) as a 4 byte value in the XBE image (an unwind map entry), no direct callers; XBE disassembly via capstone on the pinned XBE; docs/t1515-naming-small-bodies.md; T1644 XGRPH owner resolved, docs/t1644-eh-funclet-owners.md"
0x003d1c34,lib_eh_unwind_funclet_3d1c34_dtor_3ef236_on_ebp_m38,INFERRED,"8 byte structured-exception unwind funclet at 0x003d1c34: takes the address of the C++ object at ebp m38 into ecx and tail jumps to 0x3ef236 whose first instruction stores vtable pointer 0x4a1bd0 into this; its VA occurs 1 time(s) as a 4 byte value in the XBE image (an unwind map entry), no direct callers; XBE disassembly via capstone on the pinned XBE; docs/t1515-naming-small-bodies.md; T1644 XGRPH owner resolved, docs/t1644-eh-funclet-owners.md"
0x003d1c3c,lib_eh_unwind_funclet_3d1c3c_dtor_3ef3b7_on_ebp_m60,INFERRED,"8 byte structured-exception unwind funclet at 0x003d1c3c: takes the address of the C++ object at ebp m60 into ecx and tail jumps to 0x3ef3b7 whose first instruction stores vtable pointer 0x4a1bd4 into this; its VA occurs 1 time(s) as a 4 byte value in the XBE image (an unwind map entry), no direct callers; XBE disassembly via capstone on the pinned XBE; docs/t1515-naming-small-bodies.md; T1644 XGRPH owner resolved, docs/t1644-eh-funclet-owners.md"
0x003d1c71,lib_eh_unwind_funclet_3d1c71_dtor_3ef236_on_ebp_p18,INFERRED,"8 byte structured-exception unwind funclet at 0x003d1c71: takes the address of the C++ object at ebp p18 into ecx and tail jumps to 0x3ef236 whose first instruction stores vtable pointer 0x4a1bd0 into this; its VA occurs 1 time(s) as a 4 byte value in the XBE image (an unwind map entry), no direct callers; XBE disassembly via capstone on the pinned XBE; docs/t1515-naming-small-bodies.md; T1644 XGRPH owner resolved, docs/t1644-eh-funclet-owners.md"
0x003d1c79,lib_eh_unwind_funclet_3d1c79_dtor_3ef236_on_ebp_p10,INFERRED,"8 byte structured-exception unwind funclet at 0x003d1c79: takes the address of the C++ object at ebp p10 into ecx and tail jumps to 0x3ef236 whose first instruction stores vtable pointer 0x4a1bd0 into this; its VA occurs 1 time(s) as a 4 byte value in the XBE image (an unwind map entry), no direct callers; XBE disassembly via capstone on the pinned XBE; docs/t1515-naming-small-bodies.md; T1644 XGRPH owner resolved, docs/t1644-eh-funclet-owners.md"
0x003d1c81,lib_eh_unwind_funclet_3d1c81_dtor_3f17ae_on_ebp_m40,INFERRED,"8 byte structured-exception unwind funclet at 0x003d1c81: takes the address of the C++ object at ebp m40 into ecx and tail jumps to 0x3f17ae whose first instruction stores vtable pointer 0x4a1c0c into this; its VA occurs 1 time(s) as a 4 byte value in the XBE image (an unwind map entry), no direct callers; XBE disassembly via capstone on the pinned XBE; docs/t1515-naming-small-bodies.md; T1644 XGRPH owner resolved, docs/t1644-eh-funclet-owners.md"
0x003d1c89,lib_eh_unwind_funclet_3d1c89_dtor_3ef3b7_on_ebp_m44,INFERRED,"8 byte structured-exception unwind funclet at 0x003d1c89: takes the address of the C++ object at ebp m44 into ecx and tail jumps to 0x3ef3b7 whose first instruction stores vtable pointer 0x4a1bd4 into this; its VA occurs 1 time(s) as a 4 byte value in the XBE image (an unwind map entry), no direct callers; XBE disassembly via capstone on the pinned XBE; docs/t1515-naming-small-bodies.md; T1644 XGRPH owner resolved, docs/t1644-eh-funclet-owners.md"
0x003d1c9b,lib_eh_unwind_funclet_3d1c9b_dtor_3f36f1_on_ptr_ebp_m18,INFERRED,"8 byte structured-exception unwind funclet at 0x003d1c9b: loads the C++ object at ptr ebp m18 into ecx and tail jumps to 0x3f36f1 whose first instruction stores vtable pointer 0x4a1c44 into this; its VA occurs 1 time(s) as a 4 byte value in the XBE image (an unwind map entry), no direct callers; XBE disassembly via capstone on the pinned XBE; docs/t1515-naming-small-bodies.md; T1644 XGRPH owner resolved, docs/t1644-eh-funclet-owners.md"
0x003d1ca3,lib_eh_unwind_funclet_3d1ca3_dtor_3ef236_on_ptr_ebp_m18_plus_14,INFERRED,"11 byte structured-exception unwind funclet at 0x003d1ca3: loads the C++ object at ptr ebp m18 plus 14 into ecx and tail jumps to 0x3ef236 whose first instruction stores vtable pointer 0x4a1bd0 into this; its VA occurs 1 time(s) as a 4 byte value in the XBE image (an unwind map entry), no direct callers; XBE disassembly via capstone on the pinned XBE; docs/t1515-naming-small-bodies.md; T1644 XGRPH owner resolved, docs/t1644-eh-funclet-owners.md"
0x003d1cae,lib_eh_unwind_funclet_3d1cae_dtor_3ef236_on_ptr_ebp_m18_plus_1c,INFERRED,"11 byte structured-exception unwind funclet at 0x003d1cae: loads the C++ object at ptr ebp m18 plus 1c into ecx and tail jumps to 0x3ef236 whose first instruction stores vtable pointer 0x4a1bd0 into this; its VA occurs 1 time(s) as a 4 byte value in the XBE image (an unwind map entry), no direct callers; XBE disassembly via capstone on the pinned XBE; docs/t1515-naming-small-bodies.md; T1644 XGRPH owner resolved, docs/t1644-eh-funclet-owners.md"
0x003d1cb9,lib_eh_unwind_funclet_3d1cb9_dtor_3ef236_on_ptr_ebp_m18_plus_24,INFERRED,"11 byte structured-exception unwind funclet at 0x003d1cb9: loads the C++ object at ptr ebp m18 plus 24 into ecx and tail jumps to 0x3ef236 whose first instruction stores vtable pointer 0x4a1bd0 into this; its VA occurs 1 time(s) as a 4 byte value in the XBE image (an unwind map entry), no direct callers; XBE disassembly via capstone on the pinned XBE; docs/t1515-naming-small-bodies.md; T1644 XGRPH owner resolved, docs/t1644-eh-funclet-owners.md"
0x003d1d14,lib_eh_unwind_funclet_3d1d14_dtor_3f36f1_on_ptr_ebp_m28,INFERRED,"8 byte structured-exception unwind funclet at 0x003d1d14: loads the C++ object at ptr ebp m28 into ecx and tail jumps to 0x3f36f1 whose first instruction stores vtable pointer 0x4a1c44 into this; its VA occurs 1 time(s) as a 4 byte value in the XBE image (an unwind map entry), no direct callers; XBE disassembly via capstone on the pinned XBE; docs/t1515-naming-small-bodies.md; T1644 XGRPH owner resolved, docs/t1644-eh-funclet-owners.md"
0x003d1d1c,lib_eh_unwind_funclet_3d1d1c_call_3f1791_on_ptr_ebp_m28_plus_4,INFERRED,"11 byte structured-exception unwind funclet at 0x003d1d1c: loads the C++ object at ptr ebp m28 plus 4 into ecx and tail jumps to 0x3f1791; its VA occurs 1 time(s) as a 4 byte value in the XBE image (an unwind map entry), no direct callers; XBE disassembly via capstone on the pinned XBE; docs/t1515-naming-small-bodies.md; T1644 XGRPH owner resolved, docs/t1644-eh-funclet-owners.md"
0x003d1d27,lib_eh_unwind_funclet_3d1d27_dtor_3f22b4_on_ptr_ebp_m28_plus_14,INFERRED,"11 byte structured-exception unwind funclet at 0x003d1d27: loads the C++ object at ptr ebp m28 plus 14 into ecx and tail jumps to 0x3f22b4 whose first instruction stores vtable pointer 0x4a1c14 into this; its VA occurs 1 time(s) as a 4 byte value in the XBE image (an unwind map entry), no direct callers; XBE disassembly via capstone on the pinned XBE; docs/t1515-naming-small-bodies.md; T1644 XGRPH owner resolved, docs/t1644-eh-funclet-owners.md"
0x003d1d32,lib_eh_unwind_funclet_3d1d32_dtor_3f22b4_on_ptr_ebp_m28_plus_28,INFERRED,"11 byte structured-exception unwind funclet at 0x003d1d32: loads the C++ object at ptr ebp m28 plus 28 into ecx and tail jumps to 0x3f22b4 whose first instruction stores vtable pointer 0x4a1c14 into this; its VA occurs 1 time(s) as a 4 byte value in the XBE image (an unwind map entry), no direct callers; XBE disassembly via capstone on the pinned XBE; docs/t1515-naming-small-bodies.md; T1644 XGRPH owner resolved, docs/t1644-eh-funclet-owners.md"
0x003d1d3d,lib_eh_unwind_funclet_3d1d3d_dtor_3f22b4_on_ptr_ebp_m28_plus_3c,INFERRED,"11 byte structured-exception unwind funclet at 0x003d1d3d: loads the C++ object at ptr ebp m28 plus 3c into ecx and tail jumps to 0x3f22b4 whose first instruction stores vtable pointer 0x4a1c14 into this; its VA occurs 1 time(s) as a 4 byte value in the XBE image (an unwind map entry), no direct callers; XBE disassembly via capstone on the pinned XBE; docs/t1515-naming-small-bodies.md; T1644 XGRPH owner resolved, docs/t1644-eh-funclet-owners.md"
0x003d1d70,lib_eh_unwind_funclet_3d1d70_call_3f42a0_on_ptr_ebp_m10,INFERRED,"8 byte structured-exception unwind funclet at 0x003d1d70: loads the C++ object at ptr ebp m10 into ecx and tail jumps to 0x3f42a0; its VA occurs 1 time(s) as a 4 byte value in the XBE image (an unwind map entry), no direct callers; XBE disassembly via capstone on the pinned XBE; docs/t1515-naming-small-bodies.md; T1644 XGRPH owner resolved, docs/t1644-eh-funclet-owners.md"
0x003d1d78,lib_eh_unwind_funclet_3d1d78_dtor_3f17ae_on_ptr_ebp_m10_plus_88,INFERRED,"14 byte structured-exception unwind funclet at 0x003d1d78: loads the C++ object at ptr ebp m10 plus 88 into ecx and tail jumps to 0x3f17ae whose first instruction stores vtable pointer 0x4a1c0c into this; its VA occurs 1 time(s) as a 4 byte value in the XBE image (an unwind map entry), no direct callers; XBE disassembly via capstone on the pinned XBE; docs/t1515-naming-small-bodies.md; T1644 XGRPH owner resolved, docs/t1644-eh-funclet-owners.md"
0x003d1d90,lib_eh_unwind_funclet_3d1d90_dtor_3ef236_on_ebp_p18,INFERRED,"8 byte structured-exception unwind funclet at 0x003d1d90: takes the address of the C++ object at ebp p18 into ecx and tail jumps to 0x3ef236 whose first instruction stores vtable pointer 0x4a1bd0 into this; its VA occurs 1 time(s) as a 4 byte value in the XBE image (an unwind map entry), no direct callers; XBE disassembly via capstone on the pinned XBE; docs/t1515-naming-small-bodies.md; T1644 XGRPH owner resolved, docs/t1644-eh-funclet-owners.md"
0x003d1d98,lib_eh_unwind_funclet_3d1d98_dtor_3ef236_on_ebp_m14,INFERRED,"8 byte structured-exception unwind funclet at 0x003d1d98: takes the address of the C++ object at ebp m14 into ecx and tail jumps to 0x3ef236 whose first instruction stores vtable pointer 0x4a1bd0 into this; its VA occurs 1 time(s) as a 4 byte value in the XBE image (an unwind map entry), no direct callers; XBE disassembly via capstone on the pinned XBE; docs/t1515-naming-small-bodies.md; T1644 XGRPH owner resolved, docs/t1644-eh-funclet-owners.md"
0x003d1daa,lib_eh_unwind_funclet_3d1daa_dtor_3ef236_on_ebp_p14,INFERRED,"8 byte structured-exception unwind funclet at 0x003d1daa: takes the address of the C++ object at ebp p14 into ecx and tail jumps to 0x3ef236 whose first instruction stores vtable pointer 0x4a1bd0 into this; its VA occurs 1 time(s) as a 4 byte value in the XBE image (an unwind map entry), no direct callers; XBE disassembly via capstone on the pinned XBE; docs/t1515-naming-small-bodies.md; T1644 XGRPH owner resolved, docs/t1644-eh-funclet-owners.md"
0x003d1dbc,lib_eh_unwind_funclet_3d1dbc_dtor_3f17ae_on_ebp_m3c,INFERRED,"8 byte structured-exception unwind funclet at 0x003d1dbc: takes the address of the C++ object at ebp m3c into ecx and tail jumps to 0x3f17ae whose first instruction stores vtable pointer 0x4a1c0c into this; its VA occurs 1 time(s) as a 4 byte value in the XBE image (an unwind map entry), no direct callers; XBE disassembly via capstone on the pinned XBE; docs/t1515-naming-small-bodies.md; T1644 XGRPH owner resolved, docs/t1644-eh-funclet-owners.md"
0x003d1dc4,lib_eh_unwind_funclet_3d1dc4_dtor_3f17d4_on_ebp_m2c,INFERRED,"8 byte structured-exception unwind funclet at 0x003d1dc4: takes the address of the C++ object at ebp m2c into ecx and tail jumps to 0x3f17d4 whose first instruction stores vtable pointer 0x4a1bd8 into this; its VA occurs 1 time(s) as a 4 byte value in the XBE image (an unwind map entry), no direct callers; XBE disassembly via capstone on the pinned XBE; docs/t1515-naming-small-bodies.md; T1644 XGRPH owner resolved, docs/t1644-eh-funclet-owners.md"
0x003d1dd6,lib_eh_unwind_funclet_3d1dd6_dtor_3ef236_on_ebp_m2c,INFERRED,"8 byte structured-exception unwind funclet at 0x003d1dd6: takes the address of the C++ object at ebp m2c into ecx and tail jumps to 0x3ef236 whose first instruction stores vtable pointer 0x4a1bd0 into this; its VA occurs 1 time(s) as a 4 byte value in the XBE image (an unwind map entry), no direct callers; XBE disassembly via capstone on the pinned XBE; docs/t1515-naming-small-bodies.md; T1644 XGRPH owner resolved, docs/t1644-eh-funclet-owners.md"
0x003d1e1a,lib_eh_unwind_funclet_3d1e1a_dtor_3f17ae_on_ebp_m74,INFERRED,"8 byte structured-exception unwind funclet at 0x003d1e1a: takes the address of the C++ object at ebp m74 into ecx and tail jumps to 0x3f17ae whose first instruction stores vtable pointer 0x4a1c0c into this; its VA occurs 1 time(s) as a 4 byte value in the XBE image (an unwind map entry), no direct callers; XBE disassembly via capstone on the pinned XBE; docs/t1515-naming-small-bodies.md; T1644 XGRPH owner resolved, docs/t1644-eh-funclet-owners.md"
0x003d1e22,lib_eh_unwind_funclet_3d1e22_dtor_3f17ae_on_ebp_m64,INFERRED,"8 byte structured-exception unwind funclet at 0x003d1e22: takes the address of the C++ object at ebp m64 into ecx and tail jumps to 0x3f17ae whose first instruction stores vtable pointer 0x4a1c0c into this; its VA occurs 1 time(s) as a 4 byte value in the XBE image (an unwind map entry), no direct callers; XBE disassembly via capstone on the pinned XBE; docs/t1515-naming-small-bodies.md; T1644 XGRPH owner resolved, docs/t1644-eh-funclet-owners.md"
0x003d1e2a,lib_eh_unwind_funclet_3d1e2a_call_3f1791_on_ebp_m44,INFERRED,"8 byte structured-exception unwind funclet at 0x003d1e2a: takes the address of the C++ object at ebp m44 into ecx and tail jumps to 0x3f1791; its VA occurs 1 time(s) as a 4 byte value in the XBE image (an unwind map entry), no direct callers; XBE disassembly via capstone on the pinned XBE; docs/t1515-naming-small-bodies.md; T1644 XGRPH owner resolved, docs/t1644-eh-funclet-owners.md"
0x003d1e32,lib_eh_unwind_funclet_3d1e32_call_3f1791_on_ebp_m54,INFERRED,"8 byte structured-exception unwind funclet at 0x003d1e32: takes the address of the C++ object at ebp m54 into ecx and tail jumps to 0x3f1791; its VA occurs 1 time(s) as a 4 byte value in the XBE image (an unwind map entry), no direct callers; XBE disassembly via capstone on the pinned XBE; docs/t1515-naming-small-bodies.md; T1644 XGRPH owner resolved, docs/t1644-eh-funclet-owners.md"
0x003d1e3a,lib_eh_unwind_funclet_3d1e3a_dtor_3f1786_on_ebp_m34,INFERRED,"8 byte structured-exception unwind funclet at 0x003d1e3a: takes the address of the C++ object at ebp m34 into ecx and tail jumps to 0x3f1786 whose first instruction stores vtable pointer 0x4a1bf4 into this; its VA occurs 1 time(s) as a 4 byte value in the XBE image (an unwind map entry), no direct callers; XBE disassembly via capstone on the pinned XBE; docs/t1515-naming-small-bodies.md; T1644 XGRPH owner resolved, docs/t1644-eh-funclet-owners.md"
0x003d1e56,lib_eh_unwind_funclet_3d1e56_call_402c5c_on_ptr_ebp_m10,INFERRED,"8 byte structured-exception unwind funclet at 0x003d1e56: loads the C++ object at ptr ebp m10 into ecx and tail jumps to 0x402c5c; its VA occurs 1 time(s) as a 4 byte value in the XBE image (an unwind map entry), no direct callers; XBE disassembly via capstone on the pinned XBE; docs/t1515-naming-small-bodies.md; T1644 XGRPH owner resolved, docs/t1644-eh-funclet-owners.md"
0x003d1e5e,lib_eh_unwind_funclet_3d1e5e_call_402bcf_on_ptr_ebp_m10_plus_10,INFERRED,"11 byte structured-exception unwind funclet at 0x003d1e5e: loads the C++ object at ptr ebp m10 plus 10 into ecx and tail jumps to 0x402bcf; its VA occurs 1 time(s) as a 4 byte value in the XBE image (an unwind map entry), no direct callers; XBE disassembly via capstone on the pinned XBE; docs/t1515-naming-small-bodies.md; T1644 XGRPH owner resolved, docs/t1644-eh-funclet-owners.md"
0x003d1e69,lib_eh_unwind_funclet_3d1e69_call_402bcf_on_ptr_ebp_m10_plus_20,INFERRED,"11 byte structured-exception unwind funclet at 0x003d1e69: loads the C++ object at ptr ebp m10 plus 20 into ecx and tail jumps to 0x402bcf; its VA occurs 1 time(s) as a 4 byte value in the XBE image (an unwind map entry), no direct callers; XBE disassembly via capstone on the pinned XBE; docs/t1515-naming-small-bodies.md; T1644 XGRPH owner resolved, docs/t1644-eh-funclet-owners.md"
0x003d1e74,lib_eh_unwind_funclet_3d1e74_call_402bcf_on_ptr_ebp_m10_plus_30,INFERRED,"11 byte structured-exception unwind funclet at 0x003d1e74: loads the C++ object at ptr ebp m10 plus 30 into ecx and tail jumps to 0x402bcf; its VA occurs 3 time(s) as a 4 byte value in the XBE image (an unwind map entry), no direct callers; XBE disassembly via capstone on the pinned XBE; docs/t1515-naming-small-bodies.md; T1644 XGRPH owner resolved, docs/t1644-eh-funclet-owners.md"
0x003d1e7f,lib_eh_unwind_funclet_3d1e7f_call_402bcf_on_ptr_ebp_m10_plus_40,INFERRED,"11 byte structured-exception unwind funclet at 0x003d1e7f: loads the C++ object at ptr ebp m10 plus 40 into ecx and tail jumps to 0x402bcf; its VA occurs 1 time(s) as a 4 byte value in the XBE image (an unwind map entry), no direct callers; XBE disassembly via capstone on the pinned XBE; docs/t1515-naming-small-bodies.md; T1644 XGRPH owner resolved, docs/t1644-eh-funclet-owners.md"
0x003d1e8a,lib_eh_unwind_funclet_3d1e8a_call_402bcf_on_ptr_ebp_m10_plus_50,INFERRED,"11 byte structured-exception unwind funclet at 0x003d1e8a: loads the C++ object at ptr ebp m10 plus 50 into ecx and tail jumps to 0x402bcf; its VA occurs 1 time(s) as a 4 byte value in the XBE image (an unwind map entry), no direct callers; XBE disassembly via capstone on the pinned XBE; docs/t1515-naming-small-bodies.md; T1644 XGRPH owner resolved, docs/t1644-eh-funclet-owners.md"
0x003d1e9f,lib_eh_unwind_funclet_3d1e9f_call_3ea301_on_ebp_m28,INFERRED,"8 byte structured-exception unwind funclet at 0x003d1e9f: takes the address of the C++ object at ebp m28 into ecx and tail jumps to 0x3ea301; its VA occurs 1 time(s) as a 4 byte value in the XBE image (an unwind map entry), no direct callers; XBE disassembly via capstone on the pinned XBE; docs/t1515-naming-small-bodies.md; T1644 XGRPH owner resolved, docs/t1644-eh-funclet-owners.md"
0x003d1ea7,lib_eh_unwind_funclet_3d1ea7_call_3ea301_on_ebp_m1c,INFERRED,"8 byte structured-exception unwind funclet at 0x003d1ea7: takes the address of the C++ object at ebp m1c into ecx and tail jumps to 0x3ea301; its VA occurs 1 time(s) as a 4 byte value in the XBE image (an unwind map entry), no direct callers; XBE disassembly via capstone on the pinned XBE; docs/t1515-naming-small-bodies.md; T1644 XGRPH owner resolved, docs/t1644-eh-funclet-owners.md"
0x003d1eb9,lib_eh_unwind_funclet_3d1eb9_call_3ea301_on_ptr_ebp_m10_plus_8,INFERRED,"11 byte structured-exception unwind funclet at 0x003d1eb9: loads the C++ object at ptr ebp m10 plus 8 into ecx and tail jumps to 0x3ea301; its VA occurs 1 time(s) as a 4 byte value in the XBE image (an unwind map entry), no direct callers; XBE disassembly via capstone on the pinned XBE; docs/t1515-naming-small-bodies.md; T1644 XGRPH owner resolved, docs/t1644-eh-funclet-owners.md"
0x003d1ec4,lib_eh_unwind_funclet_3d1ec4_call_3ea301_on_ptr_ebp_m10_plus_20,INFERRED,"11 byte structured-exception unwind funclet at 0x003d1ec4: loads the C++ object at ptr ebp m10 plus 20 into ecx and tail jumps to 0x3ea301; its VA occurs 1 time(s) as a 4 byte value in the XBE image (an unwind map entry), no direct callers; XBE disassembly via capstone on the pinned XBE; docs/t1515-naming-small-bodies.md; T1644 XGRPH owner resolved, docs/t1644-eh-funclet-owners.md"
0x003d1ed9,lib_eh_unwind_funclet_3d1ed9_call_3ea301_on_ptr_ebp_m10_plus_8,INFERRED,"11 byte structured-exception unwind funclet at 0x003d1ed9: loads the C++ object at ptr ebp m10 plus 8 into ecx and tail jumps to 0x3ea301; its VA occurs 1 time(s) as a 4 byte value in the XBE image (an unwind map entry), no direct callers; XBE disassembly via capstone on the pinned XBE; docs/t1515-naming-small-bodies.md; T1644 XGRPH owner resolved, docs/t1644-eh-funclet-owners.md"
0x003d1ee4,lib_eh_unwind_funclet_3d1ee4_call_3ea301_on_ptr_ebp_m10_plus_20,INFERRED,"11 byte structured-exception unwind funclet at 0x003d1ee4: loads the C++ object at ptr ebp m10 plus 20 into ecx and tail jumps to 0x3ea301; its VA occurs 1 time(s) as a 4 byte value in the XBE image (an unwind map entry), no direct callers; XBE disassembly via capstone on the pinned XBE; docs/t1515-naming-small-bodies.md; T1644 XGRPH owner resolved, docs/t1644-eh-funclet-owners.md"
0x003d1f05,lib_eh_unwind_funclet_3d1f05_call_400d98_on_ptr_ebp_m10_plus_54c,INFERRED,"14 byte structured-exception unwind funclet at 0x003d1f05: loads the C++ object at ptr ebp m10 plus 54c into ecx and tail jumps to 0x400d98; its VA occurs 1 time(s) as a 4 byte value in the XBE image (an unwind map entry), no direct callers; XBE disassembly via capstone on the pinned XBE; docs/t1515-naming-small-bodies.md; T1644 XGRPH owner resolved, docs/t1644-eh-funclet-owners.md"
0x003d1f1d,lib_eh_unwind_funclet_3d1f1d_call_400d98_on_ebp_m1c,INFERRED,"8 byte structured-exception unwind funclet at 0x003d1f1d: takes the address of the C++ object at ebp m1c into ecx and tail jumps to 0x400d98; its VA occurs 1 time(s) as a 4 byte value in the XBE image (an unwind map entry), no direct callers; XBE disassembly via capstone on the pinned XBE; docs/t1515-naming-small-bodies.md; T1644 XGRPH owner resolved, docs/t1644-eh-funclet-owners.md"
0x003d1f2f,lib_eh_unwind_funclet_3d1f2f_call_3ea301_on_ebp_m2c,INFERRED,"8 byte structured-exception unwind funclet at 0x003d1f2f: takes the address of the C++ object at ebp m2c into ecx and tail jumps to 0x3ea301; its VA occurs 1 time(s) as a 4 byte value in the XBE image (an unwind map entry), no direct callers; XBE disassembly via capstone on the pinned XBE; docs/t1515-naming-small-bodies.md; T1644 XGRPH owner resolved, docs/t1644-eh-funclet-owners.md"
0x003d1f37,lib_eh_unwind_funclet_3d1f37_call_3ea301_on_ebp_m44,INFERRED,"8 byte structured-exception unwind funclet at 0x003d1f37: takes the address of the C++ object at ebp m44 into ecx and tail jumps to 0x3ea301; its VA occurs 1 time(s) as a 4 byte value in the XBE image (an unwind map entry), no direct callers; XBE disassembly via capstone on the pinned XBE; docs/t1515-naming-small-bodies.md; T1644 XGRPH owner resolved, docs/t1644-eh-funclet-owners.md"
0x003d1f49,lib_eh_unwind_funclet_3d1f49_call_3ea301_on_ebp_m44,INFERRED,"8 byte structured-exception unwind funclet at 0x003d1f49: takes the address of the C++ object at ebp m44 into ecx and tail jumps to 0x3ea301; its VA occurs 1 time(s) as a 4 byte value in the XBE image (an unwind map entry), no direct callers; XBE disassembly via capstone on the pinned XBE; docs/t1515-naming-small-bodies.md; T1644 XGRPH owner resolved, docs/t1644-eh-funclet-owners.md"
0x003d1f51,lib_eh_unwind_funclet_3d1f51_call_3ea301_on_ebp_m38,INFERRED,"8 byte structured-exception unwind funclet at 0x003d1f51: takes the address of the C++ object at ebp m38 into ecx and tail jumps to 0x3ea301; its VA occurs 1 time(s) as a 4 byte value in the XBE image (an unwind map entry), no direct callers; XBE disassembly via capstone on the pinned XBE; docs/t1515-naming-small-bodies.md; T1644 XGRPH owner resolved, docs/t1644-eh-funclet-owners.md"
0x003d1f63,lib_eh_unwind_funclet_3d1f63_call_400d98_on_ebp_m14,INFERRED,"8 byte structured-exception unwind funclet at 0x003d1f63: takes the address of the C++ object at ebp m14 into ecx and tail jumps to 0x400d98; its VA occurs 1 time(s) as a 4 byte value in the XBE image (an unwind map entry), no direct callers; XBE disassembly via capstone on the pinned XBE; docs/t1515-naming-small-bodies.md; T1644 XGRPH owner resolved, docs/t1644-eh-funclet-owners.md"
0x003d1f75,lib_eh_unwind_funclet_3d1f75_call_400d98_on_ebp_m24,INFERRED,"8 byte structured-exception unwind funclet at 0x003d1f75: takes the address of the C++ object at ebp m24 into ecx and tail jumps to 0x400d98; its VA occurs 1 time(s) as a 4 byte value in the XBE image (an unwind map entry), no direct callers; XBE disassembly via capstone on the pinned XBE; docs/t1515-naming-small-bodies.md; T1644 XGRPH owner resolved, docs/t1644-eh-funclet-owners.md"
0x003d1f87,lib_eh_unwind_funclet_3d1f87_call_3ea301_on_ebp_m18,INFERRED,"8 byte structured-exception unwind funclet at 0x003d1f87: takes the address of the C++ object at ebp m18 into ecx and tail jumps to 0x3ea301; its VA occurs 1 time(s) as a 4 byte value in the XBE image (an unwind map entry), no direct callers; XBE disassembly via capstone on the pinned XBE; docs/t1515-naming-small-bodies.md; T1644 XGRPH owner resolved, docs/t1644-eh-funclet-owners.md"
0x003d1f99,lib_eh_unwind_funclet_3d1f99_call_3ea301_on_ebp_m1c,INFERRED,"8 byte structured-exception unwind funclet at 0x003d1f99: takes the address of the C++ object at ebp m1c into ecx and tail jumps to 0x3ea301; its VA occurs 1 time(s) as a 4 byte value in the XBE image (an unwind map entry), no direct callers; XBE disassembly via capstone on the pinned XBE; docs/t1515-naming-small-bodies.md; T1644 XGRPH owner resolved, docs/t1644-eh-funclet-owners.md"
0x0037e7c2,lib_crypto_sha_update_on_context_plus_8_return_zero_ret_0xc,INFERRED,"26 byte body: calls XcSHAUpdate(arg1+8, arg2, arg3) and returns 0 (ret 0xc); XBE disassembly via capstone on the pinned XBE (tools.name_candidates), docs/t1515-naming-small-bodies.md; T1641 reclassified library (strong), renamed from game_crypto_sha_update_on_context_plus_8_return_zero_ret_0xc; docs/t1641-libsig-rematch.md"
0x0037fe9b,lib_crt_seh_except_filter_funclet_call_unhandled_exception_filter_with_exception_pointers,INFERRED,"table 0x4a18cc slot 0, SEH filter funclet: pushes [ebp-0x14] (EXCEPTION_POINTERS) and calls UnhandledExceptionFilter 0x37fde1, returns its result. CRT, INFERRED; docs/t1472-function-addition-names.md; T1641 reclassified library (run), renamed from game_crt_seh_except_filter_funclet_call_unhandled_exception_filter_with_exception_pointers; docs/t1641-libsig-rematch.md"
0x0038125a,lib_thunk_xapi_validate_disk_partition_ex_with_flags_0x4000,INFERRED,"pushes constant 0x4000 and the caller arg then calls _XapiValidateDiskPartitionEx@8, ret 4; T1261 region 0x380000-0x3a9000, docs/t1261-naming-region-380000-3a9000.md; T1641 reclassified library (run), renamed from game_thunk_xapi_validate_disk_partition_ex_with_flags_0x4000; docs/t1641-libsig-rematch.md"
0x00383de0,lib_xdk_heap_allocate_epilogue_leave_critical_section_when_lock_flag_set,INFERRED,"tests the local lock flag at ebp-0x1a and calls the LeaveCriticalSection import 0x475818 on +0x580 of the heap; caller _RtlAllocateHeap@12 (code fragment); T1504 queue, Jev subsystem hint only; T1641 reclassified library (run), renamed from game_xdk_heap_allocate_epilogue_leave_critical_section_when_lock_flag_set; docs/t1641-libsig-rematch.md"
0x00383fd4,lib_xdk_heap_free_epilogue_leave_critical_section_when_lock_flag_set,INFERRED,"tests the local lock flag at ebp-0x19 and calls the LeaveCriticalSection import 0x475818 on +0x580 of the heap; caller _RtlFreeHeap@12 (code fragment); T1504 queue, Jev subsystem hint only; T1641 reclassified library (run), renamed from game_xdk_heap_free_epilogue_leave_critical_section_when_lock_flag_set; docs/t1641-libsig-rematch.md"
0x003846ff,lib_xdk_heap_reallocate_epilogue_leave_critical_section_when_lock_flag_set,INFERRED,"tests the local lock flag at ebp-0x1d and calls the LeaveCriticalSection import 0x475818 on +0x580 of the heap; caller _RtlReAllocateHeap@16 (code fragment); T1504 queue, Jev subsystem hint only; T1641 reclassified library (run), renamed from game_xdk_heap_reallocate_epilogue_leave_critical_section_when_lock_flag_set; docs/t1641-libsig-rematch.md"
0x003847d2,lib_audio_iface_install_two_callbacks_under_lock_then_call_import_0x475854_when_field_0x20_set,INFERRED,"stores the callbacks 0x3847cf and 0x3847b6 at +0x10 and +0x14 of the object at 0x47590c under lock, calls 0x475854 with 0x549660 when +0x20 is set, then 0x384834 when the 64 bit value at 0x7eb4b8 is nonzero; ret 4; T1504 queue, Jev subsystem hint only; T1641 reclassified library (strong), renamed from game_audio_iface_install_two_callbacks_under_lock_then_call_import_0x475854_when_field_0x20_set; docs/t1641-libsig-rematch.md"
0x00384834,lib_x86_gdt_entry_xchg_under_cli_then_far_jump_return_old_dword,INFERRED,"sgdt then cli, xchg of dwords at gdt base+8 and +0xc, sti, ljmp 8:next, ret 8; T1261 region 0x380000-0x3a9000, docs/t1261-naming-region-380000-3a9000.md; T1641 reclassified library (strong), renamed from game_x86_gdt_entry_xchg_under_cli_then_far_jump_return_old_dword; docs/t1641-libsig-rematch.md"
0x00384859,lib_dsound_object_scalar_deleting_destructor_thunk_adjust_this_minus_4_vtable,INFERRED,"table 0x4a1cb0 slot 16, vtable stored by DSOUND-section ctor 0x406b41/0x406b5e; sub ecx 4 then jmp 0x40805b which runs destructor 0x407201 and frees via 0x409801 when flag bit0 set. INFERRED shape; docs/t1472-function-addition-names.md; renamed T1473 from game_dsound_object_scalar_deleting_destructor_thunk_adjust_this_minus_4_vtable_4a1cb0: owning subsystem is the name prefix, data address stays in evidence; T1641 reclassified library (run), renamed from game_dsound_object_scalar_deleting_destructor_thunk_adjust_this_minus_4_vtable; docs/t1641-libsig-rematch.md"
0x00384861,lib_dsound_object_scalar_deleting_destructor_thunk_adjust_this_minus_8_vtable,INFERRED,"table 0x4a1d48 slot 0, vtable stored by DSOUND-section ctors 0x40a4d8/0x40ae01; sub ecx 8 then jmp 0x40af54 which runs destructor 0x40ae01 and frees via 0x409801 when flag bit0 set. INFERRED shape; docs/t1472-function-addition-names.md; renamed T1473 from game_dsound_object_scalar_deleting_destructor_thunk_adjust_this_minus_8_vtable_4a1d48: owning subsystem is the name prefix, data address stays in evidence; T1641 reclassified library (run), renamed from game_dsound_object_scalar_deleting_destructor_thunk_adjust_this_minus_8_vtable; docs/t1641-libsig-rematch.md"
0x00385619,lib_audio_iface_table_entry_address_by_index_or_null,INFERRED,"base [this+0x14] null returns 0 else base+((field_0x18+arg)<<5)+8; T1261 region 0x380000-0x3a9000, docs/t1261-naming-region-380000-3a9000.md; T1641 reclassified library (strong), renamed from game_audio_iface_table_entry_address_by_index_or_null; docs/t1641-libsig-rematch.md"
0x00385631,lib_audio_iface_manager_constructor_zero_fields_refcount_1,INFERRED,"zeroes 0x80 byte object fields 0x0 0x4-0x28 0x38 0x3c 0x40-0x54 and sets [+0x78]=1 (refcount used by release xadd); T1261 region 0x380000-0x3a9000, docs/t1261-naming-region-380000-3a9000.md; T1641 reclassified library (strong), renamed from game_audio_iface_manager_constructor_zero_fields_refcount_1; docs/t1641-libsig-rematch.md"
0x00385671,lib_audio_iface_manager_register_child_object_init_elements_rollback_on_failure,INFERRED,"child vcall slot0 type index into [mgr+0x40+type*4] must be empty; vcall 0x28 then vcall 4 per 0x7c element; rollback via vcall 0xc and vcall 8; T1261 region 0x380000-0x3a9000, docs/t1261-naming-region-380000-3a9000.md; T1641 reclassified library (strong), renamed from game_audio_iface_manager_register_child_object_init_elements_rollback_on_failure; docs/t1641-libsig-rematch.md"
0x00385714,lib_audio_iface_manager_claim_free_element_for_port_slot,INFERRED,"elements 0x7c stride search [elem]==-1 then [elem]=port and slot ptr stored at [mgr+0x28+port*4]; E_FAIL 0x80004005 if busy; T1261 region 0x380000-0x3a9000, docs/t1261-naming-region-380000-3a9000.md; T1641 reclassified library (strong), renamed from game_audio_iface_manager_claim_free_element_for_port_slot; docs/t1641-libsig-rematch.md"
0x00385781,lib_audio_iface_manager_forward_port_slot_to_attach_handler_or_e_fail,INFERRED,"looks up [arg1+0x28+idx*4] and calls the port attach handler else E_FAIL; T1261 region 0x380000-0x3a9000, docs/t1261-naming-region-380000-3a9000.md; T1641 reclassified library (strong), renamed from game_audio_iface_manager_forward_port_slot_to_attach_handler_or_e_fail; docs/t1641-libsig-rematch.md"
0x003857a4,lib_audio_iface_manager_forward_port_slot_to_active_child_vcall_slot_0x54_or_e_fail,INFERRED,"slot ptr [mgr+0x28+idx*4] passed to child [+0x48] (fallback [+0x44]) vcall 0x54; T1261 region 0x380000-0x3a9000, docs/t1261-naming-region-380000-3a9000.md; T1641 reclassified library (strong), renamed from game_audio_iface_manager_forward_port_slot_to_active_child_vcall_slot_0x54_or_e_fail; docs/t1641-libsig-rematch.md"
0x003857de,lib_audio_iface_manager_forward_struct_arg_to_active_child_vcall_slot_0x1c_or_e_fail,INFERRED,"child [+0x48] null gives E_FAIL else copies 12-byte struct arg and calls vcall 0x1c; T1261 region 0x380000-0x3a9000, docs/t1261-naming-region-380000-3a9000.md; T1641 reclassified library (strong), renamed from game_audio_iface_manager_forward_struct_arg_to_active_child_vcall_slot_0x1c_or_e_fail; docs/t1641-libsig-rematch.md"
0x0038580a,lib_audio_iface_manager_forward_struct_arg_to_active_child_vcall_slot_0x20_or_e_fail,INFERRED,"same shape as 0x1c forwarder calling vcall 0x20 on child [+0x48]; T1261 region 0x380000-0x3a9000, docs/t1261-naming-region-380000-3a9000.md; T1641 reclassified library (strong), renamed from game_audio_iface_manager_forward_struct_arg_to_active_child_vcall_slot_0x20_or_e_fail; docs/t1641-libsig-rematch.md"
0x00385836,lib_audio_iface_manager_forward_struct_and_two_args_to_active_child_vcall_slot_0x3c_or_e_fail,INFERRED,"12-byte struct plus 2 dwords then vcall 0x3c on child [+0x48]; T1261 region 0x380000-0x3a9000, docs/t1261-naming-region-380000-3a9000.md; T1641 reclassified library (strong), renamed from game_audio_iface_manager_forward_struct_and_two_args_to_active_child_vcall_slot_0x3c_or_e_fail; docs/t1641-libsig-rematch.md"
0x0038586a,lib_audio_iface_manager_forward_struct_arg_to_active_child_vcall_slot_0x48_or_zero,INFERRED,"child [+0x48] null returns 0 (not E_FAIL) else vcall 0x48; T1261 region 0x380000-0x3a9000, docs/t1261-naming-region-380000-3a9000.md; T1641 reclassified library (strong), renamed from game_audio_iface_manager_forward_struct_arg_to_active_child_vcall_slot_0x48_or_zero; docs/t1641-libsig-rematch.md"
0x00385890,lib_audio_iface_manager_forward_struct_and_two_args_to_active_child_vcall_slot_0x4c_or_e_fail,INFERRED,"struct plus 2 dwords vcall 0x4c on child [+0x48]; T1261 region 0x380000-0x3a9000, docs/t1261-naming-region-380000-3a9000.md; T1641 reclassified library (strong), renamed from game_audio_iface_manager_forward_struct_and_two_args_to_active_child_vcall_slot_0x4c_or_e_fail; docs/t1641-libsig-rematch.md"
0x003858c4,lib_audio_iface_manager_forward_struct_and_two_args_to_active_child_vcall_slot_0x58_or_e_fail,INFERRED,"struct plus 2 dwords vcall 0x58 on child [+0x48]; T1261 region 0x380000-0x3a9000, docs/t1261-naming-region-380000-3a9000.md; T1641 reclassified library (strong), renamed from game_audio_iface_manager_forward_struct_and_two_args_to_active_child_vcall_slot_0x58_or_e_fail; docs/t1641-libsig-rematch.md"
0x003858f8,lib_audio_iface_manager_forward_arg_to_active_child_vcall_slot_0x5c_or_e_fail,INFERRED,"one arg vcall 0x5c on child [+0x48]; T1261 region 0x380000-0x3a9000, docs/t1261-naming-region-380000-3a9000.md; T1641 reclassified library (strong), renamed from game_audio_iface_manager_forward_arg_to_active_child_vcall_slot_0x5c_or_e_fail; docs/t1641-libsig-rematch.md"
0x00385918,lib_audio_iface_manager_release_five_children_vcall_0xc_per_element_then_vcall_8,INFERRED,"loops 5 child slots from [+0x50] downward, vcall 0xc per 0x7c element then vcall 8; T1261 region 0x380000-0x3a9000, docs/t1261-naming-region-380000-3a9000.md; T1641 reclassified library (strong), renamed from game_audio_iface_manager_release_five_children_vcall_0xc_per_element_then_vcall_8; docs/t1641-libsig-rematch.md"
0x0038596b,lib_audio_iface_vector_deleting_destructor_for_0x7c_byte_elements,INFERRED,"flag bit 2 array path uses vector dtor helper with count at [ptr-4]; flag bit 1 frees via xmemfree wrapper tag 0x8019; T1261 region 0x380000-0x3a9000, docs/t1261-naming-region-380000-3a9000.md; T1641 reclassified library (strong), renamed from game_audio_iface_vector_deleting_destructor_for_0x7c_byte_elements; docs/t1641-libsig-rematch.md"
0x003859be,lib_audio_iface_manager_shutdown_clear_slot_pointers_under_lock_free_elements_and_private_stack,INFERRED,"critical section import, swaps 4 slot ptrs at [+0x28] via swap_active helper, releases children, frees elements, clears two globals, tail frees private stack block; T1261 region 0x380000-0x3a9000, docs/t1261-naming-region-380000-3a9000.md; T1641 reclassified library (strong), renamed from game_audio_iface_manager_shutdown_clear_slot_pointers_under_lock_free_elements_and_private_stack; docs/t1641-libsig-rematch.md"
0x00385a2e,lib_audio_iface_manager_get_child_object_by_type_index,INFERRED,"returns [this+0x40+idx*4]; T1261 region 0x380000-0x3a9000, docs/t1261-naming-region-380000-3a9000.md; T1641 reclassified library (run), renamed from game_audio_iface_manager_get_child_object_by_type_index; docs/t1641-libsig-rematch.md"
0x00385a39,lib_audio_iface_add_arg_times_10000_to_64bit_time_at_0x68_and_apply_via_import_0x4758e4,INFERRED,"arg times 0x2710 added with carry to the pair at +0x68 and +0x6c then import 0x4758e4 with 0x771690 and 0x7716b8; caller 0x385d0b; T1504 queue, Jev subsystem hint only; T1641 reclassified library (strong), renamed from game_audio_iface_add_arg_times_10000_to_64bit_time_at_0x68_and_apply_via_import_0x4758e4; docs/t1641-libsig-rematch.md"
0x00385a63,lib_audio_iface_manager_poll_voice_device_ports_and_update_slot_state,INFERRED,"calls XPeekDevices twice (masks 0x46c894 0x46c8a0) tracks insert and removal bitmasks for 4 ports then per-port mark-changed or toggle-mode helpers; T1261 region 0x380000-0x3a9000, docs/t1261-naming-region-380000-3a9000.md; T1641 reclassified library (strong), renamed from game_audio_iface_manager_poll_voice_device_ports_and_update_slot_state; docs/t1641-libsig-rematch.md"
0x00385b08,lib_audio_iface_manager_detach_all_port_slots_from_active_object,INFERRED,"E_FAIL if [this]==0; per 4 slot ptrs calls mode switch handler with [this]; returns 0; T1261 region 0x380000-0x3a9000, docs/t1261-naming-region-380000-3a9000.md; T1641 reclassified library (strong), renamed from game_audio_iface_manager_detach_all_port_slots_from_active_object; docs/t1641-libsig-rematch.md"
0x00385b38,lib_audio_iface_table_entry_get_fields_0x1c_0x18_and_child_field_0x34,INFERRED,"three optional out ptrs filled from entry [+0x1c] [+0x18] and [entry+8]+0x34; E_FAIL when entry null; T1261 region 0x380000-0x3a9000, docs/t1261-naming-region-380000-3a9000.md; T1641 reclassified library (strong), renamed from game_audio_iface_table_entry_get_fields_0x1c_0x18_and_child_field_0x34; docs/t1641-libsig-rematch.md"
0x00385b7d,lib_thunk_audio_iface_manager_register_child_object,INFERRED,"jmp to child register-and-init-elements function; T1261 region 0x380000-0x3a9000, docs/t1261-naming-region-380000-3a9000.md; T1641 reclassified library (run), renamed from game_thunk_audio_iface_manager_register_child_object; docs/t1641-libsig-rematch.md"
0x00385b82,lib_audio_iface_store_arg2_through_pointer_arg1_return_zero,INFERRED,"stdcall ret 8 mov [arg1],arg2 xor eax; T1261 region 0x380000-0x3a9000, docs/t1261-naming-region-380000-3a9000.md; T1641 reclassified library (run), renamed from game_audio_iface_store_arg2_through_pointer_arg1_return_zero; docs/t1641-libsig-rematch.md"
0x00385b91,lib_thunk_audio_iface_manager_claim_free_element,INFERRED,"jmp to claim free element function; T1261 region 0x380000-0x3a9000, docs/t1261-naming-region-380000-3a9000.md; T1641 reclassified library (run), renamed from game_thunk_audio_iface_manager_claim_free_element; docs/t1641-libsig-rematch.md"
0x00385b96,lib_thunk_audio_iface_manager_forward_port_slot_to_attach_handler,INFERRED,"jmp to port attach forwarder; T1261 region 0x380000-0x3a9000, docs/t1261-naming-region-380000-3a9000.md; T1641 reclassified library (run), renamed from game_thunk_audio_iface_manager_forward_port_slot_to_attach_handler; docs/t1641-libsig-rematch.md"
0x00385b9b,lib_thunk_audio_iface_manager_forward_port_slot_to_active_child_slot_0x54,INFERRED,"jmp to 0x54 forwarder; T1261 region 0x380000-0x3a9000, docs/t1261-naming-region-380000-3a9000.md; T1641 reclassified library (run), renamed from game_thunk_audio_iface_manager_forward_port_slot_to_active_child_slot_0x54; docs/t1641-libsig-rematch.md"
0x00385ba0,lib_thunk_audio_iface_manager_forward_struct_to_active_child_slot_0x1c,INFERRED,"re-pushes 12-byte struct then calls 0x1c forwarder (ret 0x10); T1261 region 0x380000-0x3a9000, docs/t1261-naming-region-380000-3a9000.md; T1641 reclassified library (strong), renamed from game_thunk_audio_iface_manager_forward_struct_to_active_child_slot_0x1c; docs/t1641-libsig-rematch.md"
0x00385bbc,lib_thunk_audio_iface_manager_forward_struct_to_active_child_slot_0x20,INFERRED,"re-pushes 12-byte struct then calls 0x20 forwarder (ret 0x10); T1261 region 0x380000-0x3a9000, docs/t1261-naming-region-380000-3a9000.md; T1641 reclassified library (strong), renamed from game_thunk_audio_iface_manager_forward_struct_to_active_child_slot_0x20; docs/t1641-libsig-rematch.md"
0x00385bd8,lib_thunk_audio_iface_manager_forward_struct_to_active_child_slot_0x3c,INFERRED,"re-pushes struct plus 2 args calls 0x3c forwarder (ret 0x18); T1261 region 0x380000-0x3a9000, docs/t1261-naming-region-380000-3a9000.md; T1641 reclassified library (strong), renamed from game_thunk_audio_iface_manager_forward_struct_to_active_child_slot_0x3c; docs/t1641-libsig-rematch.md"
0x00385bfc,lib_thunk_audio_iface_manager_forward_struct_to_active_child_slot_0x48,INFERRED,"re-pushes struct calls 0x48 forwarder (ret 0x10); T1261 region 0x380000-0x3a9000, docs/t1261-naming-region-380000-3a9000.md; T1641 reclassified library (strong), renamed from game_thunk_audio_iface_manager_forward_struct_to_active_child_slot_0x48; docs/t1641-libsig-rematch.md"
0x00385c18,lib_thunk_audio_iface_manager_forward_struct_to_active_child_slot_0x4c,INFERRED,"re-pushes struct plus 2 args calls 0x4c forwarder (ret 0x18); T1261 region 0x380000-0x3a9000, docs/t1261-naming-region-380000-3a9000.md; T1641 reclassified library (strong), renamed from game_thunk_audio_iface_manager_forward_struct_to_active_child_slot_0x4c; docs/t1641-libsig-rematch.md"
0x00385c3c,lib_thunk_audio_iface_manager_forward_struct_to_active_child_slot_0x58,INFERRED,"re-pushes struct plus 2 args calls 0x58 forwarder (ret 0x18); T1261 region 0x380000-0x3a9000, docs/t1261-naming-region-380000-3a9000.md; T1641 reclassified library (strong), renamed from game_thunk_audio_iface_manager_forward_struct_to_active_child_slot_0x58; docs/t1641-libsig-rematch.md"
0x00385c60,lib_thunk_audio_iface_manager_forward_arg_to_active_child_slot_0x5c,INFERRED,"jmp to 0x5c forwarder; T1261 region 0x380000-0x3a9000, docs/t1261-naming-region-380000-3a9000.md; T1641 reclassified library (run), renamed from game_thunk_audio_iface_manager_forward_arg_to_active_child_slot_0x5c; docs/t1641-libsig-rematch.md"
0x00385c65,lib_audio_iface_manager_shutdown_detach_ports_and_call_child_vcall_0x38,INFERRED,"calls detach-all then vcall 0x38 on each non-null of 5 children at [+0x40]; T1261 region 0x380000-0x3a9000, docs/t1261-naming-region-380000-3a9000.md; T1641 reclassified library (strong), renamed from game_audio_iface_manager_shutdown_detach_ports_and_call_child_vcall_0x38; docs/t1641-libsig-rematch.md"
0x00385c91,lib_audio_iface_under_lock_reset_then_call_vcall_slot_0x10_on_five_child_objects_at_0x40,INFERRED,"lock import 0x475848, 0x385a63, then vcall +0x10 on each of five child objects from +0x40, unlock 0x475844, returns 0; T1504 queue, Jev subsystem hint only; T1641 reclassified library (strong), renamed from game_audio_iface_under_lock_reset_then_call_vcall_slot_0x10_on_five_child_objects_at_0x40; docs/t1641-libsig-rematch.md"
0x00385ccb,lib_thunk_audio_iface_manager_shutdown_detach_ports,INFERRED,"jmp to shutdown-detach function; T1261 region 0x380000-0x3a9000, docs/t1261-naming-region-380000-3a9000.md; T1641 reclassified library (run), renamed from game_thunk_audio_iface_manager_shutdown_detach_ports; docs/t1641-libsig-rematch.md"
0x00385cd0,lib_audio_iface_manager_deleting_destructor,INFERRED,"calls manager shutdown then frees this with xmemfree wrapper tag 0x801a when flag bit 0; T1261 region 0x380000-0x3a9000, docs/t1261-naming-region-380000-3a9000.md; T1641 reclassified library (strong), renamed from game_audio_iface_manager_deleting_destructor; docs/t1641-libsig-rematch.md"
0x00385d0b,lib_audio_iface_manager_init_16khz_mono_16bit_format_allocate_elements_and_arm_timer,INFERRED,"copies 9 dword desc; wave format globals 0x3e80 (16000 Hz) 0x7d00 16 bits 1 ch; allocs count*0x7c elements; registers child; timer import with callback; T1261 region 0x380000-0x3a9000, docs/t1261-naming-region-380000-3a9000.md; T1641 reclassified library (strong), renamed from game_audio_iface_manager_init_16khz_mono_16bit_format_allocate_elements_and_arm_timer; docs/t1641-libsig-rematch.md"
0x00385df9,lib_audio_iface_manager_create_singleton_global_and_init_or_free,INFERRED,"allocs 0x80 block ctor stores singleton global init; on failure deleting dtor and clears global; E_OUTOFMEMORY 0x8007000e; T1261 region 0x380000-0x3a9000, docs/t1261-naming-region-380000-3a9000.md; T1641 reclassified library (strong), renamed from game_audio_iface_manager_create_singleton_global_and_init_or_free; docs/t1641-libsig-rematch.md"
0x00385e69,lib_audio_iface_manager_release_atomic_decrement_refcount_destroy_at_zero,INFERRED,"xadd -1 on [+0x78] deleting dtor when reaches 0; T1261 region 0x380000-0x3a9000, docs/t1261-naming-region-380000-3a9000.md; T1641 reclassified library (strong), renamed from game_audio_iface_manager_release_atomic_decrement_refcount_destroy_at_zero; docs/t1641-libsig-rematch.md"
0x00385edd,lib_audio_iface_add_pointer_to_list_if_absent_then_refresh,INFERRED,"tables 0x4a1f18 and 0x4a2010 slot 11; linear search of pointer array at this+8 count this+0xc, appends arg when not found, then calls 0x3877d2 (loop of 2 submits via sub-object vtable). Behaviour measured, class role INFERRED; docs/t1472-function-addition-names.md; renamed T1473 from game_audio_iface_add_pointer_to_list_if_absent_then_refresh_0x3877d2: owning subsystem is the name prefix, data address stays in evidence; T1641 reclassified library (strong), renamed from game_audio_iface_add_pointer_to_list_if_absent_then_refresh; docs/t1641-libsig-rematch.md"
0x00385f15,lib_audio_iface_remove_pointer_from_list_replace_with_last_and_call_vcall_0x34,INFERRED,"linear search [this+8] count [this+0xc]; vcall 0x34 on found; moves last into slot; decrements count; base-class slot shared by vtables 0x4a1f18 and 0x4a2010; T1261 region 0x380000-0x3a9000, docs/t1261-naming-region-380000-3a9000.md; T1641 reclassified library (strong), renamed from game_audio_iface_remove_pointer_from_list_replace_with_last_and_call_vcall_0x34; docs/t1641-libsig-rematch.md"
0x00385f70,lib_audio_iface_allocate_pointer_array_sized_by_engine_count_and_zero,INFERRED,"count from global 0x7716d4 field +8 times 4 bytes through tagged allocation 0x386e89 (tag 0x22), nulls every slot, E_OUTOFMEMORY 0x8007000e on failure; callers 0x386b66 and 0x386e1e; T1504 queue, Jev subsystem hint only; T1641 reclassified library (strong), renamed from game_audio_iface_allocate_pointer_array_sized_by_engine_count_and_zero; docs/t1641-libsig-rematch.md"
0x00385fb5,lib_audio_iface_free_field_0x8_buffer_and_clear,INFERRED,"calls the tagged free helper (tag 0x22) on field +8 then zeroes it; slot 2 of vtable 0x4a1f18; T1504 queue, Jev subsystem hint only; T1641 reclassified library (run), renamed from game_audio_iface_free_field_0x8_buffer_and_clear; docs/t1641-libsig-rematch.md"
0x00385fc8,lib_thunk_audio_iface_port_init_alloc_buffers_and_create_pipeline,INFERRED,"pops arg into ecx and calls port init function; vtable 0x4a1f18 slot 1; T1261 region 0x380000-0x3a9000, docs/t1261-naming-region-380000-3a9000.md; T1641 reclassified library (run), renamed from game_thunk_audio_iface_port_init_alloc_buffers_and_create_pipeline; docs/t1641-libsig-rematch.md"
0x00385fd4,lib_audio_iface_pipeline_list_advance_counter_for_each_entry,INFERRED,"loops [this+8] count [this+0xc] calling counter-advance thunk; vtable 0x4a1f18 slot 4; T1261 region 0x380000-0x3a9000, docs/t1261-naming-region-380000-3a9000.md; T1641 reclassified library (strong), renamed from game_audio_iface_pipeline_list_advance_counter_for_each_entry; docs/t1641-libsig-rematch.md"
0x00385ff3,lib_thunk_audio_iface_port_release_pipeline_and_free_buffers,INFERRED,"pops arg into ecx calls port release; vtable 0x4a1f18 slot 3; T1261 region 0x380000-0x3a9000, docs/t1261-naming-region-380000-3a9000.md; T1641 reclassified library (run), renamed from game_thunk_audio_iface_port_release_pipeline_and_free_buffers; docs/t1641-libsig-rematch.md"
0x00385fff,lib_audio_iface_verify_this_is_manager_child_type_0_object_else_e_fail,INFERRED,"compares this with manager child index 0 via singleton returns E_FAIL on mismatch; mirrors named verify type 1 and type 2; T1261 region 0x380000-0x3a9000, docs/t1261-naming-region-380000-3a9000.md; T1641 reclassified library (strong), renamed from game_audio_iface_verify_this_is_manager_child_type_0_object_else_e_fail; docs/t1641-libsig-rematch.md"
0x00386062,lib_audio_iface_pending_stack_push_kind_1_value_and_add_2_to_count,INFERRED,"writes kind 1 and arg at [this+0xfc*8+0x6c] count++ and [+0x100]+=2; T1261 region 0x380000-0x3a9000, docs/t1261-naming-region-380000-3a9000.md; T1641 reclassified library (strong), renamed from game_audio_iface_pending_stack_push_kind_1_value_and_add_2_to_count; docs/t1641-libsig-rematch.md"
0x0038608a,lib_audio_iface_pending_stack_push_kind_2_value_and_add_1_to_count,INFERRED,"writes kind 2 and arg count++ and [+0x100]+=1; T1261 region 0x380000-0x3a9000, docs/t1261-naming-region-380000-3a9000.md; T1641 reclassified library (strong), renamed from game_audio_iface_pending_stack_push_kind_2_value_and_add_1_to_count; docs/t1641-libsig-rematch.md"
0x003860b1,lib_audio_iface_initialize_with_engine_global_count_then_allocate_buffers,INFERRED,"table 0x4a1f98 slot 1; arg is the object, copies [0x7716d4+0xc] into object+0x38 then calls 0x3876e0 which allocates a 0x500 buffer at +0x14, inits the sub-object at +0x18 and a count*10 byte buffer at +0x34, cleaning up via 0x3871b4 on failure. INFERRED; docs/t1472-function-addition-names.md; renamed T1473 from game_audio_iface_initialize_with_engine_global_count_then_allocate_buffers_0x3876e0: owning subsystem is the name prefix, data address stays in evidence; T1641 reclassified library (run), renamed from game_audio_iface_initialize_with_engine_global_count_then_allocate_buffers; docs/t1641-libsig-rematch.md"
0x003860c8,lib_audio_iface_slot3_call_handler_on_argument_object,INFERRED,"loads arg into ecx and calls 0x3871b4 then ret 4; slot 3 of vtable 0x4a1f98; T1504 queue, Jev subsystem hint only; T1641 reclassified library (run), renamed from game_audio_iface_slot3_call_handler_on_argument_object; docs/t1641-libsig-rematch.md"
0x003860d4,lib_audio_iface_move_up_to_two_ready_entries_to_end_of_list,INFERRED,"walks the pointer list (+8, count +0xc), entries passing 0x386fcf are shifted to the end, at most two; caller game_audio_iface_periodic_tick_update_entries_then_rearm_timer_with_19_minus_elapsed_ms; T1504 queue, Jev subsystem hint only; T1641 reclassified library (strong), renamed from game_audio_iface_move_up_to_two_ready_entries_to_end_of_list; docs/t1641-libsig-rematch.md"
0x00386155,lib_audio_iface_stream_list_release_active_or_zero_idle_state,INFERRED,"walks list +0x20 of count +0x14, entries with a nonzero use count go to 0x38608a else their 0x50 dword state block is zeroed; caller periodic tick; T1504 queue, Jev subsystem hint only; T1641 reclassified library (strong), renamed from game_audio_iface_stream_list_release_active_or_zero_idle_state; docs/t1641-libsig-rematch.md"
0x003861b3,lib_audio_iface_verify_this_is_registered_object_type_2_else_e_fail,INFERRED,"compares this with the global 0x7716d4 object of type 2, returns 0 or 0x80004005; slot 5 of vtable 0x4a1f98; T1504 queue, Jev subsystem hint only; T1641 reclassified library (strong), renamed from game_audio_iface_verify_this_is_registered_object_type_2_else_e_fail; docs/t1641-libsig-rematch.md"
0x003861d4,lib_audio_iface_find_entry_by_64bit_id_in_pointer_list_or_null,INFERRED,"id pair compared with [entry]+0 and +4 over list [this+0x20] count [this+0x14]; T1261 region 0x380000-0x3a9000, docs/t1261-naming-region-380000-3a9000.md; T1641 reclassified library (strong), renamed from game_audio_iface_find_entry_by_64bit_id_in_pointer_list_or_null; docs/t1641-libsig-rematch.md"
0x00386217,lib_audio_iface_find_entry_index_by_64bit_id_or_count_when_absent,INFERRED,"same match as lookup but returns index else [this+0x18]; T1261 region 0x380000-0x3a9000, docs/t1261-naming-region-380000-3a9000.md; T1641 reclassified library (strong), renamed from game_audio_iface_find_entry_index_by_64bit_id_or_count_when_absent; docs/t1641-libsig-rematch.md"
0x0038624e,lib_audio_iface_allocate_free_0x60_byte_element_and_assign_index,INFERRED,"scans elements [this+0x10] stride 0x60 for [+0x50]==-1 sets it to index and returns element; T1261 region 0x380000-0x3a9000, docs/t1261-naming-region-380000-3a9000.md; T1641 reclassified library (strong), renamed from game_audio_iface_allocate_free_0x60_byte_element_and_assign_index; docs/t1641-libsig-rematch.md"
0x00386283,lib_audio_iface_add_12_byte_record_under_lock_then_init_stream,INFERRED,"lock import 0x475848, copies a 12 byte arg record into a new list slot, count +0x14 increments, then 0x388b78 primes the stream; slot 7 of vtable 0x4a1f98; T1504 queue, Jev subsystem hint only; T1641 reclassified library (strong), renamed from game_audio_iface_add_12_byte_record_under_lock_then_init_stream; docs/t1641-libsig-rematch.md"
0x00386300,lib_audio_iface_get_entry_count_and_copy_out_12_byte_records,INFERRED,"table 0x4a1f98 slot 9; stores count this+0x14 to out1 then copies each 12 byte record from pointer array this+0x20 to out2 and returns 0. Behaviour measured; docs/t1472-function-addition-names.md; T1641 reclassified library (strong), renamed from game_audio_iface_get_entry_count_and_copy_out_12_byte_records; docs/t1641-libsig-rematch.md"
0x00386331,lib_audio_iface_reorder_entry_in_list_by_min_of_five_dword_priority,INFERRED,"bubbles entry at arg index using min-of-five helper compares and swaps in [this+0x20]; T1261 region 0x380000-0x3a9000, docs/t1261-naming-region-380000-3a9000.md; T1641 reclassified library (strong), renamed from game_audio_iface_reorder_entry_in_list_by_min_of_five_dword_priority; docs/t1641-libsig-rematch.md"
0x003863a8,lib_audio_iface_find_entry_by_64bit_id_set_channel_mix_bin_volume_then_reorder,INFERRED,"id struct arg; calls channel set-mix-bin-volume helper then reorder; vtable 0x4a1f98 slot 0x16; T1261 region 0x380000-0x3a9000, docs/t1261-naming-region-380000-3a9000.md; T1641 reclassified library (strong), renamed from game_audio_iface_find_entry_by_64bit_id_set_channel_mix_bin_volume_then_reorder; docs/t1641-libsig-rematch.md"
0x003863f9,lib_audio_iface_set_field_0x1c_from_arg_return_zero,INFERRED,"mov [this+0x1c],arg; xor eax; vtable 0x4a1f98 slot 0x17; T1261 region 0x380000-0x3a9000, docs/t1261-naming-region-380000-3a9000.md; T1641 reclassified library (run), renamed from game_audio_iface_set_field_0x1c_from_arg_return_zero; docs/t1641-libsig-rematch.md"
0x00386405,lib_audio_iface_vector_deleting_destructor_for_0x60_byte_elements,INFERRED,"flag 2 runs the array destructor helper over 0x60 byte elements, flag 1 frees with size tag 0x801c; T1504 queue, Jev subsystem hint only; T1641 reclassified library (strong), renamed from game_audio_iface_vector_deleting_destructor_for_0x60_byte_elements; docs/t1641-libsig-rematch.md"
0x00386451,lib_audio_iface_create_directsound_set_mixbin_headroom_and_init_each_0x60_element,INFERRED,"DirectSoundCreate into +0x24, IDirectSound_SetMixBinHeadroom for four bins, then 0x388dbd per 0x60 byte element; caller 0x386b66; T1504 queue, Jev subsystem hint only; T1641 reclassified library (strong), renamed from game_audio_iface_create_directsound_set_mixbin_headroom_and_init_each_0x60_element; docs/t1641-libsig-rematch.md"
0x00386526,lib_dsound_object_cleanup_release_idirectsound_and_free_0x60_element_array,INFERRED,"table 0x4a1f98 slot 2; calls fn pointer 0x4758e8 on this+0x28, destructs [this+0x18] elements of stride 0x60 at this+0x10, then IDirectSound_Release on this+0x24 and clears the fields. INFERRED; docs/t1472-function-addition-names.md; T1641 reclassified library (strong), renamed from game_dsound_object_cleanup_release_idirectsound_and_free_0x60_element_array; docs/t1641-libsig-rematch.md"
0x00386593,lib_audio_iface_call_handler_on_each_entry_until_failure,INFERRED,"loop over list +8 count +0xc calling 0x387491, stops when the result is negative; caller periodic tick; T1504 queue, Jev subsystem hint only; T1641 reclassified library (strong), renamed from game_audio_iface_call_handler_on_each_entry_until_failure; docs/t1641-libsig-rematch.md"
0x003865b8,lib_audio_iface_copy_0x50_dwords_of_entry_state_to_offset_0x140,INFERRED,"per entry copy of 0x50 dwords from the state block to state+0x140, loop over list +0x20 count +0x14; caller periodic tick; T1504 queue, Jev subsystem hint only; T1641 reclassified library (strong), renamed from game_audio_iface_copy_0x50_dwords_of_entry_state_to_offset_0x140; docs/t1641-libsig-rematch.md"
0x003865e0,lib_audio_iface_start_all_entries_when_any_entry_ready_else_e_fail,INFERRED,"returns 0x80004005 unless an entry passes 0x387e3a, then calls 0x388847 for every entry; caller periodic tick; T1504 queue, Jev subsystem hint only; T1641 reclassified library (strong), renamed from game_audio_iface_start_all_entries_when_any_entry_ready_else_e_fail; docs/t1641-libsig-rematch.md"
0x00386631,lib_audio_iface_find_entry_by_64bit_id_then_submit_ten_byte_frames_or_e_fail,INFERRED,"struct id arg then submit-ten-byte-records helper else E_FAIL; vtable 0x4a1f98 slot 0xf; T1261 region 0x380000-0x3a9000, docs/t1261-naming-region-380000-3a9000.md; T1641 reclassified library (strong), renamed from game_audio_iface_find_entry_by_64bit_id_then_submit_ten_byte_frames_or_e_fail; docs/t1641-libsig-rematch.md"
0x00386667,lib_audio_iface_set_dsound_effect_data_from_float_scaled_by_constant,INFERRED,"float arg times constant to int (game_ftol_adjust) then IDirectSound_SetEffectData with a 4 byte value; caller 0x386a08; T1504 queue, Jev subsystem hint only; T1641 reclassified library (strong), renamed from game_audio_iface_set_dsound_effect_data_from_float_scaled_by_constant; docs/t1641-libsig-rematch.md"
0x003866a4,lib_audio_iface_find_entry_by_64bit_id_return_field_0x4c_or_zero,INFERRED,"lookup then [entry+0x4c]; vtable 0x4a1f98 slot 0x12; T1261 region 0x380000-0x3a9000, docs/t1261-naming-region-380000-3a9000.md; T1641 reclassified library (strong), renamed from game_audio_iface_find_entry_by_64bit_id_return_field_0x4c_or_zero; docs/t1641-libsig-rematch.md"
0x003866c9,lib_audio_iface_find_entry_by_64bit_id_set_mix_bins_from_table_or_e_fail,INFERRED,"lookup then set_mix_bins_from_table helper; vtable 0x4a1f98 slot 0x13; T1261 region 0x380000-0x3a9000, docs/t1261-naming-region-380000-3a9000.md; T1641 reclassified library (strong), renamed from game_audio_iface_find_entry_by_64bit_id_set_mix_bins_from_table_or_e_fail; docs/t1641-libsig-rematch.md"
0x003866ff,lib_audio_iface_set_entry_stream_mix_bin_volumes_or_e_fail,INFERRED,"copies a 12 byte record, finds the entry by 0x3861d4, IDirectSoundStream_SetMixBinVolumes_8, else 0x80004005; ret 0x10; T1504 queue, Jev subsystem hint only; T1641 reclassified library (strong), renamed from game_audio_iface_set_entry_stream_mix_bin_volumes_or_e_fail; docs/t1641-libsig-rematch.md"
0x00386733,lib_audio_iface_pop_pending_stack_entries_by_kind_and_call_handlers_then_update_effect,INFERRED,"stack of 8 byte entries at +0x6c (count +0xfc), kind 1 goes to 0x3874d0, kind 2 to 0x38886d, then import 0x4758e4; caller periodic tick and 0x386a08; T1504 queue, Jev subsystem hint only; T1641 reclassified library (strong), renamed from game_audio_iface_pop_pending_stack_entries_by_kind_and_call_handlers_then_update_effect; docs/t1641-libsig-rematch.md"
0x003867fd,lib_audio_iface_pending_stack_remove_value_and_subtract_2_from_count,INFERRED,"finds arg in value slots shifts 8-byte entries down count-- and [+0x100]-=2; T1261 region 0x380000-0x3a9000, docs/t1261-naming-region-380000-3a9000.md; T1641 reclassified library (strong), renamed from game_audio_iface_pending_stack_remove_value_and_subtract_2_from_count; docs/t1641-libsig-rematch.md"
0x00386878,lib_audio_iface_pending_stack_remove_value_and_subtract_1_from_count,INFERRED,"same as above with [+0x100]-=1; T1261 region 0x380000-0x3a9000, docs/t1261-naming-region-380000-3a9000.md; T1641 reclassified library (strong), renamed from game_audio_iface_pending_stack_remove_value_and_subtract_1_from_count; docs/t1641-libsig-rematch.md"
0x003868f2,lib_audio_iface_set_mix_bin_volumes_from_table_on_every_entry,INFERRED,"loops entries calling stream set_mix_bin_volumes_from_table helper with first dword of arg; T1261 region 0x380000-0x3a9000, docs/t1261-naming-region-380000-3a9000.md; T1641 reclassified library (strong), renamed from game_audio_iface_set_mix_bin_volumes_from_table_on_every_entry; docs/t1641-libsig-rematch.md"
0x00386919,lib_audio_iface_set_mix_bin_volumes_from_field_0x3c_on_every_entry,INFERRED,"loops entries calling stream set_mix_bin_volumes_from_field_0x3c helper; T1261 region 0x380000-0x3a9000, docs/t1261-naming-region-380000-3a9000.md; T1641 reclassified library (strong), renamed from game_audio_iface_set_mix_bin_volumes_from_field_0x3c_on_every_entry; docs/t1641-libsig-rematch.md"
0x00386940,lib_audio_iface_return_constant_2,INFERRED,"body push 2, pop eax, ret; slot 0 of vtable 0x4a1f98; T1504 queue, Jev subsystem hint only; T1641 reclassified library (run), renamed from game_audio_iface_return_constant_2; docs/t1641-libsig-rematch.md"
0x00386944,lib_thunk_audio_iface_pipeline_codec_reinit_with_arg,INFERRED,"swaps args then jumps to reinit wrapper; vtable slots in 0x4a1f98 and 0x4a2010 classes; T1261 region 0x380000-0x3a9000, docs/t1261-naming-region-380000-3a9000.md; T1641 reclassified library (run), renamed from game_thunk_audio_iface_pipeline_codec_reinit_with_arg; docs/t1641-libsig-rematch.md"
0x00386954,lib_audio_iface_add_pointer_then_apply_followup_handler,INFERRED,"calls game_audio_iface_add_pointer_to_list_if_absent_then_refresh then 0x386919; slot 11 of vtable 0x4a1f98; T1504 queue, Jev subsystem hint only; T1641 reclassified library (strong), renamed from game_audio_iface_add_pointer_then_apply_followup_handler; docs/t1641-libsig-rematch.md"
0x0038696f,lib_audio_iface_call_three_setup_handlers_in_sequence,INFERRED,"0x3867fd then 0x3868f2 then 0x385f15 with the same argument; slot 12 of vtable 0x4a1f98; T1504 queue, Jev subsystem hint only; T1641 reclassified library (strong), renamed from game_audio_iface_call_three_setup_handlers_in_sequence; docs/t1641-libsig-rematch.md"
0x00386990,lib_audio_iface_periodic_tick_update_entries_then_rearm_timer_with_19_minus_elapsed_ms,INFERRED,"table 0x4a1f98 slot 4; runs entry updates 0x386733/0x3865b8/0x386593/0x3860d4/0x386155, halves counter at +0x100, computes (0x13 - n) * 0x2710 negated due time and calls kernel fn pointer 0x4758e4 on this+0x28 (timer) with this+0x50; slot 2 of same table cancels via 0x4758e8 on this+0x28. INFERRED timer rearm; docs/t1472-function-addition-names.md; T1641 reclassified library (strong), renamed from game_audio_iface_periodic_tick_update_entries_then_rearm_timer_with_19_minus_elapsed_ms; docs/t1641-libsig-rematch.md"
0x00386a08,lib_audio_iface_update_entries_flush_frames_and_set_effect_levels_from_counter,INFERRED,"pops pending kind 1, flushes pending frames per entry, converts unsigned field 0x30 to float and calls set_dsound_effect_data helper; vtable 0x4a1f98 slot 0xe; T1261 region 0x380000-0x3a9000, docs/t1261-naming-region-380000-3a9000.md; T1641 reclassified library (strong), renamed from game_audio_iface_update_entries_flush_frames_and_set_effect_levels_from_counter; docs/t1641-libsig-rematch.md"
0x00386a73,lib_audio_iface_remove_entry_under_lock_flush_stream_and_set_mix_bins,INFERRED,"finds entry index, 0x386878, IDirectSoundStream_FlushEx, resets it, shifts the list down, count decrements, then IDirectSoundStream_SetMixBins with headroom table; slot 8 of vtable 0x4a1f98; T1504 queue, Jev subsystem hint only; T1641 reclassified library (strong), renamed from game_audio_iface_remove_entry_under_lock_flush_stream_and_set_mix_bins; docs/t1641-libsig-rematch.md"
0x00386b66,lib_audio_iface_allocate_arrays_then_create_directsound_variant_a,INFERRED,"critical section imports 0x475858 and 0x47585c, 0x385f70 pointer array, element array allocation, then 0x386451; slot 10 of vtable 0x4a1f98; T1504 queue, Jev subsystem hint only; T1641 reclassified library (strong), renamed from game_audio_iface_allocate_arrays_then_create_directsound_variant_a; docs/t1641-libsig-rematch.md"
0x00386c69,lib_thunk_audio_iface_ensure_pipeline_buffers,INFERRED,"ecx=arg then ensure-buffers-and-init-codec; vtable 0x4a2010 slot 1; T1261 region 0x380000-0x3a9000, docs/t1261-naming-region-380000-3a9000.md; T1641 reclassified library (run), renamed from game_thunk_audio_iface_ensure_pipeline_buffers; docs/t1641-libsig-rematch.md"
0x00386c75,lib_thunk_audio_iface_release_codec_if_present,INFERRED,"ecx=arg then codec release; vtable 0x4a2010 slot 3; T1261 region 0x380000-0x3a9000, docs/t1261-naming-region-380000-3a9000.md; T1641 reclassified library (run), renamed from game_thunk_audio_iface_release_codec_if_present; docs/t1641-libsig-rematch.md"
0x00386c81,lib_audio_iface_pump_each_entry_submit_frame_and_copy_state,INFERRED,"loops entries: submit encoded frame helper then copy-state-and-copy-out helper; vtable 0x4a2010 slot 4; T1261 region 0x380000-0x3a9000, docs/t1261-naming-region-380000-3a9000.md; T1641 reclassified library (strong), renamed from game_audio_iface_pump_each_entry_submit_frame_and_copy_state; docs/t1641-libsig-rematch.md"
0x00386cba,lib_audio_iface_verify_this_is_registered_object_type_1_else_e_fail,INFERRED,"same compare with type 1, returns 0 or 0x80004005; slot 5 of vtable 0x4a2010; T1504 queue, Jev subsystem hint only; T1641 reclassified library (strong), renamed from game_audio_iface_verify_this_is_registered_object_type_1_else_e_fail; docs/t1641-libsig-rematch.md"
0x00386cdb,lib_audio_iface_create_directsound_and_init_streams_variant_b,INFERRED,"DirectSoundCreate then 0x388e95 per element, same allocation shape as 0x386b66; caller 0x386e1e; T1504 queue, Jev subsystem hint only; T1641 reclassified library (strong), renamed from game_audio_iface_create_directsound_and_init_streams_variant_b; docs/t1641-libsig-rematch.md"
0x00386db5,lib_audio_iface_release_directsound_destroy_streams_and_free_arrays_variant_b,INFERRED,"0x385fb5, IDirectSound_Release, 0x388790 per element, 0x386405; slot 2 of vtable 0x4a2010; T1504 queue, Jev subsystem hint only; T1641 reclassified library (strong), renamed from game_audio_iface_release_directsound_destroy_streams_and_free_arrays_variant_b; docs/t1641-libsig-rematch.md"
0x00386e01,lib_audio_iface_reset_0x60_byte_element_by_index,INFERRED,"revised from game_audio_iface_reset_0x60_byte_element_by_index_via (T1473 rename review T1513): dangling via; table 0x4a2010 slot 13; index=*arg, element = this[+0x14] + index*0x60 then calls 0x3886aa (frees buffer +0x10 and zeroes fields); the sibling class 0x4a1f98 destructs 0x60-stride elements in its cleanup 0x386526. INFERRED; docs/t1472-function-addition-names.md; renamed T1473 from game_audio_iface_reset_0x60_byte_element_by_index_via_0x3886aa: owning subsystem is the name prefix, data address stays in evidence; T1641 reclassified library (strong), renamed from game_audio_iface_reset_0x60_byte_element_by_index; docs/t1641-libsig-rematch.md"
0x00386e1a,lib_audio_iface_return_constant_1,INFERRED,"body xor eax, inc eax, ret; slot 0 of vtable 0x4a2010; T1504 queue, Jev subsystem hint only; T1641 reclassified library (run), renamed from game_audio_iface_return_constant_1; docs/t1641-libsig-rematch.md"
0x00386e1e,lib_audio_iface_initialize_variant_b_allocate_pointer_array_set_active_flag_and_create_dsound,INFERRED,"calls allocate pointer array then sets flag global to 1 then create dsound variant b; destroys via vcall 8 on failure; vtable 0x4a2010 slot 0xe; T1261 region 0x380000-0x3a9000, docs/t1261-naming-region-380000-3a9000.md; T1641 reclassified library (strong), renamed from game_audio_iface_initialize_variant_b_allocate_pointer_array_set_active_flag_and_create_dsound; docs/t1641-libsig-rematch.md"
0x00386e50,lib_audio_iface_codec_state_struct_zero_0x68_bytes,INFERRED,"byte word dwords 4 8 0xc 0x10 zeroed then 0x15 dword rep stosd from +0x14; T1261 region 0x380000-0x3a9000, docs/t1261-naming-region-380000-3a9000.md; T1641 reclassified library (strong), renamed from game_audio_iface_codec_state_struct_zero_0x68_bytes; docs/t1641-libsig-rematch.md"
0x00386e73,lib_audio_iface_codec_wrapper_constructor_zero_handle_and_state,INFERRED,"[this]=0, state struct at +4 zeroed, [+0x6c]=0; T1261 region 0x380000-0x3a9000, docs/t1261-naming-region-380000-3a9000.md; T1641 reclassified library (strong), renamed from game_audio_iface_codec_wrapper_constructor_zero_handle_and_state; docs/t1641-libsig-rematch.md"
0x00386e89,lib_audio_iface_alloc_zeroed_block_with_tag_flags_0x218a0000,INFERRED,"ORs 0x218a0000 into the tag, XMemAlloc, zero fills; callers the audio iface allocation functions; T1504 queue, Jev subsystem hint only; T1641 reclassified library (strong), renamed from game_audio_iface_alloc_zeroed_block_with_tag_flags_0x218a0000; docs/t1641-libsig-rematch.md"
0x00386ec1,lib_audio_iface_xmemfree_with_tag_flags_wrapper,INFERRED,"returns when the pointer is null, ORs 0x218a0000 into the tag (default 0x218a2000) and calls XMemFree; many callers in the 0x385 to 0x388 range; T1504 queue, Jev subsystem hint only; T1641 reclassified library (strong), renamed from game_audio_iface_xmemfree_with_tag_flags_wrapper; docs/t1641-libsig-rematch.md"
0x00386ee9,lib_audio_iface_pipeline_copy_packet_into_double_buffer_slot_and_toggle_index,INFERRED,"rep movsd 0xa0 dwords (0x280 bytes) into slot [this+idx*12]; [+0x40]=arg2; index [+0x18] toggled via (idx-1)&1; T1261 region 0x380000-0x3a9000, docs/t1261-naming-region-380000-3a9000.md; T1641 reclassified library (strong), renamed from game_audio_iface_pipeline_copy_packet_into_double_buffer_slot_and_toggle_index; docs/t1641-libsig-rematch.md"
0x00386f19,lib_audio_iface_pipeline_swap_double_buffer_copy_out_and_advance_counter_0xfff,INFERRED,"copies [+0x2c] bytes from slot to [+0x24]; [+0x28]=[+0x3c]; toggles index [+0x1c]; counter masked 0xfff; returns 1; T1261 region 0x380000-0x3a9000, docs/t1261-naming-region-380000-3a9000.md; T1641 reclassified library (strong), renamed from game_audio_iface_pipeline_swap_double_buffer_copy_out_and_advance_counter_0xfff; docs/t1641-libsig-rematch.md"
0x00386f5a,lib_audio_iface_pipeline_encode_frame_via_codec_return_field_0x30,INFERRED,"calls encode helper with codec [+0x20] and fields 0x24 0x28 0x30 then returns [+0x30]; T1261 region 0x380000-0x3a9000, docs/t1261-naming-region-380000-3a9000.md; T1641 reclassified library (strong), renamed from game_audio_iface_pipeline_encode_frame_via_codec_return_field_0x30; docs/t1641-libsig-rematch.md"
0x00386f73,lib_audio_iface_pipeline_update_voice_activity_flag_from_pcm_or_forced_field_0x40,INFERRED,"when [+0x44]!=0 stores [+0x40] into codec [+0xc] else runs voice-activity update on [+0x24]; T1261 region 0x380000-0x3a9000, docs/t1261-naming-region-380000-3a9000.md; T1641 reclassified library (strong), renamed from game_audio_iface_pipeline_update_voice_activity_flag_from_pcm_or_forced_field_0x40; docs/t1641-libsig-rematch.md"
0x00386f8f,lib_audio_iface_pipeline_swap_then_update_voice_activity_return_bool,INFERRED,"calls double buffer swap and if ok the activity update; returns 1 or 0; T1261 region 0x380000-0x3a9000, docs/t1261-naming-region-380000-3a9000.md; T1641 reclassified library (strong), renamed from game_audio_iface_pipeline_swap_then_update_voice_activity_return_bool; docs/t1641-libsig-rematch.md"
0x00386fab,lib_audio_iface_pipeline_advance_counter_masked_0xfff_return_1,INFERRED,"[+0x3c]=([+0x3c]+1)&0xfff; T1261 region 0x380000-0x3a9000, docs/t1261-naming-region-380000-3a9000.md; T1641 reclassified library (strong), renamed from game_audio_iface_pipeline_advance_counter_masked_0xfff_return_1; docs/t1641-libsig-rematch.md"
0x00386fbb,lib_audio_iface_pipeline_codec_reinit_or_e_fail_when_codec_null,INFERRED,"[this+0x20]==0 returns E_FAIL ret 4 else tail to codec reinit; T1261 region 0x380000-0x3a9000, docs/t1261-naming-region-380000-3a9000.md; T1641 reclassified library (strong), renamed from game_audio_iface_pipeline_codec_reinit_or_e_fail_when_codec_null; docs/t1641-libsig-rematch.md"
0x00386fcf,lib_audio_iface_pipeline_get_codec_field_0xc_or_zero,INFERRED,"codec [this+0x20] null returns 0 else [codec+0xc]; T1261 region 0x380000-0x3a9000, docs/t1261-naming-region-380000-3a9000.md; T1641 reclassified library (run), renamed from game_audio_iface_pipeline_get_codec_field_0xc_or_zero; docs/t1641-libsig-rematch.md"
0x00386fdb,lib_audio_iface_buffer_element_alloc_zeroed_block_store_size_field_8,INFERRED,"stores size at [this+8] allocs block tag 0x21 into [this]; E_OUTOFMEMORY on failure; T1261 region 0x380000-0x3a9000, docs/t1261-naming-region-380000-3a9000.md; T1641 reclassified library (strong), renamed from game_audio_iface_buffer_element_alloc_zeroed_block_store_size_field_8; docs/t1641-libsig-rematch.md"
0x00387000,lib_audio_iface_pipeline_swap_update_and_zero_pcm_when_codec_silent,INFERRED,"swap helper then activity update then zeroes [+0x2c] bytes at [+0x24] when codec [+0xc]==0; returns 1; T1261 region 0x380000-0x3a9000, docs/t1261-naming-region-380000-3a9000.md; T1641 reclassified library (strong), renamed from game_audio_iface_pipeline_swap_update_and_zero_pcm_when_codec_silent; docs/t1641-libsig-rematch.md"
0x00387041,lib_audio_iface_codec_wrapper_deleting_destructor,INFERRED,"destroy handle then free tag 0x8016 when flag bit 0; T1261 region 0x380000-0x3a9000, docs/t1261-naming-region-380000-3a9000.md; T1641 reclassified library (strong), renamed from game_audio_iface_codec_wrapper_deleting_destructor; docs/t1641-libsig-rematch.md"
0x00387061,lib_audio_iface_pipeline_alloc_two_0x280_byte_buffers_plus_scratch,INFERRED,"loop 2 times buffer alloc of size 0x280 at stride 0xc then one at +0x24; T1261 region 0x380000-0x3a9000, docs/t1261-naming-region-380000-3a9000.md; T1641 reclassified library (strong), renamed from game_audio_iface_pipeline_alloc_two_0x280_byte_buffers_plus_scratch; docs/t1641-libsig-rematch.md"
0x00387093,lib_audio_iface_pipeline_release_codec_wrapper_and_clear_field_0x20,INFERRED,"deleting dtor flag 1 on [this+0x20] then zero; T1261 region 0x380000-0x3a9000, docs/t1261-naming-region-380000-3a9000.md; T1641 reclassified library (strong), renamed from game_audio_iface_pipeline_release_codec_wrapper_and_clear_field_0x20; docs/t1641-libsig-rematch.md"
0x003870aa,lib_audio_iface_pipeline_create_codec_wrapper_init_encoder_and_alloc_ten_byte_buffer,INFERRED,"allocs 0x70 wrapper ctor; encoder create helper; buffer element size 0xa at +0x30; releases wrapper on failure; E_OUTOFMEMORY; T1261 region 0x380000-0x3a9000, docs/t1261-naming-region-380000-3a9000.md; T1641 reclassified library (strong), renamed from game_audio_iface_pipeline_create_codec_wrapper_init_encoder_and_alloc_ten_byte_buffer; docs/t1641-libsig-rematch.md"
0x00387178,lib_audio_iface_pipeline_counter_advance_via_field_0x18_object,INFERRED,"ecx=[this+0x18] then jmp counter advance; T1261 region 0x380000-0x3a9000, docs/t1261-naming-region-380000-3a9000.md; T1641 reclassified library (run), renamed from game_audio_iface_pipeline_counter_advance_via_field_0x18_object; docs/t1641-libsig-rematch.md"
0x00387180,lib_audio_iface_pipeline_submit_encoded_ten_byte_frame_when_ready,INFERRED,"swap-update helper, then encode frame and submit-ten-byte records with count 0xa; T1261 region 0x380000-0x3a9000, docs/t1261-naming-region-380000-3a9000.md; T1641 reclassified library (strong), renamed from game_audio_iface_pipeline_submit_encoded_ten_byte_frame_when_ready; docs/t1641-libsig-rematch.md"
0x003871a7,lib_audio_iface_release_codec_of_field_0x18_pipeline_if_present,INFERRED,"null-checked jmp to codec release for [this+0x18]; T1261 region 0x380000-0x3a9000, docs/t1261-naming-region-380000-3a9000.md; T1641 reclassified library (run), renamed from game_audio_iface_release_codec_of_field_0x18_pipeline_if_present; docs/t1641-libsig-rematch.md"
0x003871b4,lib_audio_iface_release_codec_and_free_field_0x34_buffer,INFERRED,"release codec if present then xmemfree tag 0x21 of [+0x34] and clear; T1261 region 0x380000-0x3a9000, docs/t1261-naming-region-380000-3a9000.md; T1641 reclassified library (strong), renamed from game_audio_iface_release_codec_and_free_field_0x34_buffer; docs/t1641-libsig-rematch.md"
0x003871d3,lib_audio_iface_swap_active_object_field_0x1c_under_lock_vcall_0x30_on_old_and_0x2c_on_new,INFERRED,"if the new object differs, saves the old one at +0x20, vcall +0x30 on it, stores the new at +0x1c and vcall +0x2c on it; callers 0x3859be, 0x387248, 0x387452, 0x387918; T1504 queue, Jev subsystem hint only; T1641 reclassified library (strong), renamed from game_audio_iface_swap_active_object_field_0x1c_under_lock_vcall_0x30_on_old_and_0x2c_on_new; docs/t1641-libsig-rematch.md"
0x0038720e,lib_audio_iface_port_stop_set_flag_0x90_and_release_two_com_objects,INFERRED,"[pipeline+0x90]=1; vcall slot 1 on objects at +4 and +8 then clear; T1261 region 0x380000-0x3a9000, docs/t1261-naming-region-380000-3a9000.md; T1641 reclassified library (strong), renamed from game_audio_iface_port_stop_set_flag_0x90_and_release_two_com_objects; docs/t1641-libsig-rematch.md"
0x00387248,lib_audio_iface_port_mark_changed_swap_active_object_and_toggle_mode_field_0x28,INFERRED,"[this+0x24]=1 swap-active helper with active-object global; [+0x28]=([+0x28]!=2); T1261 region 0x380000-0x3a9000, docs/t1261-naming-region-380000-3a9000.md; T1641 reclassified library (strong), renamed from game_audio_iface_port_mark_changed_swap_active_object_and_toggle_mode_field_0x28; docs/t1641-libsig-rematch.md"
0x0038726d,lib_toggle_mode_28_and_clear_24,MEASURED,"src/game/game_round4_high_c.c replacement proven by tools.replace prove (generated/replace/proof.json); T1641 reclassified library (strong), renamed from game_toggle_mode_28_and_clear_24; docs/t1641-libsig-rematch.md"
0x0038728b,lib_audio_iface_init_packet_descriptor_for_slot_in_buffer_field_0x10,INFERRED,"zeroes 6 dwords; base=[this+0x10]+idx*0x500 size 0x280 index at +0x10; T1261 region 0x380000-0x3a9000, docs/t1261-naming-region-380000-3a9000.md; T1641 reclassified library (strong), renamed from game_audio_iface_init_packet_descriptor_for_slot_in_buffer_field_0x10; docs/t1641-libsig-rematch.md"
0x003872bc,lib_audio_iface_init_packet_descriptor_for_slot_in_buffer_field_0x14,INFERRED,"same as slot descriptor init with base [this+0x14]; T1261 region 0x380000-0x3a9000, docs/t1261-naming-region-380000-3a9000.md; T1641 reclassified library (strong), renamed from game_audio_iface_init_packet_descriptor_for_slot_in_buffer_field_0x14; docs/t1641-libsig-rematch.md"
0x003872ed,lib_audio_iface_process_media_object_packet_between_critical_section_calls,INFERRED,"imports 0x475954 and 0x475958 bracket 0x38728b and vcall +0xc on the engine object then 0x386ee9 and vcall +0x10; slot method of the XVoice path; T1504 queue, Jev subsystem hint only; T1641 reclassified library (strong), renamed from game_audio_iface_process_media_object_packet_between_critical_section_calls; docs/t1641-libsig-rematch.md"
0x00387367,lib_audio_iface_extract_0x140_16bit_samples_from_ring_buffer_and_submit,INFERRED,"reads ring buffer position (+0x2c, 0x385b38), copies 0x140 words at stride 4 with wrap at 0x500, vcall +0x10 on the media object, advances +0x2c modulo size; T1504 queue, Jev subsystem hint only; T1641 reclassified library (strong), renamed from game_audio_iface_extract_0x140_16bit_samples_from_ring_buffer_and_submit; docs/t1641-libsig-rematch.md"
0x00387452,lib_audio_iface_port_attach_media_object_vcall_0x14_then_swap_or_store_pending,INFERRED,"vcall 0x14 on arg; if [+0x24] and [+0x28] zero swap active object else [+0x20]=arg; T1261 region 0x380000-0x3a9000, docs/t1261-naming-region-380000-3a9000.md; T1641 reclassified library (strong), renamed from game_audio_iface_port_attach_media_object_vcall_0x14_then_swap_or_store_pending; docs/t1641-libsig-rematch.md"
0x00387489,lib_audio_iface_pipeline_codec_reinit_via_field_0x18_object,INFERRED,"ecx=[this+0x18] jmp codec reinit-or-e_fail; T1261 region 0x380000-0x3a9000, docs/t1261-naming-region-380000-3a9000.md; T1641 reclassified library (run), renamed from game_audio_iface_pipeline_codec_reinit_via_field_0x18_object; docs/t1641-libsig-rematch.md"
0x00387491,lib_audio_iface_pipeline_step_level_field_0x30_by_0x14_up_to_0x154,INFERRED,"swap helper ok then activity decides +0x14 up to cap 0x154 or -0x14 to 0; else E_FAIL; T1261 region 0x380000-0x3a9000, docs/t1261-naming-region-380000-3a9000.md; T1641 reclassified library (strong), renamed from game_audio_iface_pipeline_step_level_field_0x30_by_0x14_up_to_0x154; docs/t1641-libsig-rematch.md"
0x003874d0,lib_audio_iface_push_ten_byte_frame_into_ring_with_atomic_index_and_count,INFERRED,"copies 10 bytes (movsd x2 movsw) to [+0x34]+idx*10; index mod [+0x38] via cmpxchg; count xadd; T1261 region 0x380000-0x3a9000, docs/t1261-naming-region-380000-3a9000.md; T1641 reclassified library (strong), renamed from game_audio_iface_push_ten_byte_frame_into_ring_with_atomic_index_and_count; docs/t1641-libsig-rematch.md"
0x00387528,lib_audio_iface_under_lock_atomically_clear_fields_0x3c_and_0x40,INFERRED,"lock import 0x475848, cmpxchg loops that zero +0x3c and +0x40, unlock; caller 0x38756e; T1504 queue, Jev subsystem hint only; T1641 reclassified library (strong), renamed from game_audio_iface_under_lock_atomically_clear_fields_0x3c_and_0x40; docs/t1641-libsig-rematch.md"
0x0038756e,lib_audio_iface_flush_pending_ten_byte_frames_through_target_vcall_0_then_clear,INFERRED,"iterates min of counts ([+0x38] vs [+0x40]) calling vcall 0 with 0xa-byte records, then clear helper; T1261 region 0x380000-0x3a9000, docs/t1261-naming-region-380000-3a9000.md; T1641 reclassified library (strong), renamed from game_audio_iface_flush_pending_ten_byte_frames_through_target_vcall_0_then_clear; docs/t1641-libsig-rematch.md"
0x003875b3,lib_audio_iface_pipeline_constructor_two_0xc_elements_four_0xc_elements_zero_fields,INFERRED,"0x94 byte object via strided element ctor helper x2 groups, zeroes fields 0x18-0x48 and 0x7c-0x8c, [+0x90]=1; T1261 region 0x380000-0x3a9000, docs/t1261-naming-region-380000-3a9000.md; T1641 reclassified library (strong), renamed from game_audio_iface_pipeline_constructor_two_0xc_elements_four_0xc_elements_zero_fields; docs/t1641-libsig-rematch.md"
0x0038762c,lib_audio_iface_pipeline_destructor_free_buffers_and_element_arrays,INFERRED,"frees [+0x7c] [+0x30] [+0x24] tag 0x21 and runs vector dtor on elements at +0x4c and +0; T1261 region 0x380000-0x3a9000, docs/t1261-naming-region-380000-3a9000.md; T1641 reclassified library (strong), renamed from game_audio_iface_pipeline_destructor_free_buffers_and_element_arrays; docs/t1641-libsig-rematch.md"
0x003876a2,lib_audio_iface_ensure_pipeline_buffer_0x500_and_init_codec_or_release,INFERRED,"allocs 0x500 into [+0x14] if null (E_OUTOFMEMORY) then create-codec init; releases on failure; T1261 region 0x380000-0x3a9000, docs/t1261-naming-region-380000-3a9000.md; T1641 reclassified library (strong), renamed from game_audio_iface_ensure_pipeline_buffer_0x500_and_init_codec_or_release; docs/t1641-libsig-rematch.md"
0x003876e0,lib_audio_iface_allocate_two_buffers_then_run_stream_setup_handler,INFERRED,"two tagged allocations (0x386e89) around 0x3870aa then 0x3871b4; caller game_audio_iface_initialize_with_engine_global_count_then_allocate_buffers; T1504 queue, Jev subsystem hint only; T1641 reclassified library (strong), renamed from game_audio_iface_allocate_two_buffers_then_run_stream_setup_handler; docs/t1641-libsig-rematch.md"
0x0038774f,lib_audio_iface_pipeline_deleting_destructor,INFERRED,"destructor then xmemfree tag 0x801b when flag bit 0; T1261 region 0x380000-0x3a9000, docs/t1261-naming-region-380000-3a9000.md; T1641 reclassified library (strong), renamed from game_audio_iface_pipeline_deleting_destructor; docs/t1641-libsig-rematch.md"
0x0038776f,lib_audio_iface_port_reset_mode_fields_stop_and_set_changed,INFERRED,"[+0x28]=0 stop helper then [+0x24]=1; T1261 region 0x380000-0x3a9000, docs/t1261-naming-region-380000-3a9000.md; T1641 reclassified library (strong), renamed from game_audio_iface_port_reset_mode_fields_stop_and_set_changed; docs/t1641-libsig-rematch.md"
0x00387789,lib_audio_iface_submit_two_descriptor_packets_to_media_object_vcall_0x10_or_e_fail,INFERRED,"clears [codec+0x18 +0x1c] loop 2x: descriptor init then vcall 0x10 on [this+4]; E_FAIL on negative; T1261 region 0x380000-0x3a9000, docs/t1261-naming-region-380000-3a9000.md; T1641 reclassified library (strong), renamed from game_audio_iface_submit_two_descriptor_packets_to_media_object_vcall_0x10_or_e_fail; docs/t1641-libsig-rematch.md"
0x003877d2,lib_audio_iface_prime_two_zeroed_0x280_byte_packets_into_media_object_via_vcall_0x10,INFERRED,"fails with 0x80004005 when +8 is null, optionally 0x385b38, then twice 0x3872bc, rep stos of 0xa0 dwords and vcall +0x10 on the media object; callers game_audio_iface_create_two_xvoice_media_objects_cleanup_on_failure and game_audio_iface_add_pointer_to_list_if_absent_then_refresh; T1504 queue, Jev subsystem hint only; T1641 reclassified library (strong), renamed from game_audio_iface_prime_two_zeroed_0x280_byte_packets_into_media_object_via_vcall_0x10; docs/t1641-libsig-rematch.md"
0x00387848,lib_audio_iface_port_release_pipeline_and_free_buffers_fields_0x10_0x14,INFERRED,"stop helper; deleting dtor of [+0x18]; xmemfree tag 0x21 of [+0x10] and [+0x14]; T1261 region 0x380000-0x3a9000, docs/t1261-naming-region-380000-3a9000.md; T1641 reclassified library (strong), renamed from game_audio_iface_port_release_pipeline_and_free_buffers_fields_0x10_0x14; docs/t1641-libsig-rematch.md"
0x00387880,lib_audio_iface_create_two_xvoice_media_objects_cleanup_on_failure,INFERRED,"two XVoiceCreateMediaObjectEx calls (descriptors 0x46c894 and 0x46c8a0) with cleanup 0x38776f when either fails; caller 0x387918; T1504 queue, Jev subsystem hint only; T1641 reclassified library (strong), renamed from game_audio_iface_create_two_xvoice_media_objects_cleanup_on_failure; docs/t1641-libsig-rematch.md"
0x00387918,lib_audio_iface_port_apply_mode_field_0x28_switch_with_media_object_vcall_slot_1,INFERRED,"switch on [+0x28]-1 for 1/2/3 calling reset create-media-objects and swap-active then vcall 4 on arg with 1 or 0; T1261 region 0x380000-0x3a9000, docs/t1261-naming-region-380000-3a9000.md; T1641 reclassified library (strong), renamed from game_audio_iface_port_apply_mode_field_0x28_switch_with_media_object_vcall_slot_1; docs/t1641-libsig-rematch.md"
0x00387987,lib_audio_iface_port_init_alloc_0x500_buffers_and_create_pipeline_object,INFERRED,"allocs 0x500 [+0x10] sets [+0x1c] [+0x20] from active-object global; allocs 0x94 pipeline ctor with manager field 0x20; alloc scratch; cleans up via release on failure; T1261 region 0x380000-0x3a9000, docs/t1261-naming-region-380000-3a9000.md; T1641 reclassified library (strong), renamed from game_audio_iface_port_init_alloc_0x500_buffers_and_create_pipeline_object; docs/t1641-libsig-rematch.md"
0x00387a28,lib_audio_iface_release_private_stack_block_global_atomically,INFERRED,"cmpxchg clears global then frees block via import with base-0x6000; T1261 region 0x380000-0x3a9000, docs/t1261-naming-region-380000-3a9000.md; T1641 reclassified library (strong), renamed from game_audio_iface_release_private_stack_block_global_atomically; docs/t1641-libsig-rematch.md"
0x00387a55,lib_audio_iface_allocate_private_stack_block_0x6000_once_into_global,INFERRED,"import alloc size 0x6000; cmpxchg publish and free duplicate; E_OUTOFMEMORY; T1261 region 0x380000-0x3a9000, docs/t1261-naming-region-380000-3a9000.md; T1641 reclassified library (strong), renamed from game_audio_iface_allocate_private_stack_block_0x6000_once_into_global; docs/t1641-libsig-rematch.md"
0x00387ab9,lib_audio_iface_noop_return_element_destructor_callback,INFERRED,"single ret byte; passed as element dtor callback to vector dtor helper (0x38596b 0x387bef) and stored in vtables 0x4a1f18 and 0x4a2010 slot 0xf; T1261 region 0x380000-0x3a9000, docs/t1261-naming-region-380000-3a9000.md; T1641 reclassified library (run), renamed from game_audio_iface_noop_return_element_destructor_callback; docs/t1641-libsig-rematch.md"
0x00387aba,lib_audio_iface_free_block_field_0_and_clear,INFERRED,"xmemfree tag 0x21 of [this] then zero; T1261 region 0x380000-0x3a9000, docs/t1261-naming-region-380000-3a9000.md; T1641 reclassified library (strong), renamed from game_audio_iface_free_block_field_0_and_clear; docs/t1641-libsig-rematch.md"
0x00387ad0,lib_audio_iface_alloc_block_into_field_0_and_set_flag_field_4,INFERRED,"alloc zeroed tag 0x21 size arg into [this] and [+4]=1 on success; T1261 region 0x380000-0x3a9000, docs/t1261-naming-region-380000-3a9000.md; T1641 reclassified library (strong), renamed from game_audio_iface_alloc_block_into_field_0_and_set_flag_field_4; docs/t1641-libsig-rematch.md"
0x00387aee,lib_audio_iface_query_performance_counter_scaled_to_ms_by_frequency_field_0x90,INFERRED,"QueryPerformanceCounter then __allmul by 1000 then __alldiv by [+0x90] 64-bit frequency; T1261 region 0x380000-0x3a9000, docs/t1261-naming-region-380000-3a9000.md; T1641 reclassified library (strong), renamed from game_audio_iface_query_performance_counter_scaled_to_ms_by_frequency_field_0x90; docs/t1641-libsig-rematch.md"
0x00387b27,lib_audio_iface_media_object_set_64bit_duration_and_divide_by_packet_size_field_0xc,INFERRED,"stores arg pair at +0x38 +0x3c; [+0x48]=aulldiv(value, [+0xc]); T1261 region 0x380000-0x3a9000, docs/t1261-naming-region-380000-3a9000.md; T1641 reclassified library (strong), renamed from game_audio_iface_media_object_set_64bit_duration_and_divide_by_packet_size_field_0xc; docs/t1641-libsig-rematch.md"
0x00387b4b,lib_audio_iface_set_global_time_base_once_from_three_args,INFERRED,"only when two base globals zero stores 64-bit base, period, and zero; T1261 region 0x380000-0x3a9000, docs/t1261-naming-region-380000-3a9000.md; T1641 reclassified library (strong), renamed from game_audio_iface_set_global_time_base_once_from_three_args; docs/t1641-libsig-rematch.md"
0x00387b83,lib_audio_iface_wrap_64bit_time_delta_into_half_period_range_via_global_time_base,INFERRED,"aullrem against period global; picks r or r-period around half period; T1261 region 0x380000-0x3a9000, docs/t1261-naming-region-380000-3a9000.md; T1641 reclassified library (strong), renamed from game_audio_iface_wrap_64bit_time_delta_into_half_period_range_via_global_time_base; docs/t1641-libsig-rematch.md"
0x00387bef,lib_audio_iface_vector_deleting_destructor_for_0x18_byte_elements,INFERRED,"array path with count at [ptr-4]; free tag 0x8025; T1261 region 0x380000-0x3a9000, docs/t1261-naming-region-380000-3a9000.md; T1641 reclassified library (strong), renamed from game_audio_iface_vector_deleting_destructor_for_0x18_byte_elements; docs/t1641-libsig-rematch.md"
0x00387c3b,lib_audio_iface_media_config_fill_zero_fields_with_defaults,INFERRED,"defaults 0x14 0x50 0x1f4 0xf0 a double and 0xa when fields zero; T1261 region 0x380000-0x3a9000, docs/t1261-naming-region-380000-3a9000.md; T1641 reclassified library (strong), renamed from game_audio_iface_media_config_fill_zero_fields_with_defaults; docs/t1641-libsig-rematch.md"
0x00387c99,lib_audio_iface_classify_ring_position_in_4096_window_and_compute_byte_offset,INFERRED,"aulldiv, masks 0xfff, returns 0/1/2 and 64-bit offset out; increments [+0xa4] on out of window; T1261 region 0x380000-0x3a9000, docs/t1261-naming-region-380000-3a9000.md; T1641 reclassified library (strong), renamed from game_audio_iface_classify_ring_position_in_4096_window_and_compute_byte_offset; docs/t1641-libsig-rematch.md"
0x00387d46,lib_audio_iface_packet_list_pop_front_node_clearing_links,INFERRED,"head ptr arg, next at [node+0x10], clears prev [+0xc]; tail pointer cleared when list empty; T1261 region 0x380000-0x3a9000, docs/t1261-naming-region-380000-3a9000.md; T1641 reclassified library (strong), renamed from game_audio_iface_packet_list_pop_front_node_clearing_links; docs/t1641-libsig-rematch.md"
0x00387d70,lib_audio_iface_packet_list_contains_64bit_key,INFERRED,"walks list from [this+0x18] via +0x10 compares key pair [node] [node+4]; returns 1 on match; T1261 region 0x380000-0x3a9000, docs/t1261-naming-region-380000-3a9000.md; T1641 reclassified library (strong), renamed from game_audio_iface_packet_list_contains_64bit_key; docs/t1641-libsig-rematch.md"
0x00387da9,lib_audio_iface_packet_list_insert_sorted_by_64bit_key_or_e_fail_on_duplicate,INFERRED,"count [+0x54]++; links node sorted on key; duplicate key decrements count and returns E_FAIL; T1261 region 0x380000-0x3a9000, docs/t1261-naming-region-380000-3a9000.md; T1641 reclassified library (strong), renamed from game_audio_iface_packet_list_insert_sorted_by_64bit_key_or_e_fail_on_duplicate; docs/t1641-libsig-rematch.md"
0x00387e3a,lib_audio_iface_media_object_elapsed_ms_reached_duration,INFERRED,"[+0x58]!=0 and ms from QPC minus [+0x28] [+0x20] >= [+0x38]; T1261 region 0x380000-0x3a9000, docs/t1261-naming-region-380000-3a9000.md; T1641 reclassified library (strong), renamed from game_audio_iface_media_object_elapsed_ms_reached_duration; docs/t1641-libsig-rematch.md"
0x00387e66,lib_audio_iface_media_object_pop_packet_matching_position_when_elapsed,INFERRED,"requires elapsed helper and list count then front key equals [+0x20] [+0x24] pops; sets out flag 1 otherwise; T1261 region 0x380000-0x3a9000, docs/t1261-naming-region-380000-3a9000.md; T1641 reclassified library (strong), renamed from game_audio_iface_media_object_pop_packet_matching_position_when_elapsed; docs/t1641-libsig-rematch.md"
0x00387eb6,lib_audio_iface_free_node_list_push_front_node,INFERRED,"links node before [this+0x14] head via +0xc and +0x10; T1261 region 0x380000-0x3a9000, docs/t1261-naming-region-380000-3a9000.md; T1641 reclassified library (strong), renamed from game_audio_iface_free_node_list_push_front_node; docs/t1641-libsig-rematch.md"
0x00387ed0,lib_audio_iface_media_object_update_smoothed_rate_estimate_from_counters_0x80_0x88,INFERRED,"float ratio of counters with smoothing weight at [+0x70] and ring at [+0x5c] double array; resets counters; T1261 region 0x380000-0x3a9000, docs/t1261-naming-region-380000-3a9000.md; T1641 reclassified library (strong), renamed from game_audio_iface_media_object_update_smoothed_rate_estimate_from_counters_0x80_0x88; docs/t1641-libsig-rematch.md"
0x00388097,lib_audio_iface_media_object_free_ring_buffer_nodes_and_list_blocks,INFERRED,"frees [+0x5c] [+4] with tag 0x21; deleting dtor of [this] flag 3; free list helper on +0x9c; T1261 region 0x380000-0x3a9000, docs/t1261-naming-region-380000-3a9000.md; T1641 reclassified library (strong), renamed from game_audio_iface_media_object_free_ring_buffer_nodes_and_list_blocks; docs/t1641-libsig-rematch.md"
0x003880d2,lib_audio_iface_media_object_init_from_config_defaults_and_query_performance_frequency,INFERRED,"QueryPerformanceFrequency into [+0x90]; copies config struct then defaults helper; derives sizes from fields and allocates ring; T1261 region 0x380000-0x3a9000, docs/t1261-naming-region-380000-3a9000.md; T1641 reclassified library (strong), renamed from game_audio_iface_media_object_init_from_config_defaults_and_query_performance_frequency; docs/t1641-libsig-rematch.md"
0x00388300,lib_audio_iface_media_object_reset_state_fields_and_replay_queued_packets_under_lock,INFERRED,"0x387b27 with +0x40 and +0x44, zeroes counters +0x20 to +0x2c and +0x58 +0x78 to +0x88, replays the packet list through 0x387d46 and 0x387eb6, restores the 8 byte entries at +0x5c; caller game_audio_iface_reset_stream_object_state_and_zero_buffers; T1504 queue, Jev subsystem hint only; T1641 reclassified library (strong), renamed from game_audio_iface_media_object_reset_state_fields_and_replay_queued_packets_under_lock; docs/t1641-libsig-rematch.md"
0x0038839a,lib_audio_iface_media_object_drain_packet_list_and_reset_position_counters,INFERRED,"adds [+0x20] to [+0x28]; clears counters; pops each node back to free list until count [+0x54] zero; T1261 region 0x380000-0x3a9000, docs/t1261-naming-region-380000-3a9000.md; T1641 reclassified library (strong), renamed from game_audio_iface_media_object_drain_packet_list_and_reset_position_counters; docs/t1641-libsig-rematch.md"
0x003883fa,lib_audio_iface_media_object_copy_packet_out_through_double_buffer_under_lock_and_advance_position,INFERRED,"lock, 0x387e66 packet lookup, memcpy of the +0x10 byte packet to the out buffer and to the buffer at +0x9c, sets +0xa0, adds +0xc to the 64 bit counter at +0x20; caller 0x388847; T1504 queue, Jev subsystem hint only; T1641 reclassified library (strong), renamed from game_audio_iface_media_object_copy_packet_out_through_double_buffer_under_lock_and_advance_position; docs/t1641-libsig-rematch.md"
0x003884ee,lib_audio_iface_media_object_pop_front_of_list_at_field_0x14_or_zero,INFERRED,"null list returns 0 else pop-front helper; T1261 region 0x380000-0x3a9000, docs/t1261-naming-region-380000-3a9000.md; T1641 reclassified library (strong), renamed from game_audio_iface_media_object_pop_front_of_list_at_field_0x14_or_zero; docs/t1641-libsig-rematch.md"
0x00388502,lib_audio_iface_media_object_service_step_under_lock_calling_state_helpers,INFERRED,"lock import 0x475848, state checks of +0x58 +0x84 +0x98 +0xa4 and calls 0x387aee, 0x387b4b, 0x387b83, 0x387ed0, 0x387c99, 0x38839a, 0x3884ee, 0x387da9 and 0x387eb6, unlock; caller 0x3887da; T1504 queue, Jev subsystem hint only; T1641 reclassified library (strong), renamed from game_audio_iface_media_object_service_step_under_lock_calling_state_helpers; docs/t1641-libsig-rematch.md"
0x0038864e,lib_audio_iface_media_object_constructor_zero_fields_set_0x98_one,INFERRED,"zeroes fields 0 4 0x14-0x2c 0x54-0x5c 0x90-0xa8; [+0x30]=0xffff; [+0x98]=1; T1261 region 0x380000-0x3a9000, docs/t1261-naming-region-380000-3a9000.md; T1641 reclassified library (strong), renamed from game_audio_iface_media_object_constructor_zero_fields_set_0x98_one; docs/t1641-libsig-rematch.md"
0x003886aa,lib_audio_iface_reset_stream_object_state_and_zero_buffers,INFERRED,"0x388300 when +0x10, zeroes counters +0x14 +0x48 +0x4c, 0xa0 dwords at +0x24, sets +0x50 and five fields to -1; callers 0x386a73 and the reset by index function; T1504 queue, Jev subsystem hint only; T1641 reclassified library (strong), renamed from game_audio_iface_reset_stream_object_state_and_zero_buffers; docs/t1641-libsig-rematch.md"
0x003886f0,lib_audio_iface_destroy_stream_flush_wait_idle_release_and_free_buffers,INFERRED,"IDirectSoundStream_FlushEx, DirectSoundDoWork loop until the status vcall is idle, releases the stream, frees two buffers; caller 0x388790; T1504 queue, Jev subsystem hint only; T1641 reclassified library (strong), renamed from game_audio_iface_destroy_stream_flush_wait_idle_release_and_free_buffers; docs/t1641-libsig-rematch.md"
0x00388750,lib_audio_iface_decoder_stream_deleting_destructor,INFERRED,"release decoder handle helper then xmemfree tag 0x8017 when flag bit 0; T1261 region 0x380000-0x3a9000, docs/t1261-naming-region-380000-3a9000.md; T1641 reclassified library (strong), renamed from game_audio_iface_decoder_stream_deleting_destructor; docs/t1641-libsig-rematch.md"
0x00388770,lib_audio_iface_media_object_deleting_destructor,INFERRED,"free buffers helper then xmemfree tag 0x8024 when flag bit 0; T1261 region 0x380000-0x3a9000, docs/t1261-naming-region-380000-3a9000.md; T1641 reclassified library (strong), renamed from game_audio_iface_media_object_deleting_destructor; docs/t1641-libsig-rematch.md"
0x00388790,lib_audio_iface_destroy_stream_object_and_free_two_arrays,INFERRED,"0x3886f0, deletes objects +0xc and +0x10 (0x388750, 0x388770), frees +0x20 and +0x24 with tag 0x21; callers include 0x388dbd and 0x388e95; T1504 queue, Jev subsystem hint only; T1641 reclassified library (strong), renamed from game_audio_iface_destroy_stream_object_and_free_two_arrays; docs/t1641-libsig-rematch.md"
0x003887da,lib_audio_iface_submit_ten_byte_records_count_div_10_via_service_step,INFERRED,"count/10 iterations calling media object service step at stride 0xa; returns last result; T1261 region 0x380000-0x3a9000, docs/t1261-naming-region-380000-3a9000.md; T1641 reclassified library (strong), renamed from game_audio_iface_submit_ten_byte_records_count_div_10_via_service_step; docs/t1641-libsig-rematch.md"
0x0038880f,lib_audio_iface_init_packet_descriptor_0x140_for_slot_zero_0x50_dwords,INFERRED,"desc base=[this+0x1c]+idx*0x140 size 0x140 zeroes 0x50 dwords of buffer; T1261 region 0x380000-0x3a9000, docs/t1261-naming-region-380000-3a9000.md; T1641 reclassified library (strong), renamed from game_audio_iface_init_packet_descriptor_0x140_for_slot_zero_0x50_dwords; docs/t1641-libsig-rematch.md"
0x00388847,lib_audio_iface_media_object_copy_out_packet_and_set_ready_field_0x48,INFERRED,"calls copy-packet-out helper; success sets [+0x48]=1 else clears out pointer [+0x14]; T1261 region 0x380000-0x3a9000, docs/t1261-naming-region-380000-3a9000.md; T1641 reclassified library (strong), renamed from game_audio_iface_media_object_copy_out_packet_and_set_ready_field_0x48; docs/t1641-libsig-rematch.md"
0x0038886d,lib_audio_iface_media_object_submit_encoded_packet_and_set_flag_field_0x4c,INFERRED,"decode-submit helper with [+0x20] [+0x24] [+0xc] then [+0x4c]=1; T1261 region 0x380000-0x3a9000, docs/t1261-naming-region-380000-3a9000.md; T1641 reclassified library (strong), renamed from game_audio_iface_media_object_submit_encoded_packet_and_set_flag_field_0x4c; docs/t1641-libsig-rematch.md"
0x00388887,lib_audio_iface_stream_submit_next_of_three_packet_buffers_then_flush_when_wrapped,INFERRED,"three packets of 0x140 bytes (buffer +0x24, index +0x58 mod 3), vcall +0x10 to submit, on wrap clears 0x3c0 bytes and flushes the stream; state field +0x5c 2 to 3; T1504 queue, Jev subsystem hint only; T1641 reclassified library (strong), renamed from game_audio_iface_stream_submit_next_of_three_packet_buffers_then_flush_when_wrapped; docs/t1641-libsig-rematch.md"
0x00388940,lib_audio_iface_media_object_copy_entry_0x50_dwords_to_offset_0x140_then_copy_out_and_submit,INFERRED,"requires elapsed helper; rep movsd 0x50 dwords from [+0x24] to +0x140; then copy-out and submit helpers; T1261 region 0x380000-0x3a9000, docs/t1261-naming-region-380000-3a9000.md; T1641 reclassified library (strong), renamed from game_audio_iface_media_object_copy_entry_0x50_dwords_to_offset_0x140_then_copy_out_and_submit; docs/t1641-libsig-rematch.md"
0x00388972,lib_min_of_five_dwords_at_0x28,MEASURED,"src/game/game_round4_high_b.c replacement proven by tools.replace prove (generated/replace/proof.json); T1641 reclassified library (strong), renamed from game_min_of_five_dwords_at_0x28; docs/t1641-libsig-rematch.md"
0x0038898c,lib_audio_iface_stream_set_channel_mix_bin_volume_or_mute_under_lock,INFERRED,"channel index below 4 or all, -1 maps to 0xffffd8f0 attenuation, stores value in +0x28 table, IDirectSoundStream_SetMixBins; caller 0x3863a8; T1504 queue, Jev subsystem hint only; T1641 reclassified library (strong), renamed from game_audio_iface_stream_set_channel_mix_bin_volume_or_mute_under_lock; docs/t1641-libsig-rematch.md"
0x00388a35,lib_audio_iface_stream_set_mix_bins_from_table_under_lock,INFERRED,"lock import 0x475848, 8 byte bin entries by index, IDirectSoundStream_SetMixBins, unlock; caller 0x3866c9; T1504 queue, Jev subsystem hint only; T1641 reclassified library (strong), renamed from game_audio_iface_stream_set_mix_bins_from_table_under_lock; docs/t1641-libsig-rematch.md"
0x00388ad6,lib_audio_iface_stream_set_mix_bin_volumes_from_table_under_lock,INFERRED,"lock, fill volume entries, IDirectSoundStream_SetMixBinVolumes_8, unlock; caller 0x3868f2; T1504 queue, Jev subsystem hint only; T1641 reclassified library (strong), renamed from game_audio_iface_stream_set_mix_bin_volumes_from_table_under_lock; docs/t1641-libsig-rematch.md"
0x00388b40,lib_audio_iface_stream_set_mix_bin_volumes_from_field_0x3c_under_lock,INFERRED,"lock, builds a 4 entry descriptor from +0x3c, IDirectSoundStream_SetMixBinVolumes_8; caller 0x386919; T1504 queue, Jev subsystem hint only; T1641 reclassified library (strong), renamed from game_audio_iface_stream_set_mix_bin_volumes_from_field_0x3c_under_lock; docs/t1641-libsig-rematch.md"
0x00388b78,lib_audio_iface_stream_wait_idle_set_headroom_and_prime_buffers_under_lock,INFERRED,"DirectSoundDoWork loop, IDirectSoundStream_SetHeadroom, lock, zeroes state, 0x38880f per buffer; caller 0x386283; T1504 queue, Jev subsystem hint only; T1641 reclassified library (strong), renamed from game_audio_iface_stream_wait_idle_set_headroom_and_prime_buffers_under_lock; docs/t1641-libsig-rematch.md"
0x00388c05,lib_audio_iface_submit_slot_packet_copy_0x140_bytes_via_target_vcall_0x10,INFERRED,"builds descriptor copies 0x140 bytes from [+0x24]+0x140 and calls vcall 0x10 on [this+0x18]; T1261 region 0x380000-0x3a9000, docs/t1261-naming-region-380000-3a9000.md; T1641 reclassified library (strong), renamed from game_audio_iface_submit_slot_packet_copy_0x140_bytes_via_target_vcall_0x10; docs/t1641-libsig-rematch.md"
0x00388c7d,lib_audio_iface_create_pcm_16bit_directsound_stream_with_headroom,INFERRED,"builds a PCM 16 bit format block (format 1, 0x10 bits), tagged allocations, DirectSoundCreateStream, IDirectSoundStream_SetHeadroom; callers 0x388dbd and 0x388e95; T1504 queue, Jev subsystem hint only; T1641 reclassified library (strong), renamed from game_audio_iface_create_pcm_16bit_directsound_stream_with_headroom; docs/t1641-libsig-rematch.md"
0x00388dbd,lib_audio_iface_init_element_create_stream_buffers_cleanup_on_failure_variant_a,INFERRED,"0x388c7d, tagged allocations, 0x389225, 0x38864e, 0x3880d2, tears down with 0x388790 on failure; caller 0x386451; T1504 queue, Jev subsystem hint only; T1641 reclassified library (strong), renamed from game_audio_iface_init_element_create_stream_buffers_cleanup_on_failure_variant_a; docs/t1641-libsig-rematch.md"
0x00388e95,lib_audio_iface_init_element_create_stream_buffers_cleanup_on_failure_variant_b,INFERRED,"same sequence as 0x388dbd plus 0x38880f priming; caller 0x386cdb; T1504 queue, Jev subsystem hint only; T1641 reclassified library (strong), renamed from game_audio_iface_init_element_create_stream_buffers_cleanup_on_failure_variant_b; docs/t1641-libsig-rematch.md"
0x00388fab,lib_audio_iface_call_function_on_private_stack_with_3_args,INFERRED,"sets esp from arg1 (private stack) pushes args 4-6 calls arg2 ret 0x14; T1261 region 0x380000-0x3a9000, docs/t1261-naming-region-380000-3a9000.md; T1641 reclassified library (strong), renamed from game_audio_iface_call_function_on_private_stack_with_3_args; docs/t1641-libsig-rematch.md"
0x00388fc3,lib_audio_iface_encoder_handle_destroy_field_0_and_clear,INFERRED,"[this] non-null passes address to encoder destroy thunk then zero; T1261 region 0x380000-0x3a9000, docs/t1261-naming-region-380000-3a9000.md; T1641 reclassified library (run), renamed from game_audio_iface_encoder_handle_destroy_field_0_and_clear; docs/t1641-libsig-rematch.md"
0x00388fd6,lib_audio_iface_peak_abs_sample_of_320_samples_exceeds_threshold,INFERRED,"max abs of 0x140 signed 16-bit samples compared with arg returns 0/1; T1261 region 0x380000-0x3a9000, docs/t1261-naming-region-380000-3a9000.md; T1641 reclassified library (strong), renamed from game_audio_iface_peak_abs_sample_of_320_samples_exceeds_threshold; docs/t1641-libsig-rematch.md"
0x0038900a,lib_audio_iface_encode_frame_on_private_stack_packing_nibble_header,INFERRED,"header word is field_4 low nibble OR arg shifted left 4; builds 0x18 byte request with word 8; runs encode function on private stack when fs:0x58 set; T1261 region 0x380000-0x3a9000, docs/t1261-naming-region-380000-3a9000.md; T1641 reclassified library (strong), renamed from game_audio_iface_encode_frame_on_private_stack_packing_nibble_header; docs/t1641-libsig-rematch.md"
0x003890a3,lib_audio_iface_codec_reinit_from_16_byte_description_or_e_fail,INFERRED,"copies 16-byte arg zeroes 0x15 dwords at +0x18 calls init thunk; non-zero returns E_FAIL after re-zero; T1261 region 0x380000-0x3a9000, docs/t1261-naming-region-380000-3a9000.md; T1641 reclassified library (strong), renamed from game_audio_iface_codec_reinit_from_16_byte_description_or_e_fail; docs/t1641-libsig-rematch.md"
0x003890ee,lib_audio_iface_codec_create_encoder_handle_set_activity_hangover_0x258,INFERRED,"encoder create thunk with arg 1; on error E_OUTOFMEMORY and destroy; [+0x6c]=0x258; T1261 region 0x380000-0x3a9000, docs/t1261-naming-region-380000-3a9000.md; T1641 reclassified library (strong), renamed from game_audio_iface_codec_create_encoder_handle_set_activity_hangover_0x258; docs/t1641-libsig-rematch.md"
0x00389118,lib_audio_iface_voice_activity_update_from_peak_with_hangover_counters,INFERRED,"peak check vs [+0x6c] sets [+0xc] and counters [+0x14] +0x14 up to 0xc8, [+8] wraps at 0x7530 bumping byte [+4]; T1261 region 0x380000-0x3a9000, docs/t1261-naming-region-380000-3a9000.md; T1641 reclassified library (strong), renamed from game_audio_iface_voice_activity_update_from_peak_with_hangover_counters; docs/t1641-libsig-rematch.md"
0x00389184,lib_audio_iface_decoder_handle_destroy_field_0_and_clear,INFERRED,"[this] non-null passes address to decoder destroy thunk then zero; T1261 region 0x380000-0x3a9000, docs/t1261-naming-region-380000-3a9000.md; T1641 reclassified library (run), renamed from game_audio_iface_decoder_handle_destroy_field_0_and_clear; docs/t1641-libsig-rematch.md"
0x00389197,lib_audio_iface_decode_frame_on_private_stack_with_type_9_request,INFERRED,"zeroes 0x18 request word 8 and 9; calls decode function on private stack when fs:0x58 set; non-zero result E_FAIL; T1261 region 0x380000-0x3a9000, docs/t1261-naming-region-380000-3a9000.md; T1641 reclassified library (strong), renamed from game_audio_iface_decode_frame_on_private_stack_with_type_9_request; docs/t1641-libsig-rematch.md"
0x00389225,lib_audio_iface_codec_create_decoder_handle_or_e_outofmemory,INFERRED,"decoder create thunk arg 0 on error E_OUTOFMEMORY and destroy handle; T1261 region 0x380000-0x3a9000, docs/t1261-naming-region-380000-3a9000.md; T1641 reclassified library (strong), renamed from game_audio_iface_codec_create_decoder_handle_or_e_outofmemory; docs/t1641-libsig-rematch.md"
0x00389247,lib_audio_iface_call_function_on_private_stack_with_8_args,INFERRED,"esp from arg1 pushes args 3-10 calls arg2 ret 0x28; T1261 region 0x380000-0x3a9000, docs/t1261-naming-region-380000-3a9000.md; T1641 reclassified library (strong), renamed from game_audio_iface_call_function_on_private_stack_with_8_args; docs/t1641-libsig-rematch.md"
0x0038926e,lib_audio_iface_call_function_on_private_stack_with_6_args,INFERRED,"esp from arg1 pushes args 3-8 calls arg2 ret 0x20; T1261 region 0x380000-0x3a9000, docs/t1261-naming-region-380000-3a9000.md; T1641 reclassified library (strong), renamed from game_audio_iface_call_function_on_private_stack_with_6_args; docs/t1641-libsig-rematch.md"
0x0038928f,lib_audio_iface_decoder_stream_read_pcm_looping_private_stack_calls_until_buffer_filled,INFERRED,"loops via 8-arg and 6-arg private-stack callers with E_FAIL 0x80004005 and status 4 or 0x80040004 exits; T1261 region 0x380000-0x3a9000, docs/t1261-naming-region-380000-3a9000.md; T1641 reclassified library (strong), renamed from game_audio_iface_decoder_stream_read_pcm_looping_private_stack_calls_until_buffer_filled; docs/t1641-libsig-rematch.md"
0x003893c0,lib_thunk_codec_init_description_cdecl_to_stdcall_zero_extend_result,INFERRED,"pushes two args calls cdecl init then movzx ax ret 8; T1261 region 0x380000-0x3a9000, docs/t1261-naming-region-380000-3a9000.md; T1641 reclassified library (strong), renamed from game_thunk_codec_init_description_cdecl_to_stdcall_zero_extend_result; docs/t1641-libsig-rematch.md"
0x003893e0,lib_thunk_codec_create_encoder_handle_cdecl_to_stdcall,INFERRED,"pushes two args calls encoder create (alloc 0x2c type 0xa) add esp 8 ret 8; T1261 region 0x380000-0x3a9000, docs/t1261-naming-region-380000-3a9000.md; T1641 reclassified library (strong), renamed from game_thunk_codec_create_encoder_handle_cdecl_to_stdcall; docs/t1641-libsig-rematch.md"
0x00389400,lib_thunk_codec_create_decoder_handle_cdecl_to_stdcall,INFERRED,"pushes two args calls decoder create (type 0xb) ret 8; T1261 region 0x380000-0x3a9000, docs/t1261-naming-region-380000-3a9000.md; T1641 reclassified library (strong), renamed from game_thunk_codec_create_decoder_handle_cdecl_to_stdcall; docs/t1641-libsig-rematch.md"
0x00389420,lib_thunk_codec_destroy_encoder_handle_cdecl_to_stdcall,INFERRED,"pushes arg calls encoder destroy ret 4; T1261 region 0x380000-0x3a9000, docs/t1261-naming-region-380000-3a9000.md; T1641 reclassified library (run), renamed from game_thunk_codec_destroy_encoder_handle_cdecl_to_stdcall; docs/t1641-libsig-rematch.md"
0x00389430,lib_thunk_codec_destroy_decoder_handle_cdecl_to_stdcall,INFERRED,"pushes arg calls decoder destroy ret 4; T1261 region 0x380000-0x3a9000, docs/t1261-naming-region-380000-3a9000.md; T1641 reclassified library (run), renamed from game_thunk_codec_destroy_decoder_handle_cdecl_to_stdcall; docs/t1641-libsig-rematch.md"
0x00389650,lib_codec_validate_description_struct_returning_error_codes_0x17ed_to_0x181a,INFERRED,"null checks and field range checks (+8, +0, +0xc vs +0xe vs +0x12, bytes +0x10 and +0x14 at most 7, magic 0xface) returning codes 0x181a 0x17f2 0x17ed 0x1801 0x1806 0x17f7 0x17fc; Jev put it in save, caller 0x38900a; T1504 queue, Jev subsystem hint only; T1641 reclassified library (strong), renamed from game_codec_validate_description_struct_returning_error_codes_0x17ed_to_0x181a; docs/t1641-libsig-rematch.md"
0x003897c0,lib_codec_decoder_validate_description_struct_returning_error_codes_0x17ed_to_0x181a,INFERRED,"magic 0xface and type byte 0xb checks; mirrors named encoder-side validator; error constants 0x17e3 0x181a 0x17f2 0x17ed 0x1801 0x1806; T1261 region 0x380000-0x3a9000, docs/t1261-naming-region-380000-3a9000.md; T1641 reclassified library (strong), renamed from game_codec_decoder_validate_description_struct_returning_error_codes_0x17ed_to_0x181a; docs/t1641-libsig-rematch.md"
0x00389a90,lib_codec_encoder_destroy_free_state_and_handle_clear_pointer,INFERRED,"arg ptr-to-handle magic 0xface type 0xa; frees [+0x24] tag 0x8012 and handle tag 0x8010; errors 0x181a 0x17e3 0x17d4; T1261 region 0x380000-0x3a9000, docs/t1261-naming-region-380000-3a9000.md; T1641 reclassified library (strong), renamed from game_codec_encoder_destroy_free_state_and_handle_clear_pointer; docs/t1641-libsig-rematch.md"
0x00389b10,lib_codec_decoder_destroy_free_state_tables_and_handle_clear_pointer,INFERRED,"magic 0xface type 0xb; frees [+4] of inner tag 0x8011 then inner then [+0x24] tag 0x8012 and handle tag 0x8010; T1261 region 0x380000-0x3a9000, docs/t1261-naming-region-380000-3a9000.md; T1641 reclassified library (strong), renamed from game_codec_decoder_destroy_free_state_tables_and_handle_clear_pointer; docs/t1641-libsig-rematch.md"
0x00389ba0,lib_codec_encoder_create_alloc_0x2c_handle_magic_0xface_type_0xa,INFERRED,"alloc 0x2c tag 0x8010 sets [+0]=0xface [+4]=0x3000003 [+8]=0x3010003 type 0xa; function table allocate; error 0x1770; T1261 region 0x380000-0x3a9000, docs/t1261-naming-region-380000-3a9000.md; T1641 reclassified library (strong), renamed from game_codec_encoder_create_alloc_0x2c_handle_magic_0xface_type_0xa; docs/t1641-libsig-rematch.md"
0x00389c30,lib_codec_decoder_create_alloc_0x2c_handle_magic_0xface_type_0xb,INFERRED,"alloc 0x2c; inner state alloc 9 bytes tag 0x8011; function table allocate; error 0x1770; T1261 region 0x380000-0x3a9000, docs/t1261-naming-region-380000-3a9000.md; T1641 reclassified library (strong), renamed from game_codec_decoder_create_alloc_0x2c_handle_magic_0xface_type_0xb; docs/t1641-libsig-rematch.md"
0x00389ce0,lib_codec_create_function_table_object_with_seven_entries,INFERRED,"allocs 0x1c bytes tag 0x8012 and stores 7 code pointers (decode validate, encoder create, decoder create, destroys); T1261 region 0x380000-0x3a9000, docs/t1261-naming-region-380000-3a9000.md; T1641 reclassified library (strong), renamed from game_codec_create_function_table_object_with_seven_entries; docs/t1641-libsig-rematch.md"
0x00389d3e,lib_audio_decoder_read_pcm_samples_with_refill_and_stream_position_update,INFERRED,"clamps count by buffer size, refills through a callback or game_set_sample_window, copies decoded samples out, updates 64 bit position with __allmul and __alldiv by sample rate; T1504 queue, Jev subsystem hint only; T1641 reclassified library (strong), renamed from game_audio_decoder_read_pcm_samples_with_refill_and_stream_position_update; docs/t1641-libsig-rematch.md"
0x00389f8f,lib_codec_reset_state_clear_buffers_and_set_unity_gain_table,INFERRED,"[+0x28]=3 clears fields; 1/(2n+2) float table at +0x118; zeroes 0x307 dwords at +0x2a0; 8 dwords of 0x3f800000 at +0x1fc; T1261 region 0x380000-0x3a9000, docs/t1261-naming-region-380000-3a9000.md; T1641 reclassified library (strong), renamed from game_codec_reset_state_clear_buffers_and_set_unity_gain_table; docs/t1641-libsig-rematch.md"
0x0038a0fe,lib_audio_decoder_invoke_reset_callback_0xfb8_and_clear_pending_counts_0xf60_0xf64,INFERRED,"calls ctx fn at +0xfb8 with arg +0xf5c then zeroes +0xf64 and +0xf60 on success or no callback; T1261 region 0x380000-0x3a9000, docs/t1261-naming-region-380000-3a9000.md; T1641 reclassified library (strong), renamed from game_audio_decoder_invoke_reset_callback_0xfb8_and_clear_pending_counts_0xf60_0xf64; docs/t1641-libsig-rematch.md"
0x0038a12c,lib_audio_decoder_parse_packet_header_fields_from_bitstream,INFERRED,"four game_read_bits_msb_first calls with widths at +0x9c +0xb0 +0xa2 (escape loop) +0xa8, stores +0xa0 +0xa4 +0xac +0xb4, returns 0x80040004 on overrun; T1261 region 0x380000-0x3a9000, docs/t1261-naming-region-380000-3a9000.md; T1641 reclassified library (strong), renamed from game_audio_decoder_parse_packet_header_fields_from_bitstream; docs/t1641-libsig-rematch.md"
0x0038a27a,lib_audio_decoder_query_remaining_units_by_mode_field_0x30,INFERRED,"out param = +0x280-+0x27c when mode 1 or +0x26c-+0x270 when mode 0 else 0; T1261 region 0x380000-0x3a9000, docs/t1261-naming-region-380000-3a9000.md; T1641 reclassified library (strong), renamed from game_audio_decoder_query_remaining_units_by_mode_field_0x30; docs/t1641-libsig-rematch.md"
0x0038a2b8,lib_shift_pair_f88_to_f80_clear_f9c,MEASURED,"src/game/game_round4_high_c.c replacement proven by tools.replace prove (generated/replace/proof.json); T1641 reclassified library (strong), renamed from game_shift_pair_f88_to_f80_clear_f9c; docs/t1641-libsig-rematch.md"
0x0038a2f1,lib_audio_decoder_bit_reader_refill_accumulator_bytes,INFERRED,"pulls bytes from ptr +8 count +0xc into accumulator +0x10 bit count +0x14 until 0x18 bits, returns 0x80004005 on underflow; T1261 region 0x380000-0x3a9000, docs/t1261-naming-region-380000-3a9000.md; T1641 reclassified library (strong), renamed from game_audio_decoder_bit_reader_refill_accumulator_bytes; docs/t1641-libsig-rematch.md"
0x0038a34c,lib_audio_decoder_bit_reader_seek_to_bit_position,INFERRED,"bit pos/8 plus base sets ptr +8 and remaining +0xc then loads partial byte into +0x10 +0x14, 0x80004005 if negative; T1261 region 0x380000-0x3a9000, docs/t1261-naming-region-380000-3a9000.md; T1641 reclassified library (strong), renamed from game_audio_decoder_bit_reader_seek_to_bit_position; docs/t1641-libsig-rematch.md"
0x0038a411,lib_audio_decoder_check_pending_input_and_set_state_2_or_5,INFERRED,"0x80070057 on null, queries 0x38a27a, sets state +0x28 to 5 or 2, 0x80040004 result; T1261 region 0x380000-0x3a9000, docs/t1261-naming-region-380000-3a9000.md; T1641 reclassified library (strong), renamed from game_audio_decoder_check_pending_input_and_set_state_2_or_5; docs/t1641-libsig-rematch.md"
0x0038a47e,lib_audio_decoder_reset_via_callbacks_0xfb4_and_0xfb8,INFERRED,"calls ctx fn +0xfb4, game decoder reset 0x389f8f, then fn +0xfb8 each with +0xf5c; T1261 region 0x380000-0x3a9000, docs/t1261-naming-region-380000-3a9000.md; T1641 reclassified library (strong), renamed from game_audio_decoder_reset_via_callbacks_0xfb4_and_0xfb8; docs/t1641-libsig-rematch.md"
0x0038a4cd,lib_audio_decoder_begin_packet_parse_header_and_dispatch_state,INFERRED,"calls 0x38a12c header parse then 0x38a47e reset, sets state +0x28 to 1, resets bit reader via 0x38a34c on 9 dword copy; T1261 region 0x380000-0x3a9000, docs/t1261-naming-region-380000-3a9000.md; T1641 reclassified library (strong), renamed from game_audio_decoder_begin_packet_parse_header_and_dispatch_state; docs/t1641-libsig-rematch.md"
0x0038a69f,lib_audio_decoder_read_packet_flag_bit_and_set_next_state,INFERRED,"reads bit from accumulator +0x78/+0x7c via 0x38a2f1 and sets +0x2c/+0x30 and state 8, decrements +0x54, calls 0x38a0fe; T1261 region 0x380000-0x3a9000, docs/t1261-naming-region-380000-3a9000.md; T1641 reclassified library (strong), renamed from game_audio_decoder_read_packet_flag_bit_and_set_next_state; docs/t1641-libsig-rematch.md"
0x0038a789,lib_audio_decoder_read_packet_payload_bits_via_0x38f234_and_update_state,INFERRED,"accumulator +0x7c up to 0x20 bits packed to 4 bytes then 0x38f234 called, updates +0xb8 and returns 0x80040004 on exhaustion; T1261 region 0x380000-0x3a9000, docs/t1261-naming-region-380000-3a9000.md; T1641 reclassified library (strong), renamed from game_audio_decoder_read_packet_payload_bits_via_0x38f234_and_update_state; docs/t1641-libsig-rematch.md"
0x0038a88c,lib_audio_decoder_read_packet_length_field_into_word_0xce,INFERRED,"reads +0xcc bit wide field shifted left 5 into word +0xce, refills via 0x38a2f1; T1261 region 0x380000-0x3a9000, docs/t1261-naming-region-380000-3a9000.md; T1641 reclassified library (strong), renamed from game_audio_decoder_read_packet_length_field_into_word_0xce; docs/t1641-libsig-rematch.md"
0x0038a913,lib_audio_decoder_read_single_flag_bit_into_field_0xc8,INFERRED,"refills reader at +0x68 via 0x38a2f1 then stores top bit of +0x10 into +0xc8 decrementing +0x14; T1261 region 0x380000-0x3a9000, docs/t1261-naming-region-380000-3a9000.md; T1641 reclassified library (strong), renamed from game_audio_decoder_read_single_flag_bit_into_field_0xc8; docs/t1641-libsig-rematch.md"
0x0038a971,lib_audio_decoder_restore_bit_reader_after_packet_and_advance_counters,INFERRED,"copies 9 dword reader from +0x68, calls 0x38a34c seek with +0xb8, decrements +0x58 or resets +0x5c +0x88 and sets +0xf9c; T1261 region 0x380000-0x3a9000, docs/t1261-naming-region-380000-3a9000.md; T1641 reclassified library (strong), renamed from game_audio_decoder_restore_bit_reader_after_packet_and_advance_counters; docs/t1641-libsig-rematch.md"
0x0038a9f7,lib_audio_decoder_read_flag_bit_then_call_callback_0xfbc,INFERRED,"calls 0x38a913, sets +0x2c to 4 or 3 from +0xc8, calls ctx fn +0xfbc; T1261 region 0x380000-0x3a9000, docs/t1261-naming-region-380000-3a9000.md; T1641 reclassified library (strong), renamed from game_audio_decoder_read_flag_bit_then_call_callback_0xfbc; docs/t1641-libsig-rematch.md"
0x0038aa4c,lib_audio_decoder_run_packet_state_machine_on_field_0x2c,INFERRED,"switch on +0x2c with five states calling 0x38a88c 0x38a9f7 0x38a789 and ctx fn +0xfac with 15 args; T1261 region 0x380000-0x3a9000, docs/t1261-naming-region-380000-3a9000.md; T1641 reclassified library (strong), renamed from game_audio_decoder_run_packet_state_machine_on_field_0x2c; docs/t1641-libsig-rematch.md"
0x0038ac98,lib_audio_decoder_process_input_buffer_and_run_state_machine,INFERRED,"null checks, sets bit reader fields +0x68..+0x74, state switch on +0x28 calls 0x38a4cd then 0x38aa4c, handles 0x80040004 and 0x80040002 returns; T1261 region 0x380000-0x3a9000, docs/t1261-naming-region-380000-3a9000.md; T1641 reclassified library (strong), renamed from game_audio_decoder_process_input_buffer_and_run_state_machine; docs/t1641-libsig-rematch.md"
0x0038aeb0,lib_bit_writer_write_object_fields_by_table_4a30fc_to_ring_buffer,INFERRED,"builds the bit context, stores object+0x3c/+0x40 and writes 17 field bytes with the widths of the word table 0x4a30fc..0x4a311e through 0x38f650; T1641 library match; docs/t1508-code-write-isolation.md second pass"
0x0038b0d0,lib_codec_create_state_with_two_tagged_blocks_0x8008_0x8009,INFERRED,"allocs 0x54 byte blocks tags 0x8008 and 0x8009, sets +0x40 +0x44 +0x48, calls init helpers, float 100.0 0x42c80000, returns 1 on alloc failure; T1261 region 0x380000-0x3a9000, docs/t1261-naming-region-380000-3a9000.md; T1641 reclassified library (strong), renamed from game_codec_create_state_with_two_tagged_blocks_0x8008_0x8009; docs/t1641-libsig-rematch.md"
0x0038b1b0,lib_codec_destroy_state_free_blocks_tagged_0x8009_0x8008,INFERRED,"teardown helpers 0x391340 0x3912b0 0x390d30 0x390b70 0x390790 then xmemfree tags 0x8009 and 0x8008; T1261 region 0x380000-0x3a9000, docs/t1261-naming-region-380000-3a9000.md; T1641 reclassified library (strong), renamed from game_codec_destroy_state_free_blocks_tagged_0x8009_0x8008; docs/t1641-libsig-rematch.md"
0x0038b9a0,lib_codec_copy_state_field_subset_between_structs,INFERRED,"copies words +0x40 +0x42 +0x44 and dwords +0xc..+0x28 +0x38 +0x48..+0x50 from arg2 to arg1 and returns 0; T1261 region 0x380000-0x3a9000, docs/t1261-naming-region-380000-3a9000.md; T1641 reclassified library (strong), renamed from game_codec_copy_state_field_subset_between_structs; docs/t1641-libsig-rematch.md"
0x0038bab0,lib_copy_record_rearranged_and_check_sum,MEASURED,"src/game/game_round4_high_b.c replacement proven by tools.replace prove (generated/replace/proof.json); T1641 reclassified library (strong), renamed from game_copy_record_rearranged_and_check_sum; docs/t1641-libsig-rematch.md"
0x0038bc50,lib_codec_alloc_two_tagged_buffers_0x800b_0x800c,INFERRED,"two game_codec_alloc_zeroed_block calls with tags 0x800b and 0x800c; T1261 region 0x380000-0x3a9000, docs/t1261-naming-region-380000-3a9000.md; T1641 reclassified library (strong), renamed from game_codec_alloc_two_tagged_buffers_0x800b_0x800c; docs/t1641-libsig-rematch.md"
0x0038bcc0,lib_codec_free_two_tagged_buffers_0x800c_0x800b,INFERRED,"two game_codec_xmemfree_block calls with tags 0x800c and 0x800b; T1261 region 0x380000-0x3a9000, docs/t1261-naming-region-380000-3a9000.md; T1641 reclassified library (strong), renamed from game_codec_free_two_tagged_buffers_0x800c_0x800b; docs/t1641-libsig-rematch.md"
0x0038bcf0,lib_record_clear_field_0_when_arg2_zero_and_field_4_zero,INFERRED,"26 byte body: zeroes the dword at arg1 when arg2 is zero and arg1+4 is zero; XBE disassembly via capstone on the pinned XBE (tools.name_candidates), docs/t1515-naming-small-bodies.md; T1641 reclassified library (strong), renamed from game_record_clear_field_0_when_arg2_zero_and_field_4_zero; docs/t1641-libsig-rematch.md"
0x0038bd10,lib_codec_alloc_four_tagged_buffers_0x8002_to_0x8005,INFERRED,"alloc calls with tags 0x8005 0x8002 0x8003 0x8004 and init call 0x392910, float 1.0 and 80.0 constants; T1261 region 0x380000-0x3a9000, docs/t1261-naming-region-380000-3a9000.md; T1641 reclassified library (strong), renamed from game_codec_alloc_four_tagged_buffers_0x8002_to_0x8005; docs/t1641-libsig-rematch.md"
0x0038be20,lib_codec_free_four_tagged_buffers_0x8002_to_0x8005,INFERRED,"xmemfree calls with tags 0x8002 0x8003 0x8004 0x8004 0x8005 and 0x392940 teardown; T1261 region 0x380000-0x3a9000, docs/t1261-naming-region-380000-3a9000.md; T1641 reclassified library (strong), renamed from game_codec_free_four_tagged_buffers_0x8002_to_0x8005; docs/t1641-libsig-rematch.md"
0x0038bee0,lib_codec_save_two_0x104_byte_arrays_and_ten_dword_block,INFERRED,"rep movsd 0x41 dwords to +0x1c and +0x20 and 0xa dwords to +0x28, shifts +0x8c/+0x90 to +0x84/+0x88; T1261 region 0x380000-0x3a9000, docs/t1261-naming-region-380000-3a9000.md; T1641 reclassified library (strong), renamed from game_codec_save_two_0x104_byte_arrays_and_ten_dword_block; docs/t1641-libsig-rematch.md"
0x0038c010,lib_bit_reader_read_bits_in_byte_chunks_to_buffer,INFERRED,"loops 0x38f6f0 in 8 bit chunks then remainder; T1261 region 0x380000-0x3a9000, docs/t1261-naming-region-380000-3a9000.md; T1641 reclassified library (strong), renamed from game_bit_reader_read_bits_in_byte_chunks_to_buffer; docs/t1641-libsig-rematch.md"
0x0038c080,lib_codec_validate_description_with_context_magic_0xface,INFERRED,"error codes 0x181a 0x17f2 0x17ed 0x1801 0x1806 0x17f7 0x17fc 0x180b, context magic 0xface check, sibling of 0x389650; T1261 region 0x380000-0x3a9000, docs/t1261-naming-region-380000-3a9000.md; T1641 reclassified library (strong), renamed from game_codec_validate_description_with_context_magic_0xface; docs/t1641-libsig-rematch.md"
0x0038c170,lib_codec_get_byte_field_0x60,INFERRED,"returns byte at +0x60; T1261 region 0x380000-0x3a9000, docs/t1261-naming-region-380000-3a9000.md; T1641 reclassified library (run), renamed from game_codec_get_byte_field_0x60; docs/t1641-libsig-rematch.md"
0x0038c180,lib_codec_get_float_field_0x2c,INFERRED,"fld dword at +0x2c; T1261 region 0x380000-0x3a9000, docs/t1261-naming-region-380000-3a9000.md; T1641 reclassified library (run), renamed from game_codec_get_float_field_0x2c; docs/t1641-libsig-rematch.md"
0x0038c190,lib_codec_get_float_field_0x28,INFERRED,"fld dword at +0x28; T1261 region 0x380000-0x3a9000, docs/t1261-naming-region-380000-3a9000.md; T1641 reclassified library (run), renamed from game_codec_get_float_field_0x28; docs/t1641-libsig-rematch.md"
0x0038c270,lib_codec_alloc_zeroed_block_with_tag_flags_0x21890000,INFERRED,"ORs 0x21890000 into the tag, XMemAlloc, zero fills the block with rep stos; callers six functions of the 0x389 to 0x38b range; T1504 queue, Jev subsystem hint only; T1641 reclassified library (strong), renamed from game_codec_alloc_zeroed_block_with_tag_flags_0x21890000; docs/t1641-libsig-rematch.md"
0x0038c2b0,lib_codec_xmemfree_block_with_tag_flags_0x21890000_default_0x21892000,INFERRED,"null pointer returns, tag zero uses 0x21892000 else ORs 0x21890000, XMemFree; callers functions of the 0x389 to 0x3b range; T1504 queue, Jev subsystem hint only; T1641 reclassified library (strong), renamed from game_codec_xmemfree_block_with_tag_flags_0x21890000_default_0x21892000; docs/t1641-libsig-rematch.md"
0x0038c2e0,lib_audio_dsp_find_nearest_index_in_float_table_4a33b0_64_entries,INFERRED,"21 byte body: game_audio_dsp_find_nearest_value_index(arg, table 0x4a33b0, 0x40); XBE disassembly via capstone on the pinned XBE (tools.name_candidates), docs/t1515-naming-small-bodies.md; T1641 reclassified library (run), renamed from game_audio_dsp_find_nearest_index_in_float_table_4a33b0_64_entries; docs/t1641-libsig-rematch.md"
0x0038c300,lib_audio_dsp_float_table_4a33b0_get_entry_by_index,INFERRED,"21 byte body: calls 0x393480(table 0x4a33b0, 0x40, index); XBE disassembly via capstone on the pinned XBE (tools.name_candidates), docs/t1515-naming-small-bodies.md; T1641 reclassified library (run), renamed from game_audio_dsp_float_table_4a33b0_get_entry_by_index; docs/t1641-libsig-rematch.md"
0x0038cdd7,lib_float_lerp_arrays_by_weight_count_word,INFERRED,"dst[i]=(1.0-w)*a[i]+w*b[i] for count word loop; T1261 region 0x380000-0x3a9000, docs/t1261-naming-region-380000-3a9000.md; T1641 reclassified library (strong), renamed from game_float_lerp_arrays_by_weight_count_word; docs/t1641-libsig-rematch.md"
0x0038d1b7,lib_cpu_probe_cpuid_and_cache_once,INFERRED,"flag at 0x771c08, eflags ID bit 0x200000 toggle test then cpuid leaf 0 and 1 stored 0x771c0c..0x771c24; T1261 region 0x380000-0x3a9000, docs/t1261-naming-region-380000-3a9000.md; T1641 reclassified library (strong), renamed from game_cpu_probe_cpuid_and_cache_once; docs/t1641-libsig-rematch.md"
0x0038d225,lib_cpu_has_sse_feature_bit_25_from_cached_cpuid_edx,INFERRED,"calls 0x38d1b7 then returns (0x771c20 shr 0x19) and 1; T1261 region 0x380000-0x3a9000, docs/t1261-naming-region-380000-3a9000.md; T1641 reclassified library (run), renamed from game_cpu_has_sse_feature_bit_25_from_cached_cpuid_edx; docs/t1641-libsig-rematch.md"
0x0038d236,lib_audio_decoder_find_format_entry_and_compute_frame_size,INFERRED,"linear search 0x11 entries stride 0x10 for word key, size from fields +2 +4 +6 +8 plus +0x1b0..+0x1b4; T1261 region 0x380000-0x3a9000, docs/t1261-naming-region-380000-3a9000.md; T1641 reclassified library (strong), renamed from game_audio_decoder_find_format_entry_and_compute_frame_size; docs/t1641-libsig-rematch.md"
0x0038d5cb,lib_audio_decoder_read_mode_symbol_and_load_format_fields,INFERRED,"huffman decode 0x38f565 then sets +0xd4 +0xd0 +0x1e4 +0x1e6 +0x1e8 from entry and +0xd2 = +0xa / +0xd0; T1261 region 0x380000-0x3a9000, docs/t1261-naming-region-380000-3a9000.md; T1641 reclassified library (strong), renamed from game_audio_decoder_read_mode_symbol_and_load_format_fields; docs/t1641-libsig-rematch.md"
0x0038dac8,lib_audio_decoder_convert_float_samples_to_pcm16_clamped,INFERRED,"float to int via game_ftol_adjust with bounds 0x7fff 0x8000; T1261 region 0x380000-0x3a9000, docs/t1261-naming-region-380000-3a9000.md; T1641 reclassified library (strong), renamed from game_audio_decoder_convert_float_samples_to_pcm16_clamped; docs/t1641-libsig-rematch.md"
0x0038dbbc,lib_audio_decoder_advance_frame_state_copy_history_and_increment_counter_mod_ffff,INFERRED,"copies +0x10c words from +0x198 to +0x158 and increments word +0x1fa modulo 0xffff; T1261 region 0x380000-0x3a9000, docs/t1261-naming-region-380000-3a9000.md; T1641 reclassified library (strong), renamed from game_audio_decoder_advance_frame_state_copy_history_and_increment_counter_mod_ffff; docs/t1641-libsig-rematch.md"
0x0038dda5,lib_set_sample_window,MEASURED,"src/game/game_round4_high_b.c replacement proven by tools.replace prove (generated/replace/proof.json); T1641 reclassified library (strong), renamed from game_set_sample_window; docs/t1641-libsig-rematch.md"
0x0038e3e4,lib_audio_decoder_convert_pcm16_input_to_float_history_buffer,INFERRED,"fild of int16 samples stored as float into circular buffer at +0x260 sized +0x1e0+0x10c; T1261 region 0x380000-0x3a9000, docs/t1261-naming-region-380000-3a9000.md; T1641 reclassified library (strong), renamed from game_audio_decoder_convert_pcm16_input_to_float_history_buffer; docs/t1641-libsig-rematch.md"
0x0038e491,lib_audio_decoder_read_symbol_and_add_entry_size_to_bit_position,INFERRED,"huffman decode 0x38f565 then 0x38d236 size added to bit position, 0x80040004 on exhaustion; T1261 region 0x380000-0x3a9000, docs/t1261-naming-region-380000-3a9000.md; T1641 reclassified library (strong), renamed from game_audio_decoder_read_symbol_and_add_entry_size_to_bit_position; docs/t1641-libsig-rematch.md"
0x0038f234,lib_audio_decoder_append_input_bits_then_parse_frame_updating_bit_position,INFERRED,"calls 0x38c315 and 0x38ef86, +0x268 flag, returns 0x80040004 or 0x80004005; T1261 region 0x380000-0x3a9000, docs/t1261-naming-region-380000-3a9000.md; T1641 reclassified library (strong), renamed from game_audio_decoder_append_input_bits_then_parse_frame_updating_bit_position; docs/t1641-libsig-rematch.md"
0x0038f2e9,lib_audio_decoder_decode_next_frame_into_output_buffer,INFERRED,"null checks, 0x38f0d9 frame parse then 0x38dac8 pcm convert, returns 0x80004005 on failure; T1261 region 0x380000-0x3a9000, docs/t1261-naming-region-380000-3a9000.md; T1641 reclassified library (strong), renamed from game_audio_decoder_decode_next_frame_into_output_buffer; docs/t1641-libsig-rematch.md"
0x0038f367,lib_audio_decoder_decode_next_frame_with_size_scaled_by_word_0x8,INFERRED,"multiplies word +0x8 by arg2 and calls 0x38f2e9; T1261 region 0x380000-0x3a9000, docs/t1261-naming-region-380000-3a9000.md; T1641 reclassified library (strong), renamed from game_audio_decoder_decode_next_frame_with_size_scaled_by_word_0x8; docs/t1641-libsig-rematch.md"
0x0038f387,lib_dot_product_float_arrays_unrolled,INFERRED,"5-way unrolled fld fmul faddp over count word; T1261 region 0x380000-0x3a9000, docs/t1261-naming-region-380000-3a9000.md; T1641 reclassified library (strong), renamed from game_dot_product_float_arrays_unrolled; docs/t1641-libsig-rematch.md"
0x0038f427,lib_copy_dword_array_by_word_count,INFERRED,"rep movsd count*4 bytes; T1261 region 0x380000-0x3a9000, docs/t1261-naming-region-380000-3a9000.md; T1641 reclassified library (strong), renamed from game_copy_dword_array_by_word_count; docs/t1641-libsig-rematch.md"
0x0038f44a,lib_add_float_arrays_to_dest_by_word_count,INFERRED,"dst[i]=a[i]+b[i]; T1261 region 0x380000-0x3a9000, docs/t1261-naming-region-380000-3a9000.md; T1641 reclassified library (strong), renamed from game_add_float_arrays_to_dest_by_word_count; docs/t1641-libsig-rematch.md"
0x0038f477,lib_scale_float_array_by_scalar_to_dest_by_word_count,INFERRED,"dst[i]=a[i]*s; T1261 region 0x380000-0x3a9000, docs/t1261-naming-region-380000-3a9000.md; T1641 reclassified library (strong), renamed from game_scale_float_array_by_scalar_to_dest_by_word_count; docs/t1641-libsig-rematch.md"
0x0038f49d,lib_zero_dword_array_by_word_count,INFERRED,"rep stosd eax=0; T1261 region 0x380000-0x3a9000, docs/t1261-naming-region-380000-3a9000.md; T1641 reclassified library (strong), renamed from game_zero_dword_array_by_word_count; docs/t1641-libsig-rematch.md"
0x0038f4b5,lib_fill_word_array_with_16bit_value_by_word_count,INFERRED,"replicates low 16 bits to dword then rep stosd and stosw; T1261 region 0x380000-0x3a9000, docs/t1261-naming-region-380000-3a9000.md; T1641 reclassified library (strong), renamed from game_fill_word_array_with_16bit_value_by_word_count; docs/t1641-libsig-rematch.md"
0x0038f4e1,lib_fill_dword_array_by_word_count,INFERRED,"rep stosd; T1261 region 0x380000-0x3a9000, docs/t1261-naming-region-380000-3a9000.md; T1641 reclassified library (strong), renamed from game_fill_dword_array_by_word_count; docs/t1641-libsig-rematch.md"
0x0038f4fb,lib_thunk_game_dot_product_float_arrays_unrolled,INFERRED,"pushes three args and calls 0x38f387; T1261 region 0x380000-0x3a9000, docs/t1261-naming-region-380000-3a9000.md; T1641 reclassified library (strong), renamed from game_thunk_game_dot_product_float_arrays_unrolled; docs/t1641-libsig-rematch.md"
0x0038f510,lib_read_bits_msb_first,MEASURED,"src/game/game_round4_high_c.c replacement proven by tools.replace prove (generated/replace/proof.json); T1641 reclassified library (strong), renamed from game_read_bits_msb_first; docs/t1641-libsig-rematch.md"
0x0038f565,lib_audio_decoder_huffman_decode_symbol_from_bitstream,INFERRED,"walks node table reading 2 bits via game_read_bits_msb_first until leaf word with high bit clear, masks 0xfff, 0x80040004 on overrun; T1261 region 0x380000-0x3a9000, docs/t1261-naming-region-380000-3a9000.md; T1641 reclassified library (strong), renamed from game_audio_decoder_huffman_decode_symbol_from_bitstream; docs/t1641-libsig-rematch.md"
0x0038f5db,lib_audio_decoder_read_fixed_width_values_with_bias_into_word_array,INFERRED,"width from log2 of range arg, game_read_bits_msb_first per value plus bias into word array, 0x80040004 on overrun; T1261 region 0x380000-0x3a9000, docs/t1261-naming-region-380000-3a9000.md; T1641 reclassified library (strong), renamed from game_audio_decoder_read_fixed_width_values_with_bias_into_word_array; docs/t1641-libsig-rematch.md"
0x0038f650,lib_bit_writer_write_bits_into_circular_byte_buffer,INFERRED,"ORs shifted value into byte at index word with bit offset byte, wraps at size; T1261 region 0x380000-0x3a9000, docs/t1261-naming-region-380000-3a9000.md; T1641 reclassified library (strong), renamed from game_bit_writer_write_bits_into_circular_byte_buffer; docs/t1641-libsig-rematch.md"
0x0038f6f0,lib_bit_reader_read_bits_from_circular_byte_buffer,INFERRED,"reads up to 8 bits across a byte boundary using mask 1 shl n minus 1, wraps index at size; T1261 region 0x380000-0x3a9000, docs/t1261-naming-region-380000-3a9000.md; T1641 reclassified library (strong), renamed from game_bit_reader_read_bits_from_circular_byte_buffer; docs/t1641-libsig-rematch.md"
0x0038fd50,lib_audio_float_to_log_scale_index_clamped,INFERRED,"clamps to two constants then fldln2 fyl2x scaled and fistp; T1261 region 0x380000-0x3a9000, docs/t1261-naming-region-380000-3a9000.md; T1641 reclassified library (strong), renamed from game_audio_float_to_log_scale_index_clamped; docs/t1641-libsig-rematch.md"
0x0038fdb0,lib_audio_log_scale_index_to_linear_float_via_f2xm1,INFERRED,"fild index scaled then fldl2e f2xm1 fscale; T1261 region 0x380000-0x3a9000, docs/t1261-naming-region-380000-3a9000.md; T1641 reclassified library (strong), renamed from game_audio_log_scale_index_to_linear_float_via_f2xm1; docs/t1641-libsig-rematch.md"
0x0038fde0,lib_thunk_tail_jump_to_391d80_float_piecewise_blend,INFERRED,"5 byte body: single jmp to 0x391d80, a float routine that compares arg1 scaled by constants with arg2 and returns (arg1+arg2) times a constant or branches on args 3 and 4; XBE disassembly via capstone on the pinned XBE (tools.name_candidates), docs/t1515-naming-small-bodies.md; T1641 reclassified library (run), renamed from game_thunk_tail_jump_to_391d80_float_piecewise_blend; docs/t1641-libsig-rematch.md"
0x0038fe40,lib_audio_dsp_float_table_4a5750_8_entries_lookup_split_on_bit_3,INFERRED,"61 byte body: splits bit 3 off the index, looks the rest up with 0x393480 in table 0x4a5750 (8 entries) and stores the float, storing arg2 instead when bit 3 is clear; XBE disassembly via capstone on the pinned XBE (tools.name_candidates), docs/t1515-naming-small-bodies.md; T1641 reclassified library (strong), renamed from game_audio_dsp_float_table_4a5750_8_entries_lookup_split_on_bit_3; docs/t1641-libsig-rematch.md"
0x00390190,lib_audio_dsp_shared_tables_acquire_refcounted,INFERRED,"builds 8 shared tables at 0x771c2c..0x771c48 via FUN_00398148 once and bumps refcount at 0x771c50; T1261 region 0x380000-0x3a9000, docs/t1261-naming-region-380000-3a9000.md; T1641 reclassified library (strong), renamed from game_audio_dsp_shared_tables_acquire_refcounted; docs/t1641-libsig-rematch.md"
0x003903e0,lib_audio_dsp_shared_tables_release_refcounted,INFERRED,"decrements refcount at 0x771c50 and frees the 8 shared tables via FUN_003989c8 at zero; T1261 region 0x380000-0x3a9000, docs/t1261-naming-region-380000-3a9000.md; T1641 reclassified library (strong), renamed from game_audio_dsp_shared_tables_release_refcounted; docs/t1641-libsig-rematch.md"
0x003904b0,lib_audio_dsp_call_398a48_with_result_slot_return_float,INFERRED,"30 byte body: forwards three arguments plus a stack result slot to 0x398a48 and returns the float result slot; XBE disassembly via capstone on the pinned XBE (tools.name_candidates), docs/t1515-naming-small-bodies.md; T1641 reclassified library (strong), renamed from game_audio_dsp_call_398a48_with_result_slot_return_float; docs/t1641-libsig-rematch.md"
0x003904d0,lib_cpu_query_cpuid_feature_info,INFERRED,"executes cpuid leaf 1 and 2 and fills a struct with family model stepping and MMX/SSE/SSE2 flag words (bits 23 25 26); T1261 region 0x380000-0x3a9000, docs/t1261-naming-region-380000-3a9000.md; T1641 reclassified library (strong), renamed from game_cpu_query_cpuid_feature_info; docs/t1641-libsig-rematch.md"
0x00390550,lib_cpu_check_family6_sse_support,INFERRED,"calls cpuid query then returns 0 only when family==6 and the SSE flag is set else -1; T1261 region 0x380000-0x3a9000, docs/t1261-naming-region-380000-3a9000.md; T1641 reclassified library (strong), renamed from game_cpu_check_family6_sse_support; docs/t1641-libsig-rematch.md"
0x00390740,lib_audio_dsp_state_create_tag_800a,INFERRED,"allocs 0x30 byte zeroed block tag 0x800a via game_codec_alloc and clears fields; T1261 region 0x380000-0x3a9000, docs/t1261-naming-region-380000-3a9000.md; T1641 reclassified library (strong), renamed from game_audio_dsp_state_create_tag_800a; docs/t1641-libsig-rematch.md"
0x00390790,lib_audio_dsp_state_destroy_tag_800a,INFERRED,"frees block with tag 0x800a via game_codec_xmemfree; T1261 region 0x380000-0x3a9000, docs/t1261-naming-region-380000-3a9000.md; T1641 reclassified library (strong), renamed from game_audio_dsp_state_destroy_tag_800a; docs/t1641-libsig-rematch.md"
0x00390b10,lib_audio_dsp_state_pair_create_tag_8006_8007,INFERRED,"allocs 0xc block tag 0x8006 then 0x34 block tag 0x8007 stored at +8 and inits float 1000.0; T1261 region 0x380000-0x3a9000, docs/t1261-naming-region-380000-3a9000.md; T1641 reclassified library (strong), renamed from game_audio_dsp_state_pair_create_tag_8006_8007; docs/t1641-libsig-rematch.md"
0x00390b70,lib_audio_dsp_state_pair_destroy_tag_8006_8007,INFERRED,"frees the +8 block tag 0x8007 then the outer block tag 0x8006; T1261 region 0x380000-0x3a9000, docs/t1261-naming-region-380000-3a9000.md; T1641 reclassified library (strong), renamed from game_audio_dsp_state_pair_destroy_tag_8006_8007; docs/t1641-libsig-rematch.md"
0x00390cd0,lib_audio_dsp_get_table_and_count,INFERRED,"stores table pointer 0x4a57a8 and count 0x59 into two out pointers; T1261 region 0x380000-0x3a9000, docs/t1261-naming-region-380000-3a9000.md; T1641 reclassified library (strong), renamed from game_audio_dsp_get_table_and_count; docs/t1641-libsig-rematch.md"
0x00390cf0,lib_audio_dsp_state_create_tag_800e,INFERRED,"allocs 8 byte block tag 0x800e init float 100.0 and zero at +4; T1261 region 0x380000-0x3a9000, docs/t1261-naming-region-380000-3a9000.md; T1641 reclassified library (strong), renamed from game_audio_dsp_state_create_tag_800e; docs/t1641-libsig-rematch.md"
0x00390d30,lib_audio_dsp_state_destroy_tag_800e,INFERRED,"frees block tag 0x800e; T1261 region 0x380000-0x3a9000, docs/t1261-naming-region-380000-3a9000.md; T1641 reclassified library (strong), renamed from game_audio_dsp_state_destroy_tag_800e; docs/t1641-libsig-rematch.md"
0x00391270,lib_audio_dsp_small_state_create_with_param_tag_24,INFERRED,"allocs 0xc block tag 0x24 zeroes +0 +4 stores arg at +8; T1261 region 0x380000-0x3a9000, docs/t1261-naming-region-380000-3a9000.md; T1641 reclassified library (strong), renamed from game_audio_dsp_small_state_create_with_param_tag_24; docs/t1641-libsig-rematch.md"
0x003912b0,lib_audio_dsp_small_state_destroy_tag_24,INFERRED,"frees block tag 0x24 and nulls the holder pointer; T1261 region 0x380000-0x3a9000, docs/t1261-naming-region-380000-3a9000.md; T1641 reclassified library (strong), renamed from game_audio_dsp_small_state_destroy_tag_24; docs/t1641-libsig-rematch.md"
0x003912d0,lib_audio_dsp_ring_buffer_create,INFERRED,"allocs 0xc header (size at +0 pos at +4 data at +8) and size*4 data block both tag 0x24; T1261 region 0x380000-0x3a9000, docs/t1261-naming-region-380000-3a9000.md; T1641 reclassified library (strong), renamed from game_audio_dsp_ring_buffer_create; docs/t1641-libsig-rematch.md"
0x00391340,lib_audio_dsp_ring_buffer_destroy,INFERRED,"frees data block at +8 then header both tag 0x24; T1261 region 0x380000-0x3a9000, docs/t1261-naming-region-380000-3a9000.md; T1641 reclassified library (strong), renamed from game_audio_dsp_ring_buffer_destroy; docs/t1641-libsig-rematch.md"
0x00391370,lib_audio_dsp_ring_buffer_write_floats,INFERRED,"copies count dwords into ring data at pos modulo size with wraparound via rep movsd and advances pos at +4; T1261 region 0x380000-0x3a9000, docs/t1261-naming-region-380000-3a9000.md; T1641 reclassified library (strong), renamed from game_audio_dsp_ring_buffer_write_floats; docs/t1641-libsig-rematch.md"
0x00391410,lib_audio_dsp_ring_buffer_read_delayed_floats,INFERRED,"reads count dwords from ring at (pos minus delay) modulo size with wraparound; T1261 region 0x380000-0x3a9000, docs/t1261-naming-region-380000-3a9000.md; T1641 reclassified library (strong), renamed from game_audio_dsp_ring_buffer_read_delayed_floats; docs/t1641-libsig-rematch.md"
0x00391540,lib_audio_dsp_apply_symmetric_window,INFERRED,"multiplies float input by window mirrored from both ends of the block (two outputs one from each end); T1261 region 0x380000-0x3a9000, docs/t1261-naming-region-380000-3a9000.md; T1641 reclassified library (strong), renamed from game_audio_dsp_apply_symmetric_window; docs/t1641-libsig-rematch.md"
0x00391630,lib_audio_dsp_deinterleave_stereo_floats,INFERRED,"splits interleaved dword stream into two output arrays unrolled by 4; T1261 region 0x380000-0x3a9000, docs/t1261-naming-region-380000-3a9000.md; T1641 reclassified library (strong), renamed from game_audio_dsp_deinterleave_stereo_floats; docs/t1641-libsig-rematch.md"
0x003916d0,lib_audio_dsp_apply_cosine_window_in_place,INFERRED,"builds window from fcos recurrence with constants and multiplies both halves of buffer in place; T1261 region 0x380000-0x3a9000, docs/t1261-naming-region-380000-3a9000.md; T1641 reclassified library (strong), renamed from game_audio_dsp_apply_cosine_window_in_place; docs/t1641-libsig-rematch.md"
0x00391850,lib_audio_dsp_apply_cosine_window_for_length,INFERRED,"wrapper computing 1/n based params from float consts then calls FUN_003916d0; T1261 region 0x380000-0x3a9000, docs/t1261-naming-region-380000-3a9000.md; T1641 reclassified library (strong), renamed from game_audio_dsp_apply_cosine_window_for_length; docs/t1641-libsig-rematch.md"
0x00391890,lib_audio_dsp_scale_float_vector,INFERRED,"multiplies each float by a scalar unrolled by 4 and stores to dest; T1261 region 0x380000-0x3a9000, docs/t1261-naming-region-380000-3a9000.md; T1641 reclassified library (strong), renamed from game_audio_dsp_scale_float_vector; docs/t1641-libsig-rematch.md"
0x00391e20,lib_audio_dsp_pitch_lag_search_correlation,INFERRED,"searches lags 8..160 (frame 0xa0) keeping max of FUN_003904b0 correlation score then refines and normalises by sqrt; T1261 region 0x380000-0x3a9000, docs/t1261-naming-region-380000-3a9000.md; T1641 reclassified library (strong), renamed from game_audio_dsp_pitch_lag_search_correlation; docs/t1641-libsig-rematch.md"
0x00391fa0,lib_math_asin_f32_array,INFERRED,"loops count calling game_crt_asin_entry_check_exponent_word_then_core on each float in place; T1261 region 0x380000-0x3a9000, docs/t1261-naming-region-380000-3a9000.md; T1641 reclassified library (strong), renamed from game_math_asin_f32_array; docs/t1641-libsig-rematch.md"
0x00391fd0,lib_math_sin_f32_array,INFERRED,"loops count applying fsin to each float from src to dst; T1261 region 0x380000-0x3a9000, docs/t1261-naming-region-380000-3a9000.md; T1641 reclassified library (strong), renamed from game_math_sin_f32_array; docs/t1641-libsig-rematch.md"
0x00392910,lib_audio_codec_alloc_0x14_block_tag_0x800d_set_field_0x10_five_return_status,INFERRED,"47 byte body: game_codec_alloc_zeroed_block_with_tag_flags(0x14, 0x800d) stored through the out pointer, sets +0x10 to 5.0f, returns 0 or 1 when the allocation fails; XBE disassembly via capstone on the pinned XBE (tools.name_candidates), docs/t1515-naming-small-bodies.md; T1641 reclassified library (strong), renamed from game_audio_codec_alloc_0x14_block_tag_0x800d_set_field_0x10_five_return_status; docs/t1641-libsig-rematch.md"
0x00392940,lib_audio_codec_free_block_pointed_by_arg_tag_0x800d,INFERRED,"25 byte body: frees the block pointed to by *arg with game_codec_xmemfree_block_with_tag_flags tag 0x800d when non null; XBE disassembly via capstone on the pinned XBE (tools.name_candidates), docs/t1515-naming-small-bodies.md; T1641 reclassified library (strong), renamed from game_audio_codec_free_block_pointed_by_arg_tag_0x800d; docs/t1641-libsig-rematch.md"
0x00393030,lib_audio_convert_float_to_int16_array,INFERRED,"fistp each float to a 16 bit store in dest array; T1261 region 0x380000-0x3a9000, docs/t1261-naming-region-380000-3a9000.md; T1641 reclassified library (strong), renamed from game_audio_convert_float_to_int16_array; docs/t1641-libsig-rematch.md"
0x00393380,lib_audio_dsp_find_nearest_value_index,INFERRED,"returns index of table float with minimum squared difference to input unrolled by 4; T1261 region 0x380000-0x3a9000, docs/t1261-naming-region-380000-3a9000.md; T1641 reclassified library (strong), renamed from game_audio_dsp_find_nearest_value_index; docs/t1641-libsig-rematch.md"
0x00393480,lib_audio_dsp_float_table_get_entry_or_first_when_index_ge_count,INFERRED,"28 byte body: returns table[index] as a float when index is below the count, else table[0]; XBE disassembly via capstone on the pinned XBE (tools.name_candidates), docs/t1515-naming-small-bodies.md; T1641 reclassified library (strong), renamed from game_audio_dsp_float_table_get_entry_or_first_when_index_ge_count; docs/t1641-libsig-rematch.md"
0x0039349c,lib_math_fabs_f64,INFERRED,"fld qword then fabs and ret; T1261 region 0x380000-0x3a9000, docs/t1261-naming-region-380000-3a9000.md; T1641 reclassified library (run), renamed from game_math_fabs_f64; docs/t1641-libsig-rematch.md"
0x003934a3,lib_math_cos_f64,INFERRED,"fld qword then fcos and ret; T1261 region 0x380000-0x3a9000, docs/t1261-naming-region-380000-3a9000.md; T1641 reclassified library (run), renamed from game_math_cos_f64; docs/t1641-libsig-rematch.md"
0x003934aa,lib_math_pow_f64_two_stack_doubles_via_crt_pow_thunk,INFERRED,"14 byte body: loads two doubles from the stack and calls game_crt_pow_jump_thunk_to_3c8c66; XBE disassembly via capstone on the pinned XBE (tools.name_candidates), docs/t1515-naming-small-bodies.md; T1641 reclassified library (run), renamed from game_math_pow_f64_two_stack_doubles_via_crt_pow_thunk; docs/t1641-libsig-rematch.md"
0x003934b8,lib_math_sqrt_f64,INFERRED,"fld qword then fsqrt and ret; T1261 region 0x380000-0x3a9000, docs/t1261-naming-region-380000-3a9000.md; T1641 reclassified library (run), renamed from game_math_sqrt_f64; docs/t1641-libsig-rematch.md"
0x003934bf,lib_audio_dsp_multiply_complex_spectra_packed_128,INFERRED,"real DC term then 63 complex pair multiplies (ac-bd ad+bc) then real Nyquist term over 128 floats; T1261 region 0x380000-0x3a9000, docs/t1261-naming-region-380000-3a9000.md; T1641 reclassified library (strong), renamed from game_audio_dsp_multiply_complex_spectra_packed_128; docs/t1641-libsig-rematch.md"
0x0039419e,lib_audio_codec_unpack_and_dequantize_vq_4stage,INFERRED,"requires stage count 4 at 0x4a59bc else returns 0x80004005 reads bit fields via FUN_0038f5db then calls FUN_00394fd7; T1261 region 0x380000-0x3a9000, docs/t1261-naming-region-380000-3a9000.md; T1641 reclassified library (strong), renamed from game_audio_codec_unpack_and_dequantize_vq_4stage; docs/t1641-libsig-rematch.md"
0x00394b56,lib_audio_codec_pseudo_random_lcg_step,INFERRED,"multiplies by 0x757 mod 0xffff and mixes with constant 0xc34b and 1000 to make a bounded noise value; T1261 region 0x380000-0x3a9000, docs/t1261-naming-region-380000-3a9000.md; T1641 reclassified library (strong), renamed from game_audio_codec_pseudo_random_lcg_step; docs/t1641-libsig-rematch.md"
0x00394f4e,lib_audio_codec_split_vq_index_with_signs,INFERRED,"splits packed index into 1 or 2 sub indices by power of two mask and derives +1/-1 signs; T1261 region 0x380000-0x3a9000, docs/t1261-naming-region-380000-3a9000.md; T1641 reclassified library (strong), renamed from game_audio_codec_split_vq_index_with_signs; docs/t1641-libsig-rematch.md"
0x00394fd7,lib_audio_codec_vq_accumulate_codebook_vectors,INFERRED,"zeroes output then sums scaled byte codebook entries (fild times scale plus offset) across stages; T1261 region 0x380000-0x3a9000, docs/t1261-naming-region-380000-3a9000.md; T1641 reclassified library (strong), renamed from game_audio_codec_vq_accumulate_codebook_vectors; docs/t1641-libsig-rematch.md"
0x003951d0,lib_copy_table_entry_wrapped,MEASURED,"src/game/game_small_logic_180000.c replacement proven by tools.replace prove (generated/replace/proof.json); T1641 reclassified library (strong), renamed from game_copy_table_entry_wrapped; docs/t1641-libsig-rematch.md"
0x00395628,lib_fft_dispatch_by_length_checked,INFERRED,"null args return -8 nonpositive length -6 and picks FUN_0039b7e0 or FUN_0039c1d0 or FUN_003956c8 at 0x800 and 0x1000 thresholds; T1261 region 0x380000-0x3a9000, docs/t1261-naming-region-380000-3a9000.md; T1641 reclassified library (strong), renamed from game_fft_dispatch_by_length_checked; docs/t1641-libsig-rematch.md"
0x00395858,lib_fft_butterfly_complex_pair_add_sub,INFERRED,"SSE scalar out0=a0+a2 out2=a0-a2 out1=a1+a3 out3=a1-a3 on 16 aligned stack; T1261 region 0x380000-0x3a9000, docs/t1261-naming-region-380000-3a9000.md; T1641 reclassified library (strong), renamed from game_fft_butterfly_complex_pair_add_sub; docs/t1641-libsig-rematch.md"
0x003958a8,lib_fft_butterfly_complex_pair_add_sub_scaled,INFERRED,"same as add_sub butterfly but each output multiplied by a scalar arg; T1261 region 0x380000-0x3a9000, docs/t1261-naming-region-380000-3a9000.md; T1641 reclassified library (strong), renamed from game_fft_butterfly_complex_pair_add_sub_scaled; docs/t1641-libsig-rematch.md"
0x00397888,lib_fft_butterfly_real_pair_add_sub,INFERRED,"SSE out0=a0+a1 out1=a0-a1 on 16 aligned stack; T1261 region 0x380000-0x3a9000, docs/t1261-naming-region-380000-3a9000.md; T1641 reclassified library (strong), renamed from game_fft_butterfly_real_pair_add_sub; docs/t1641-libsig-rematch.md"
0x00397f68,lib_fft_plan_init_by_order,INFERRED,"order<=9 uses FUN_0039cb54 else FUN_0039ca54 then allocs twiddle state via FUN_0039d704 or FUN_0039de64 and error -9; T1261 region 0x380000-0x3a9000, docs/t1261-naming-region-380000-3a9000.md; T1641 reclassified library (strong), renamed from game_fft_plan_init_by_order; docs/t1641-libsig-rematch.md"
0x00398078,lib_dsp_state_destroy_free_eleven_buffers_fields_0x1c_to_0x48,INFERRED,"null-checks and frees 11 pointer fields 0x1c..0x48 through game_aligned_free (0x39e3c4), clears tag at +0 then frees the struct; T1261 region 0x380000-0x3a9000, docs/t1261-naming-region-380000-3a9000.md; T1641 reclassified library (strong), renamed from game_dsp_state_destroy_free_eleven_buffers_fields_0x1c_to_0x48; docs/t1641-libsig-rematch.md"
0x00398148,lib_dsp_state_create_tag_6_alloc_0x4c_with_log2_size_0_to_30_and_mode_1_2_4_8,INFERRED,"allocs 0x4c bytes via aligned alloc, tag 6 at +0, log2 size at +4 range-checked 0..0x1e, switch on mode 8/4/1/2, frees via 0x398078 on bad mode (-16), returns -15 on range error; T1261 region 0x380000-0x3a9000, docs/t1261-naming-region-380000-3a9000.md; T1641 reclassified library (strong), renamed from game_dsp_state_create_tag_6_alloc_0x4c_with_log2_size_0_to_30_and_mode_1_2_4_8; docs/t1641-libsig-rematch.md"
0x00398988,lib_dsp_state_get_field_0x18_checked_tag_6,INFERRED,"returns -8 on null, -17 if tag at +0 is not 6, else stores dword at +0x18 to out arg, ret 8; T1261 region 0x380000-0x3a9000, docs/t1261-naming-region-380000-3a9000.md; T1641 reclassified library (strong), renamed from game_dsp_state_get_field_0x18_checked_tag_6; docs/t1641-libsig-rematch.md"
0x003989c8,lib_dsp_state_destroy_checked_tag_6,INFERRED,"null returns -8, tag at +0 not 6 returns -17, else calls 0x398078 free, ret 4; T1261 region 0x380000-0x3a9000, docs/t1261-naming-region-380000-3a9000.md; T1641 reclassified library (strong), renamed from game_dsp_state_destroy_checked_tag_6; docs/t1641-libsig-rematch.md"
0x00398e70,lib_audio_dsp_constant_over_arg_scaled_to_int_clamped_to_arg2,INFERRED,"43 byte body: computes a constant divided by the float argument times a constant, converts to int with fistp and returns the minimum with arg2; XBE disassembly via capstone on the pinned XBE (tools.name_candidates), docs/t1515-naming-small-bodies.md; T1641 reclassified library (strong), renamed from game_audio_dsp_constant_over_arg_scaled_to_int_clamped_to_arg2; docs/t1641-libsig-rematch.md"
0x0039a6e0,lib_math_log2_f32_via_fxtract,INFERRED,"fld arg, fxtract, faddp, fld1, fsubp, ret: exponent plus significand minus 1; T1261 region 0x380000-0x3a9000, docs/t1261-naming-region-380000-3a9000.md; T1641 reclassified library (run), renamed from game_math_log2_f32_via_fxtract; docs/t1641-libsig-rematch.md"
0x0039aa20,lib_dsp_find_local_maxima_indices_in_float_array_up_to_max_count,INFERRED,"loop compares x[i] against x[i-1] and x[i+1], stores index to out array, stops at max count, writes found count; T1261 region 0x380000-0x3a9000, docs/t1261-naming-region-380000-3a9000.md; T1641 reclassified library (strong), renamed from game_dsp_find_local_maxima_indices_in_float_array_up_to_max_count; docs/t1641-libsig-rematch.md"
0x0039ad20,lib_dsp_float_array_to_masked_byte_values_scale_offset,INFERRED,"loop (x+const 0x475ce4)*const 0x4b2864, fistp, and 0xff, stores dword; T1261 region 0x380000-0x3a9000, docs/t1261-naming-region-380000-3a9000.md; T1641 reclassified library (strong), renamed from game_dsp_float_array_to_masked_byte_values_scale_offset; docs/t1641-libsig-rematch.md"
0x0039c130,lib_memory_prefetch_range_nta_in_4k_blocks,INFERRED,"touches first and last byte per 0x1000 block then prefetchnta every 0x20 bytes (0x80 times per block); T1261 region 0x380000-0x3a9000, docs/t1261-naming-region-380000-3a9000.md; T1641 reclassified library (strong), renamed from game_memory_prefetch_range_nta_in_4k_blocks; docs/t1641-libsig-rematch.md"
0x0039d174,lib_audio_dsp_call_39cef4_with_aligned_frame_arg_block_field_0x24_flag_1,INFERRED,"65 byte body: aligns the stack to 16, builds a 6 dword argument block (three args, arg0+0x24, a fourth arg, flag 1) and calls 0x39cef4; XBE disassembly via capstone on the pinned XBE (tools.name_candidates), docs/t1515-naming-small-bodies.md; T1641 reclassified library (strong), renamed from game_audio_dsp_call_39cef4_with_aligned_frame_arg_block_field_0x24_flag_1; docs/t1641-libsig-rematch.md"
0x0039d1c4,lib_audio_dsp_call_39d034_with_aligned_frame_arg_block_field_0x24_flag_1,INFERRED,"65 byte body: aligns the stack to 16, builds a 6 dword argument block (three args, arg0+0x24, a fourth arg, flag 1) and calls 0x39d034; XBE disassembly via capstone on the pinned XBE (tools.name_candidates), docs/t1515-naming-small-bodies.md; T1641 reclassified library (strong), renamed from game_audio_dsp_call_39d034_with_aligned_frame_arg_block_field_0x24_flag_1; docs/t1641-libsig-rematch.md"
0x0039da94,lib_audio_dsp_when_table_54d37c_entry_zero_call_39d174_with_bit_mask,INFERRED,"107 byte body: when the dword at 0x54d37c + 4*index is zero builds a 1<<index mask and calls 0x39d174 (otherwise another path); XBE disassembly via capstone on the pinned XBE (tools.name_candidates), docs/t1515-naming-small-bodies.md; T1641 reclassified library (strong), renamed from game_audio_dsp_when_table_54d37c_entry_zero_call_39d174_with_bit_mask; docs/t1641-libsig-rematch.md"
0x0039ddf4,lib_audio_dsp_when_table_54d37c_entry_zero_call_39d1c4_with_bit_mask,INFERRED,"107 byte body: when the dword at 0x54d37c + 4*index is zero builds a 1<<index mask and calls 0x39d1c4 (otherwise another path); XBE disassembly via capstone on the pinned XBE (tools.name_candidates), docs/t1515-naming-small-bodies.md; T1641 reclassified library (strong), renamed from game_audio_dsp_when_table_54d37c_entry_zero_call_39d1c4_with_bit_mask; docs/t1641-libsig-rematch.md"
0x0039e344,lib_aligned_alloc_32_bytes_for_count_bytes_storing_raw_pointer_before_block,INFERRED,"_malloc of count plus 0x24, aligns to 32 bytes and stores the raw pointer at -4, returns null for count at most zero; six callers in the 0x398 to 0x39d range; T1504 queue, Jev subsystem hint only; T1641 reclassified library (strong), renamed from game_aligned_alloc_32_bytes_for_count_bytes_storing_raw_pointer_before_block; docs/t1641-libsig-rematch.md"
0x0039e384,lib_aligned_alloc_32_bytes_for_count_times_4_floats_storing_raw_pointer_before_block,INFERRED,"_malloc of count times 4 plus 0x24, aligns to 32 bytes and stores the raw pointer at -4, returns null for count at most zero; callers 0x39ca54 and 0x39cb54; T1504 queue, Jev subsystem hint only; T1641 reclassified library (strong), renamed from game_aligned_alloc_32_bytes_for_count_times_4_floats_storing_raw_pointer_before_block; docs/t1641-libsig-rematch.md"
0x0039e3c4,lib_aligned_free_block_via_raw_pointer_stored_before_block,INFERRED,"null-checks, loads raw pointer at [p-4], calls 0x3c9f04, pairs with the existing game_aligned_alloc_32_bytes names at 0x39e344 and 0x39e384; T1261 region 0x380000-0x3a9000, docs/t1261-naming-region-380000-3a9000.md; T1641 reclassified library (strong), renamed from game_aligned_free_block_via_raw_pointer_stored_before_block; docs/t1641-libsig-rematch.md"
0x003a5390,lib_dsp_scale_float_array_in_place_by_scalar_sse,INFERRED,"shufps broadcast of scalar arg, mulps over 8 floats per iteration with aligned (movaps) and unaligned (movups) paths, scalar tail; T1261 region 0x380000-0x3a9000, docs/t1261-naming-region-380000-3a9000.md; T1641 reclassified library (strong), renamed from game_dsp_scale_float_array_in_place_by_scalar_sse; docs/t1641-libsig-rematch.md"
0x003a6750,lib_dsp_apply_geometric_gain_ramp_to_float_array,INFERRED,"out[i]=in[i]*g with g multiplied by the ratio arg each element, 4x unrolled, initial g from 0x475c78; T1261 region 0x380000-0x3a9000, docs/t1261-naming-region-380000-3a9000.md; T1641 reclassified library (strong), renamed from game_dsp_apply_geometric_gain_ramp_to_float_array; docs/t1641-libsig-rematch.md"
0x003a67dc,lib_math_vector_max_checked_args_wrapper_calling_3a98a0,INFERRED,"76 byte body: null and length checked wrapper (ret 0xc, returns 0) that calls game_math_vector_max_of_float_array_sse_with_alignment_prologue_and_prefetch; XBE disassembly via capstone on the pinned XBE (tools.name_candidates), docs/t1515-naming-small-bodies.md; T1641 reclassified library (strong), renamed from game_math_vector_max_checked_args_wrapper_calling_3a98a0; docs/t1641-libsig-rematch.md"
0x003a6a31,lib_dsp_max_of_float_array_sse_return_in_st0,INFERRED,"movaps/maxps accumulation over 8 floats per iteration with prefetchnta, horizontal maxps via shufps 0x93, returns in st0; T1261 region 0x380000-0x3a9000, docs/t1261-naming-region-380000-3a9000.md; T1641 reclassified library (strong), renamed from game_dsp_max_of_float_array_sse_return_in_st0; docs/t1641-libsig-rematch.md"
0x003a6e40,lib_dsp_fill_float_array_range_with_scaled_integer_from_helper_0x3a9c60,INFERRED,"loop from index lo to hi calls 0x3a9c60 with a seed arg, fild, fmul const 0x4b2cf0, stores float; T1261 region 0x380000-0x3a9000, docs/t1261-naming-region-380000-3a9000.md; T1641 reclassified library (strong), renamed from game_dsp_fill_float_array_range_with_scaled_integer_from_helper_0x3a9c60; docs/t1641-libsig-rematch.md"
0x003a9040,lib_math_sse_complex_butterfly_over_four_float_arrays_with_aligned_and_unaligned_paths_and_prefetch,INFERRED,"566 bytes, tests 16 byte alignment of the pointer arguments, movaps and movups mulps addps subps butterfly over four arrays with prefetchnta, no direct caller found; docs/t1261-naming-region-3a9000-3e0000.md; T1641 reclassified library (strong), renamed from game_math_sse_complex_butterfly_over_four_float_arrays_with_aligned_and_unaligned_paths_and_prefetch; docs/t1641-libsig-rematch.md"
0x003a98a0,lib_math_vector_max_of_float_array_sse_with_alignment_prologue_and_prefetch,INFERRED,"stdcall (array, count, out), maxss alignment prologue then maxps loops over 16 floats with prefetcht0 and a horizontal reduction with shufps, stores one float, caller 3a67dc; docs/t1261-naming-region-3a9000-3e0000.md; T1641 reclassified library (strong), renamed from game_math_vector_max_of_float_array_sse_with_alignment_prologue_and_prefetch; docs/t1641-libsig-rematch.md"
0x003a9c60,lib_fesl_park_miller_minimal_standard_rng_step_state_by_pointer,INFERRED,"multiplier 0x41a7 (16807) with mask 0x7fffffff on *arg, Schrage style 16 bit split, no callee, caller 3a6e40; docs/t1261-naming-region-3a9000-3e0000.md; T1641 reclassified library (strong), renamed from game_fesl_park_miller_minimal_standard_rng_step_state_by_pointer; docs/t1641-libsig-rematch.md"
0x003c848c,lib_ftol_adjust,MEASURED,"src/game/ftol_helper.c replacement proven by tools.replace prove (generated/replace/proof.json); T1641 reclassified library (strong), renamed from game_ftol_adjust; docs/t1641-libsig-rematch.md"
0x003c8a84,lib_crt_atexit_table_grow_via_realloc_and_heap_size_globals_7eb844_7eb848,INFERRED,"calls the heap realloc path and 3cc96b, caller _atexit 3c8b06; docs/t1261-naming-region-3a9000-3e0000.md; T1641 reclassified library (strong), renamed from game_crt_atexit_table_grow_via_realloc_and_heap_size_globals_7eb844_7eb848; docs/t1641-libsig-rematch.md"
0x003c8b18,lib_crt_onexit_table_init_alloc_32_entries,INFERRED,"slot 1 of the CRT C-initializer run 0x4b8550 (slot 0 is 0x412f7d, slots 2 and 3 are the other CRT init thunks); mallocs 0x80 bytes (32 pointers) into global 0x7eb848, zeroes the first entry, copies the pointer to 0x7eb844 (onexit begin and end) and returns 0 or 0x18 when malloc fails, the MSVC __onexitinit shape; docs/t1472-function-addition-names.md; T1641 reclassified library (strong), renamed from game_crt_onexit_table_init_alloc_32_entries; docs/t1641-libsig-rematch.md"
0x003c8b8a,lib_crt_eh_vector_constructor_iterator_unwind_funclet_calling_ArrayUnwind_unless_completed,INFERRED,"tests [ebp-0x20] and calls ?__ArrayUnwind@@YGXPAXIHP6EX0@Z@Z with the iterator arguments, owner ??_L; docs/t1261-naming-region-3a9000-3e0000.md; T1641 reclassified library (run), renamed from game_crt_eh_vector_constructor_iterator_unwind_funclet_calling_ArrayUnwind_unless_completed; docs/t1641-libsig-rematch.md"
0x003c8bf5,lib_crt_cxx_catch_funclet_restore_esp_from_ebp_minus_0x18_jump_to_seh_epilog_tail,INFERRED,"revised from game_crt_cxx_catch_funclet_restore_esp_from_ebp_minus_0x18_jump_to (T1473 rename review T1513): dangling to; target runs trylevel clear and SEH epilog; table 0x4b6ad8 slot 0; mov esp,[ebp-0x18] then jmp 0x3c8bc5 which clears the trylevel and runs __SEH_epilog; neighbour code compares exception code 0xe06d7363 (C++ throw). CRT, INFERRED; docs/t1472-function-addition-names.md; renamed T1473 from game_crt_cxx_catch_funclet_restore_esp_from_ebp_minus_0x18_jump_to_3c8bc5: owning subsystem is the name prefix, data address stays in evidence; T1641 reclassified library (run), renamed from game_crt_cxx_catch_funclet_restore_esp_from_ebp_minus_0x18_jump_to_seh_epilog_tail; docs/t1641-libsig-rematch.md"
0x003c8c48,lib_crt_eh_vector_destructor_iterator_unwind_funclet_calling_ArrayUnwind_unless_completed,INFERRED,"tests [ebp-0x1c] and calls ?__ArrayUnwind@@YGXPAXIHP6EX0@Z@Z with the iterator arguments, owner ??_M; docs/t1261-naming-region-3a9000-3e0000.md; T1641 reclassified library (run), renamed from game_crt_eh_vector_destructor_iterator_unwind_funclet_calling_ArrayUnwind_unless_completed; docs/t1641-libsig-rematch.md"
0x003c8c64,lib_crt_pow_jump_thunk_to_3c8c66,INFERRED,"jmp 3c8c66, callers game noise and texture code; docs/t1261-naming-region-3a9000-3e0000.md; T1641 reclassified library (run), renamed from game_crt_pow_jump_thunk_to_3c8c66; docs/t1641-libsig-rematch.md"
0x003c8c66,lib_crt_pow_wrapper_swapping_x87_arguments_and_calling_pow_core,INFERRED,"fxch, stores both doubles on the stack and calls game_crt_pow_core_with_powhlp_and_one_arg_error_handlers; docs/t1261-naming-region-3a9000-3e0000.md; T1641 reclassified library (strong), renamed from game_crt_pow_wrapper_swapping_x87_arguments_and_calling_pow_core; docs/t1641-libsig-rematch.md"
0x003c8c88,lib_crt_pow_core_with_powhlp_and_one_arg_error_handlers,INFERRED,"x87_control_word_for, __fload_withFB, __powhlp, game_crt_math_one_arg_error_handler_by_error_type_with_value_tables; caller 0x3c8c66; T1504 queue, Jev subsystem hint only; T1641 reclassified library (run), renamed from game_crt_pow_core_with_powhlp_and_one_arg_error_handlers; docs/t1641-libsig-rematch.md"
0x003c8e4d,lib_crt_pow_exponent_integer_and_odd_classification_via_frndint_compare_into_cl,INFERRED,"frndint and fcomp set cl to 0, then multiplies by the constant at 54d7d0 and compares again, caller pow core 3c8c88; docs/t1261-naming-region-3a9000-3e0000.md; T1641 reclassified library (run), renamed from game_crt_pow_exponent_integer_and_odd_classification_via_frndint_compare_into_cl; docs/t1641-libsig-rematch.md"
0x003c8f64,lib_crt_purecall_call_handler_or_amsg_exit_25,INFERRED,"slot 2 of the vtable run 0x4766c8 (a four-slot class vtable used by the named game_net_create_local_session_object_ipv4_info_copy and game_net_session_create_object_slot_counts_host_flag); body loads function pointer global 0x772984, calls it when set, then pushes 0x19 (_RT_PUREVIRT) and calls __amsg_exit, the MSVC _purecall shape for a pure virtual slot; docs/t1472-function-addition-names.md; T1641 reclassified library (run), renamed from game_crt_purecall_call_handler_or_amsg_exit_25; docs/t1641-libsig-rematch.md"
0x003c9352,lib_crt_cxx_eh_list_772988_contains_value_returns_zero_when_found,INFERRED,"walks the singly linked list at 0x772988 for the value arg, returns 0 on match else 1; caller 0x3cd46b; T1504 queue, Jev subsystem hint only; T1641 reclassified library (strong), renamed from game_crt_cxx_eh_list_772988_contains_value_returns_zero_when_found; docs/t1641-libsig-rematch.md"
0x003c94d6,lib_crt_local_unwind2_save_registration_state_to_global_54d7e0,INFERRED,"stores arg, eax and ebp into the three words of 0x54d7e0 (+8, +4, +0xc), ret 4; caller __local_unwind2; T1504 queue, Jev subsystem hint only; T1641 reclassified library (run), renamed from game_crt_local_unwind2_save_registration_state_to_global_54d7e0; docs/t1641-libsig-rematch.md"
0x003c9546,lib_crt_leaf_find_byte_003c9546,MEASURED,"src/game/crt_leaves.c replacement proven by tools.replace prove (generated/replace/proof.json); T1641 reclassified library (strong), renamed from crt_leaf_find_byte_003c9546; docs/t1641-libsig-rematch.md"
0x003c9c6f,lib_crt_atof_skipping_leading_whitespace_via_class_lookup_then_string_to_double,INFERRED,"class lookup 3c9c4e with mask 8 skips whitespace then strlen and 3ce6c5, loads the result double, caller game sound pad level parse; docs/t1261-naming-region-3a9000-3e0000.md; T1641 reclassified library (strong), renamed from game_crt_atof_skipping_leading_whitespace_via_class_lookup_then_string_to_double; docs/t1641-libsig-rematch.md"
0x003c9cc4,lib_crt_acos_wrapper_saving_x87_arg_and_calling_core_with_exponent_word,INFERRED,"stores st0 on the stack, calls x87_exponent_word 3cce80 then acos core 3c9ce1, callers game math and camera code; docs/t1261-naming-region-3a9000-3e0000.md; T1641 reclassified library (strong), renamed from game_crt_acos_wrapper_saving_x87_arg_and_calling_core_with_exponent_word; docs/t1641-libsig-rematch.md"
0x003c9ce1,lib_crt_acos_core_x87_with_range_check_and_math_error_handler,INFERRED,"strings acos, x87_control_word_for, __startOneArgErrorHandling and constant 0x54dd3c; caller 0x3c9cc4; T1504 queue, Jev subsystem hint only; T1641 reclassified library (run), renamed from game_crt_acos_core_x87_with_range_check_and_math_error_handler; docs/t1641-libsig-rematch.md"
0x003c9d90,lib_crt_chkstk_stack_probe_touching_pages_for_eax_byte_frame,INFERRED,"probes every 0x1000 bytes below esp with test [ecx],eax then moves esp, standard stack probe shape; docs/t1261-naming-region-3a9000-3e0000.md; T1641 reclassified library (strong), renamed from game_crt_chkstk_stack_probe_touching_pages_for_eax_byte_frame; docs/t1641-libsig-rematch.md"
0x003c9dde,lib_crt_cintrindisp2_thunk_with_error_table_54d810,INFERRED,"mov edx,54d810 then jmp __cintrindisp2, callers game lighting and particle code; docs/t1261-naming-region-3a9000-3e0000.md; T1641 reclassified library (strong), renamed from game_crt_cintrindisp2_thunk_with_error_table_54d810; docs/t1641-libsig-rematch.md"
0x003c9de8,lib_crt_x87_fprem_loop_until_complete_and_pop_divisor,INFERRED,"body is fxch st1, fprem loop on fnstsw C2 (jp retry), fstp st1, ret: the fmod reduction core, table 0x54d820 slot 0; docs/t1472-function-addition-names.md ; census 2026-10-07: only in menu-extra-credits (8362 calls in 115 presents, MEASURED, indirect calls only); T1641 reclassified library (run), renamed from game_crt_x87_fprem_loop_until_complete_and_pop_divisor; docs/t1641-libsig-rematch.md"
0x003c9df8,lib_crt_asin_entry_check_exponent_word_then_core,INFERRED,"x87_exponent_word then 0x3c9e15; callers game_matrix4x4_to_euler_angles, game_math_direction_vec3_to_angles, the camera follow update and 0x391fa0; T1504 queue, Jev subsystem hint only; T1641 reclassified library (strong), renamed from game_crt_asin_entry_check_exponent_word_then_core; docs/t1641-libsig-rematch.md"
0x003c9e15,lib_crt_asin_core_x87_with_range_check_and_math_error_handler,INFERRED,"strings asin, x87_control_word_for, __startOneArgErrorHandling and constants 0x54dd3c and 0x54dd46; caller 0x3c9df8; T1504 queue, Jev subsystem hint only; T1641 reclassified library (run), renamed from game_crt_asin_core_x87_with_range_check_and_math_error_handler; docs/t1641-libsig-rematch.md"
0x003c9f04,lib_crt_free_block_via_HeapFree_on_process_heap_when_pointer_non_null,INFERRED,"tests the pointer, calls 382097 (process heap getter) and the HeapFree import; docs/t1261-naming-region-3a9000-3e0000.md; T1641 reclassified library (run), renamed from game_crt_free_block_via_HeapFree_on_process_heap_when_pointer_non_null; docs/t1641-libsig-rematch.md"
0x003ca586,lib_crt_local_unwind_from_registration_fields_0x18_and_0x1c,INFERRED,"loads ebp from the record and calls __local_unwind2 with fields +0x18 and +0x1c, ret 4; T1504 queue, Jev subsystem hint only; T1641 reclassified library (strong), renamed from game_crt_local_unwind_from_registration_fields_0x18_and_0x1c; docs/t1641-libsig-rematch.md"
0x003caab4,lib_crt_seh_prolog_link_exception_registration_from_eax_in_fs0,INFERRED,"push -1, push eax, links esp into fs:[0], loads ebp frame, 57+ callers (library prologs); docs/t1261-naming-region-3a9000-3e0000.md; T1641 reclassified library (strong), renamed from game_crt_seh_prolog_link_exception_registration_from_eax_in_fs0; docs/t1641-libsig-rematch.md"
0x003caad3,lib_crt_exception_object_destruct_free_message_buffer_field_4_and_set_vtable_4b6ff4,INFERRED,"stores vtable 4b6ff4 and frees the pointer at +4 through 3c9f04 when set, caller scalar deleting destructor 3caae8; docs/t1261-naming-region-3a9000-3e0000.md; T1641 reclassified library (run), renamed from game_crt_exception_object_destruct_free_message_buffer_field_4_and_set_vtable_4b6ff4; docs/t1641-libsig-rematch.md"
0x003caae8,lib_crt_exception_object_scalar_deleting_destructor_vtable_4b6ff4_slot_0,INFERRED,"calls 3caad3 then delete through 3c837d when flag bit 0; docs/t1261-naming-region-3a9000-3e0000.md; T1641 reclassified library (strong), renamed from game_crt_exception_object_scalar_deleting_destructor_vtable_4b6ff4_slot_0; docs/t1641-libsig-rematch.md"
0x003cae12,lib_crt_initstdio_allocate_stream_pointer_table,INFERRED,"slot 2 of the CRT C-initializer run 0x4b8550; stream count global 0x7eb850 defaults to 0x200 (minimum 0x14), callocs that many dwords into 0x7eb84c, fills it with stride 0x20 pointers over the stdio table 0x54d880 to 0x54db00 and sets the handle flag dword to -1 where the lowio handle is invalid, the MSVC __initstdio shape; docs/t1472-function-addition-names.md; T1641 reclassified library (strong), renamed from game_crt_initstdio_allocate_stream_pointer_table; docs/t1641-libsig-rematch.md"
0x003caecc,lib_lcg_next,MEASURED,"src/game/game_lcg_rand.c replacement proven by tools.replace prove (generated/replace/proof.json); T1641 reclassified library (strong), renamed from game_lcg_next; docs/t1641-libsig-rematch.md"
0x003caeef,lib_crt_realloc_with_heap_mode_3_path_and_new_handler_retry,INFERRED,"null pointer falls back to _malloc, zero size to the free helper 0x3c9f04, mode 3 rounds to 16 bytes and calls _RtlReAllocateHeap@16, otherwise __callnewh retry loop; caller 0x3c8a84; T1504 queue, Jev subsystem hint only; T1641 reclassified library (strong), renamed from game_crt_realloc_with_heap_mode_3_path_and_new_handler_retry; docs/t1641-libsig-rematch.md"
0x003cafd0,lib_crt_close_nolock_via_CloseHandle_then_free_osfhnd_with_dosmaperr,INFERRED,"CloseHandle import, 3cfbde, __get_osfhandle and __dosmaperr, caller _fclose 3c8382; docs/t1261-naming-region-3a9000-3e0000.md; T1641 reclassified library (strong), renamed from game_crt_close_nolock_via_CloseHandle_then_free_osfhnd_with_dosmaperr; docs/t1641-libsig-rematch.md"
0x003cb1ba,lib_crt_doexit_run_registered_atexit_table_and_terminator_tables_4b8564_and_4b8570,INFERRED,"sets flags 0x7729c8 and 0x7729c4, walks the atexit pointer array 0x7eb848 to 0x7eb844 and the two function pointer tables 0x4b8564 to 0x4b856c and 0x4b8570 to 0x4b8578, then ExitProcess import 0x4759d0; T1504 queue, Jev subsystem hint only; T1641 reclassified library (strong), renamed from game_crt_doexit_run_registered_atexit_table_and_terminator_tables_4b8564_and_4b8570; docs/t1641-libsig-rematch.md"
0x003cb252,lib_crt_exit_wrapper_call_doexit_with_arg_1,INFERRED,"pushes 1, ebx zero and calls 0x3cb1ba; T1504 queue, Jev subsystem hint only; T1641 reclassified library (run), renamed from game_crt_exit_wrapper_call_doexit_with_arg_1; docs/t1641-libsig-rematch.md"
0x003cb375,lib_crt_write_nolock_via_WriteFile_with_dosmaperr_and_append_seek,INFERRED,"WriteFile import, 3cfd1e seek helper and __dosmaperr, callers __flush 3cb0ac __flsbuf 3cb25f __flswbuf 3d1113; docs/t1261-naming-region-3a9000-3e0000.md; T1641 reclassified library (strong), renamed from game_crt_write_nolock_via_WriteFile_with_dosmaperr_and_append_seek; docs/t1641-libsig-rematch.md"
0x003cbe42,lib_crt_cftog_exponent_formatting_with_e_plus_000_string,INFERRED,"__fptostr and __shift based exponent digit formatting with the string e+000; callers __cftog and __cfltcvt; T1504 queue, Jev subsystem hint only; T1641 reclassified library (strong), renamed from game_crt_cftog_exponent_formatting_with_e_plus_000_string; docs/t1641-libsig-rematch.md"
0x003cbf2e,lib_crt_cfltcvt_digit_string_via_shift_and_fptostr_and_3d029c,INFERRED,"callees __shift __fptostr and 3d029c, callers __cftog 3cc00d and __cfltcvt 3cc0b7; docs/t1261-naming-region-3a9000-3e0000.md; T1641 reclassified library (strong), renamed from game_crt_cfltcvt_digit_string_via_shift_and_fptostr_and_3d029c; docs/t1641-libsig-rematch.md"
0x003cc96b,lib_crt_msize_via_HeapSize_on_process_heap_wrapper,INFERRED,"pushes pointer, 0 and the process heap then calls the HeapSize style import thunk 382cd6, caller atexit table grow 3c8a84; docs/t1261-naming-region-3a9000-3e0000.md; T1641 reclassified library (run), renamed from game_crt_msize_via_HeapSize_on_process_heap_wrapper; docs/t1641-libsig-rematch.md"
0x003cc97d,lib_crt_call_installed_handler_7729e8_under_seh_else_raise_0xc0000144,INFERRED,"__SEH_prolog, calls the pointer at 0x7729e8 when set, otherwise pushes exception code 0xc0000144; target of the CRT SEH except funclets; T1504 queue, Jev subsystem hint only; T1641 reclassified library (strong), renamed from game_crt_call_installed_handler_7729e8_under_seh_else_raise_0xc0000144; docs/t1641-libsig-rematch.md"
0x003ccd7e,lib_crt_math_error_tail_pop_two_x87_regs_load_constant_54dd3c_and_set_local_flag,INFERRED,"fstp st0 twice, fld xword 0x54dd3c, sets byte ebp-0x90 to 1 when not positive; no direct caller (code fragment of the CRT math routines); T1504 queue, Jev subsystem hint only; T1641 reclassified library (run), renamed from game_crt_math_error_tail_pop_two_x87_regs_load_constant_54dd3c_and_set_local_flag; docs/t1641-libsig-rematch.md"
0x003ccdf8,lib_crt_x87_exp2_via_frndint_f2xm1_and_fscale_for_pow,INFERRED,"frndint, fsubr, f2xm1, fld1, faddp, fscale, caller pow core 3c8c88; docs/t1261-naming-region-3a9000-3e0000.md; T1641 reclassified library (strong), renamed from game_crt_x87_exp2_via_frndint_f2xm1_and_fscale_for_pow; docs/t1641-libsig-rematch.md"
0x003cce0d,lib_x87_control_word_for,MEASURED,"src/game/x87_helpers.c replacement proven by tools.replace prove (generated/replace/proof.json); T1641 reclassified library (strong), renamed from x87_control_word_for; docs/t1641-libsig-rematch.md"
0x003cce24,lib_x87_add_constant,INFERRED,"src/game/x87_helpers.c registered replacement, no passing proof receipt; T1641 reclassified library (strong), renamed from x87_add_constant; docs/t1641-libsig-rematch.md"
0x003cce80,lib_x87_exponent_word,MEASURED,"src/game/x87_helpers.c replacement proven by tools.replace prove (generated/replace/proof.json); T1641 reclassified library (strong), renamed from x87_exponent_word; docs/t1641-libsig-rematch.md"
0x003cce96,lib_crt_x87_restore_control_word_from_stack_unless_0x27f,INFERRED,"compares the stack word with 0x27f then fldcw, pushed by pow acos and asin cores; docs/t1261-naming-region-3a9000-3e0000.md; T1641 reclassified library (run), renamed from game_crt_x87_restore_control_word_from_stack_unless_0x27f; docs/t1641-libsig-rematch.md"
0x003ccee1,lib_crt_math_one_arg_error_handler_by_error_type_with_value_tables,INFERRED,"calls __startOneArgErrorHandling and 0x3ccda4 with value tables 0x4b7178 to 0x4b71a0; caller 0x3c8c88; T1504 queue, Jev subsystem hint only; T1641 reclassified library (strong), renamed from game_crt_math_one_arg_error_handler_by_error_type_with_value_tables; docs/t1641-libsig-rematch.md"
0x003cd2bf,lib_crt_decrement_counter_7729f4_when_positive,INFERRED,"body cmp [0x7729f4], jle, dec, ret; T1504 queue, Jev subsystem hint only; T1641 reclassified library (run), renamed from game_crt_decrement_counter_7729f4_when_positive; docs/t1641-libsig-rematch.md"
0x003cd303,lib_crt_seh_filter_return_second_stack_byte_arg_nonzero,INFERRED,"table 0x4b71c4 slot 0 filter funclet; returns (byte [ebp+0xc] != 0). CRT scope-table filter, INFERRED; docs/t1472-function-addition-names.md; T1641 reclassified library (run), renamed from game_crt_seh_filter_return_second_stack_byte_arg_nonzero; docs/t1641-libsig-rematch.md"
0x003cd30c,lib_crt_seh_except_funclet_restore_esp_jump_to_3cc97d_scope_4b71c4,INFERRED,"table 0x4b71c4 slot 1; mov esp,[ebp-0x18] then jmp 0x3cc97d (CRT function with SEH prolog 0x4b7148 using handler pointer 0x7729e8). CRT, INFERRED; docs/t1472-function-addition-names.md; T1641 reclassified library (run), renamed from game_crt_seh_except_funclet_restore_esp_jump_to_3cc97d_scope_4b71c4; docs/t1641-libsig-rematch.md"
0x003cd46b,lib_crt_cxx_eh_catch_epilogue_unlink_frame_restore_globals_and_destruct_exception_object,INFERRED,"calls _FindAndUnlinkFrame, restores 0x7729ec and 0x7729f0, checks exception code 0xe06d7363 with magic 0x19930520 and calls ___DestructExceptionObject; T1504 queue, Jev subsystem hint only; T1641 reclassified library (run), renamed from game_crt_cxx_eh_catch_epilogue_unlink_frame_restore_globals_and_destruct_exception_object; docs/t1641-libsig-rematch.md"
0x003cd639,lib_crt_seh_filter_return_execute_handler_1,INFERRED,"table 0x4b71ec slot 0; returns constant 1 (EXCEPTION_EXECUTE_HANDLER). CRT scope-table filter; docs/t1472-function-addition-names.md; T1641 reclassified library (run), renamed from game_crt_seh_filter_return_execute_handler_1; docs/t1641-libsig-rematch.md"
0x003cd63d,lib_crt_seh_except_funclet_restore_esp_jump_to_3cc97d_scope_4b71ec,INFERRED,"table 0x4b71ec slot 1; mov esp,[ebp-0x18] then jmp 0x3cc97d, same shape as 0x3cd30c with a different scope table. CRT, INFERRED; docs/t1472-function-addition-names.md; T1641 reclassified library (run), renamed from game_crt_seh_except_funclet_restore_esp_jump_to_3cc97d_scope_4b71ec; docs/t1641-libsig-rematch.md"
0x003cd768,lib_crt_cxx_eh_find_handler_for_try_blocks_match_type_and_catch_it,INFERRED,"calls _GetRangeOfTrysToCheck, TypeMatch, CatchIt and _inconsistency with IsBadReadPtr guard 0x3d0434, globals 0x7729ec and 0x7729f0; caller ___InternalCxxFrameHandler (statically linked MSVC C++ EH, classified game by tools.coverage); T1504 queue, Jev subsystem hint only; T1641 reclassified library (strong), renamed from game_crt_cxx_eh_find_handler_for_try_blocks_match_type_and_catch_it; docs/t1641-libsig-rematch.md"
0x003ce6c5,lib_crt_string_to_double_via_strgtold12_and_ld12tod,INFERRED,"calls ___strgtold12 and __ld12tod, caller atof 3c9c6f; docs/t1261-naming-region-3a9000-3e0000.md; T1641 reclassified library (strong), renamed from game_crt_string_to_double_via_strgtold12_and_ld12tod; docs/t1641-libsig-rematch.md"
0x003cf354,lib_crt_set_cxx_unhandled_exception_filter_init,INFERRED,"slot 3 of the CRT C-initializer run 0x4b8550; calls SetUnhandledExceptionFilter with the __CxxUnhandledExceptionFilter entry, stores the previous filter in global 0x772a4c and returns 0; docs/t1472-function-addition-names.md; T1641 reclassified library (run), renamed from game_crt_set_cxx_unhandled_exception_filter_init; docs/t1641-libsig-rematch.md"
0x003cf366,lib_crt_set_unhandled_exception_filter_with_saved_filter_global_772a4c,INFERRED,"pushes the global and calls the SetUnhandledExceptionFilter import; docs/t1261-naming-region-3a9000-3e0000.md; T1641 reclassified library (run), renamed from game_crt_set_unhandled_exception_filter_with_saved_filter_global_772a4c; docs/t1641-libsig-rematch.md"
0x003cf544,lib_crt_lseek_nolock_via_SetFilePointer_with_dosmaperr_on_failure,INFERRED,"SetFilePointer import, __get_osfhandle and __dosmaperr, callers _flsbuf 3cb25f _flswbuf 3d1113 and read 3cf7b2; docs/t1261-naming-region-3a9000-3e0000.md; T1641 reclassified library (strong), renamed from game_crt_lseek_nolock_via_SetFilePointer_with_dosmaperr_on_failure; docs/t1641-libsig-rematch.md"
0x003cf5ce,lib_crt_ioinit_allocate_32_entry_8_byte_osfile_table_and_init_stdio_handle_flags,INFERRED,"malloc 0x100, stores table pointer at 7eb740 and count 0x20 at 7eb73c, entries -1 with flags, standard handle flag 0xc1 for the first three; docs/t1261-naming-region-3a9000-3e0000.md; T1641 reclassified library (strong), renamed from game_crt_ioinit_allocate_32_entry_8_byte_osfile_table_and_init_stdio_handle_flags; docs/t1641-libsig-rematch.md"
0x003cf7b2,lib_crt_read_nolock_via_ReadFile_with_text_mode_translation_and_dosmaperr,INFERRED,"ReadFile import, calls lseek helper 3cf544, caller __filbuf 3cf6d4; docs/t1261-naming-region-3a9000-3e0000.md; T1641 reclassified library (strong), renamed from game_crt_read_nolock_via_ReadFile_with_text_mode_translation_and_dosmaperr; docs/t1641-libsig-rematch.md"
0x003cfbde,lib_crt_free_osfhnd_mark_handle_slot_minus_1_or_set_errno_ebadf_9,INFERRED,"checks the handle index against 7eb73c, clears the slot to -1 when the open flag is set, else errno 9, caller close 3cafd0; docs/t1261-naming-region-3a9000-3e0000.md; T1641 reclassified library (strong), renamed from game_crt_free_osfhnd_mark_handle_slot_minus_1_or_set_errno_ebadf_9; docs/t1641-libsig-rematch.md"
0x003cfc5e,lib_crt_commit_file_via_FlushFileBuffers_with_get_osfhandle,INFERRED,"FlushFileBuffers import, caller _fflush 3cb109; docs/t1261-naming-region-3a9000-3e0000.md; T1641 reclassified library (strong), renamed from game_crt_commit_file_via_FlushFileBuffers_with_get_osfhandle; docs/t1641-libsig-rematch.md"
0x003cfd1e,lib_crt_lseek_to_end_via_SetFilePointer_for_append_in_write_nolock,INFERRED,"SetFilePointer import, __get_osfhandle and __dosmaperr, caller 3cb375; docs/t1261-naming-region-3a9000-3e0000.md; T1641 reclassified library (strong), renamed from game_crt_lseek_to_end_via_SetFilePointer_for_append_in_write_nolock; docs/t1641-libsig-rematch.md"
0x003cfdbb,lib_crt_wctomb_single_byte_returns_1_or_minus_1_with_errno_0x2a_when_above_0xff,INFERRED,"stores the low byte of the wide char when at most 0xff else errno 0x2a, callers __output 3cb59d and 3d099b; docs/t1261-naming-region-3a9000-3e0000.md; T1641 reclassified library (strong), renamed from game_crt_wctomb_single_byte_returns_1_or_minus_1_with_errno_0x2a_when_above_0xff; docs/t1641-libsig-rematch.md"
0x003d099b,lib_crt_write_char_to_stream_via_flsbuf_or_flswbuf_with_wctomb_3cfdbb,INFERRED,"callees __flsbuf __flswbuf and 3cfdbb, caller _write_char 3ce9c9; docs/t1261-naming-region-3a9000-3e0000.md; T1641 reclassified library (strong), renamed from game_crt_write_char_to_stream_via_flsbuf_or_flswbuf_with_wctomb_3cfdbb; docs/t1641-libsig-rematch.md"
